index,record_id,batch,continent,zone,item_name,item_category,slot,equippable,inventory_only,magic,lore,no_drop,quest_item,weight,size,classes_classic,races_classic,stats_raw,damage,delay,weapon_skill,proc_click_focus,source_npc,source_npc_level,source_npc_class,source_npc_race_type,placeholder,placeholder_level_range,nearby_enemy_level_range,spawn_type,spawn_location,respawn_timer,time_condition,special_abilities,social_or_add_risk,faction_consequences,drop_frequency,drop_rate_reported,drop_notes,era_status,tlp_status,legends_status,best_for_classes,best_for_archetypes,general_value_notes,personal_build_notes,effect_transfer_value,target_priority_general,duplicate_item_group,inclusion_reason,source_scope,core_or_supplemental,data_confidence,source_primary,source_secondary,research_notes,approved,revision,stats_classic,stats_eql,classes_eql,races_eql,source_npc_level_classic,source_npc_level_eql,eql_verification_status,eql_audit_action,eql_npc_confirmed,eql_item_confirmed,eql_drop_source_confirmed,eql_stats_match,eql_classes_match,eql_races_match,eql_effect_match,eql_spawn_match,eql_era_status,eql_wiki_source,eql_official_source,eql_last_checked,eql_changes_summary,eql_verification_notes,official_override_status,official_source_checked,eql_wiki_listing_status,eql_wiki_verification_state,current_build_confirmed,evidence_grade,evidence_strength,conflict_status,classic_original_launch,classic_historical_era,last_directly_observed,primary_evidence_layer,per_field_provenance_notes,schema_version,record_type,record_status,source_record_id,canonical_record_id,parent_record_id,related_record_ids,display_default,searchable,record_notes,faction_risk_level,faction_hits_known,faction_gains_known,city_access_risk,merchant_access_risk,quest_access_risk,initial_disposition,protected_npc_type,faction_behavior_notes,creature_family,creature_subfamily,normalized_source_name,source_name_aliases,shared_loot_family,family_faction,family_hostility,family_zone_scope,source_variant_notes,zone_type,zone_subarea,zone_wing,zone_floor,camp_or_room,location_coordinates,location_description,navigation_notes,escape_or_exit_risk,environmental_hazards,encounter_name,encounter_type,encounter_tier,encounter_group_size,encounter_raid_size,encounter_difficulty,encounter_trigger,encounter_scripted,encounter_phases,encounter_adds,encounter_failure_condition,encounter_reset_behavior,encounter_notes,placeholder_npc,placeholder_cycle,spawn_probability,spawn_count,spawn_window,respawn_variance,despawn_condition,spawn_dependencies,spawn_guaranteed,spawn_mechanics_notes,instance_status,instance_type,instance_name,instance_entry_method,instance_reuse_timer,loot_lockout_type,loot_lockout_duration,lockout_scope,lockout_applies_per_npc,lockout_applies_per_instance,lockout_bypass_conditions,instance_notes,loot_delivery_method,loot_container_name,loot_table_name,loot_table_tier,loot_pool_type,loot_roll_type,loot_quantity_min,loot_quantity_max,loot_slots_reported,loot_selection_behavior,shared_loot_notes,currency_drop,loot_delivery_notes,drop_rate_type,drop_rate_numerator,drop_rate_denominator,drop_rate_sample_size,drop_rate_pool_probability,drop_rate_item_probability,drop_rate_source,drop_rate_confidence,drop_rate_conditions,access_requirement,access_key_item,access_key_consumed,access_quest,minimum_recommended_level,minimum_group_size,minimum_raid_size,class_role_requirements,door_or_lock_requirement,levitation_required,underwater_required,resist_requirements,corpse_recovery_difficulty,bind_or_reentry_notes,access_notes,encounter_hp,encounter_ac,damage_per_hit_min,damage_per_hit_max,attacks_per_round,aoe_effects,single_target_effects,debuffs,summons_players,enrages,rampage,flurry,banishes,mem_blur,charm,fear,death_touch,resist_profile,immunity_profile,combat_mechanics_notes,raid_target,raid_classification,raid_progression_role,raid_prerequisite,contested_status,racing_or_engagement_rules,racing_line,open_world_competition,recommended_composition,raid_notes,quest_name,quest_step,quest_role,epic_class,progression_category,required_for_access,required_for_spawn,required_for_turn_in,reward_type,quest_dependency_notes,content_availability,availability_context,availability_start,availability_end,availability_condition,beta_availability_status,launch_availability_status,instance_availability_status,compatibility_action,compatibility_reason,custom_tags,alternate_names,content_group_id,data_extension_json
1,B23-UGUK-001,23,Antonica,Upper Guk,Collar of Undead Protection,Jewelry,NECK,Yes,No,Yes,,,,0.2,TINY,ALL,ALL,AC 5; SV DISEASE +7; SV POISON +7,,,,,a froglok gaz squire,17,Warrior,Froglok,a froglok gaz knight,,,,Gaz Squire ramp room,,,,,,,,,Classic / historical,,Current EQL Wiki-listed,,,,,,,,"Notable exact-source equipment, utility, quest, or progression relationship.",Zone-specific,Core,High,https://eqlwiki.com/Upper_Guk,https://wiki.project1999.com/Upper_Guk,,Yes,1,AC 5; SV DISEASE +7; SV POISON +7,AC 5; SV DISEASE +7; SV POISON +7,ALL,ALL,17,17,Current EQL Wiki-listed; direct-build confirmation incomplete,Add,Wiki,Wiki,Wiki,No identified change,No identified change,No identified change,No identified change,Unresolved / conflicted,Classic-retained,https://eqlwiki.com/Upper_Guk,,2026-07-28,,,,Yes,Listed,Current Wiki evidence,No,B,Current EQL Wiki item/source page with Project 1999 historical comparison.,None identified,Yes,Classic,,Current EQL Wiki,Current fields from EQL Wiki zone/item/NPC pages; classic fields from Project 1999/classic baseline.,EQL-LOOT-1.0,loot,Active,,B23-UGUK-001,,,Yes,Yes,,,Frogloks of Guk -30,,,,,Hostile,,,Froglok,,a froglok gaz squire,,,Frogloks of Guk,Hostile,Upper Guk,,Open-world indoor dungeon,Gaz wing,,,Gaz Squire ramp room,,,,,,a froglok gaz squire,Named / notable source,,,,,,,,,,,,a froglok gaz knight,,,,,,,,,,Open World,Open World,,,,,,,,,,,NPC Corpse,,,,,,,,,,,,,,,,,,,,,,,,,,,,,,,,,,,,,,,,,,,,,,,,,,,,,,,,,No,,,,,,,,,,,,,,,,,,,,Available,Current EQL zone; no comprehensive revamp officially established,,,,Confirmed,Unconfirmed,,,,,,B23-UGUK,
2,B23-UGUK-002,23,Antonica,Upper Guk,Runed Bone Fork,Weapon,RANGE PRIMARY SECONDARY,Yes,No,No,Yes,,,4.5,MEDIUM,WAR RNG SHD BRD ROG,ALL,BACKSTAB +5; SV FIRE +10; SV COLD +10; SV MAGIC +10,5,29,Piercing,,a froglok gaz squire,17,Warrior,Froglok,a froglok gaz knight,,,,Gaz Squire ramp room,,,,,,,,,Classic / historical,,Current EQL Wiki-listed,,,Weapon ratio 0.172,,,,,"Notable exact-source equipment, utility, quest, or progression relationship.",Zone-specific,Core,High,https://eqlwiki.com/Upper_Guk,https://wiki.project1999.com/Upper_Guk,,Yes,1,SV FIRE +10; SV COLD +10; SV MAGIC +10,BACKSTAB +5; SV FIRE +10; SV COLD +10; SV MAGIC +10,WAR RNG SHD BRD ROG,ALL,17,17,Current EQL Wiki-listed; direct-build confirmation incomplete,Add,Wiki,Wiki,Wiki,Changed or newly surfaced,No identified change,No identified change,No identified change,Unresolved / conflicted,Classic-retained with EQL changes,https://eqlwiki.com/Upper_Guk,,2026-07-28,Current EQL presentation includes Backstab +5.,,,Yes,Listed,Current Wiki evidence,No,B,Current EQL Wiki item/source page with Project 1999 historical comparison.,None identified,Yes,Classic,,Current EQL Wiki,Current fields from EQL Wiki zone/item/NPC pages; classic fields from Project 1999/classic baseline.,EQL-LOOT-1.0,loot,Active,,B23-UGUK-002,,,Yes,Yes,,,Frogloks of Guk -30,,,,,Hostile,,,Froglok,,a froglok gaz squire,,,Frogloks of Guk,Hostile,Upper Guk,,Open-world indoor dungeon,Gaz wing,,,Gaz Squire ramp room,,,,,,a froglok gaz squire,Named / notable source,,,,,,,,,,,,a froglok gaz knight,,,,,,,,,,Open World,Open World,,,,,,,,,,,NPC Corpse,,,,,,,,,,,,,,,,,,,,,,,,,,,,,,,,,,,,,,,,,,,,,,,,,,,,,,,,,No,,,,,,,,,,,,,,,,,,,,Available,Current EQL zone; no comprehensive revamp officially established,,,,Confirmed,Unconfirmed,,,,,,B23-UGUK,
3,B23-UGUK-003,23,Antonica,Upper Guk,Moss Mask,Armor / Charged Utility,FACE,Yes,No,Yes,,,,0.2,TINY,ALL,ALL,AC 2,,,,Click: Enduring Breath (10 charges),a froglok idealist,20,Shaman,Froglok,,,,,Idealist / Tonta Knight room,,,,,,,,,Classic / historical,,Current EQL Wiki-listed,,,,,,,,"Notable exact-source equipment, utility, quest, or progression relationship.",Zone-specific,Core,High,https://eqlwiki.com/Upper_Guk,https://wiki.project1999.com/Upper_Guk,,Yes,1,AC 2,AC 2,ALL,ALL,20,20,Current EQL Wiki-listed; direct-build confirmation incomplete,Add,Wiki,Wiki,Wiki,No identified change,No identified change,No identified change,No identified change,,Classic-retained,https://eqlwiki.com/Upper_Guk,,2026-07-28,,,,Yes,Listed,Current Wiki evidence,No,B,Current EQL Wiki item/source page with Project 1999 historical comparison.,None identified,Yes,Classic,,Current EQL Wiki,Current fields from EQL Wiki zone/item/NPC pages; classic fields from Project 1999/classic baseline.,EQL-LOOT-1.0,loot,Active,,B23-UGUK-003,,,Yes,Yes,,,Frogloks of Guk -30,,,,,Hostile,,,Froglok,,a froglok idealist,,,Frogloks of Guk,Hostile,Upper Guk,,Open-world indoor dungeon,Temple branch,,,Idealist / Tonta Knight room,,,,,,a froglok idealist,Named / notable source,,,,,,,,,,,,,,,,,,,,,,Open World,Open World,,,,,,,,,,,NPC Corpse,,,,,,,,,,,,,,,,,,,,,,,,,,,,,,,,,,,,,,,,,,,,,,,,,,,,,,,,,No,,,,,,,,,,,,,,,,,,,,Available,Current EQL zone; no comprehensive revamp officially established,,,,Confirmed,Unconfirmed,,,,,,B23-UGUK,
4,B23-UGUK-004,23,Antonica,Upper Guk,Reed Ring,Jewelry,FINGER,Yes,No,Yes,,,,0.1,TINY,ALL,ALL,DEX +2; HP +10,,,,,a froglok realist,22,Shaman,Froglok,,,,,Realist room,,,,,,,,,Classic / historical,,Current EQL Wiki-listed,,,,,,,,"Notable exact-source equipment, utility, quest, or progression relationship.",Zone-specific,Core,High,https://eqlwiki.com/Upper_Guk,https://wiki.project1999.com/Upper_Guk,,Yes,1,DEX +2; HP +10,DEX +2; HP +10,ALL,ALL,22,22,Current EQL Wiki-listed; direct-build confirmation incomplete,Add,Wiki,Wiki,Wiki,No identified change,No identified change,No identified change,No identified change,,Classic-retained,https://eqlwiki.com/Upper_Guk,,2026-07-28,,,,Yes,Listed,Current Wiki evidence,No,B,Current EQL Wiki item/source page with Project 1999 historical comparison.,None identified,Yes,Classic,,Current EQL Wiki,Current fields from EQL Wiki zone/item/NPC pages; classic fields from Project 1999/classic baseline.,EQL-LOOT-1.0,loot,Active,,B23-UGUK-004,,,Yes,Yes,,,Frogloks of Guk -30,,,,,Hostile,,,Froglok,,a froglok realist,,,Frogloks of Guk,Hostile,Upper Guk,,Open-world indoor dungeon,Temple branch,,,Realist room,,,,,,a froglok realist,Named / notable source,,,,,,,,,,,,,,,,,,,,,,Open World,Open World,,,,,,,,,,,NPC Corpse,,,,,,,,,,,,,,,,,,,,,,,,,,,,,,,,,,,,,,,,,,,,,,,,,,,,,,,,,No,,,,,,,,,,,,,,,,,,,,Available,Current EQL zone; no comprehensive revamp officially established,,,,Confirmed,Unconfirmed,,,,,,B23-UGUK,
5,B23-UGUK-005,23,Antonica,Upper Guk,Soiled Boots,Armor / Quest Item,FEET,Yes,No,,Yes,Yes,Yes,1.0,SMALL,MAG,HUM ERU HIE DEF GNM,AC 4,,,,,a froglok tonta knight,28,Knight,Froglok,,,,,Idealist / Tonta Knight room,,,,,,,,,Classic / historical,,Current EQL Wiki-listed,,,,,,,,"Notable exact-source equipment, utility, quest, or progression relationship.",Zone-specific,Core,High,https://eqlwiki.com/Upper_Guk,https://wiki.project1999.com/Upper_Guk,,Yes,1,AC 4,AC 4,MAG,ALL,28,28,Current EQL Wiki-listed; direct-build confirmation incomplete,Add,Wiki,Wiki,Wiki,Changed or newly surfaced,No identified change,Changed,No identified change,,Classic-retained with EQL changes,https://eqlwiki.com/Upper_Guk,,2026-07-28,Race eligibility expanded to ALL.,,,Yes,Listed,Current Wiki evidence,No,B,Current EQL Wiki item/source page with Project 1999 historical comparison.,None identified,Yes,Classic,,Current EQL Wiki,Current fields from EQL Wiki zone/item/NPC pages; classic fields from Project 1999/classic baseline.,EQL-LOOT-1.0,loot,Active,,B23-UGUK-005,,,Yes,Yes,,,Frogloks of Guk -30,,,,,Hostile,,,Froglok,,a froglok tonta knight,,,Frogloks of Guk,Hostile,Upper Guk,,Open-world indoor dungeon,Temple branch,,,Idealist / Tonta Knight room,,,,,,a froglok tonta knight,Named / notable source,,,,,,,,,,,,,,,,,,,,,,Open World,Open World,,,,,,,,,,,NPC Corpse,,,,,,,,,,,,,,,,,,,,,,,,,,,,,,,,,,,,,,,,,,,,,,,,,,,,,,,,,No,,,,,,,,,,Earthen Boots,,Quest component,,,,,,,,Available,Current EQL zone; no comprehensive revamp officially established,,,,Confirmed,Unconfirmed,,,,,,B23-UGUK,
6,B23-UGUK-006,23,Antonica,Upper Guk,A Shimmering Orb,Caster Item,SECONDARY,Yes,No,Yes,Yes,,,0.2,TINY,BRD NEC WIZ MAG ENC,ALL,AC 15; HP +20,,,,Focus: Summoning Haste I,a froglok scryer,21,Enchanter,Froglok,,,,,Scryer temple,,,,,,,,,Classic / historical,,Current EQL Wiki-listed,,,,,,,,"Notable exact-source equipment, utility, quest, or progression relationship.",Zone-specific,Core,High,https://eqlwiki.com/Upper_Guk,https://wiki.project1999.com/Upper_Guk,,Yes,1,AC 15; HP +20,AC 15; HP +20,BRD NEC WIZ MAG ENC,ALL,21,21,Current EQL Wiki-listed; direct-build confirmation incomplete,Add,Wiki,Wiki,Wiki,Changed or newly surfaced,No identified change,No identified change,Changed,,Classic-retained with EQL changes,https://eqlwiki.com/Upper_Guk,,2026-07-28,EQL focus addition: Summoning Haste I.,,,Yes,Listed,Current Wiki evidence,No,B,Current EQL Wiki item/source page with Project 1999 historical comparison.,None identified,Yes,Classic,,Current EQL Wiki,Current fields from EQL Wiki zone/item/NPC pages; classic fields from Project 1999/classic baseline.,EQL-LOOT-1.0,loot,Active,,B23-UGUK-006,,,Yes,Yes,,,Frogloks of Guk -30,,,,,Hostile,,,Froglok,,a froglok scryer,,,Frogloks of Guk,Hostile,Upper Guk,,Open-world indoor dungeon,Temple branch,,,Scryer temple,,,,,,a froglok scryer,Named / notable source,,,,,,,,,,,,,,,,,,,,,,Open World,Open World,,,,,,,,,,,NPC Corpse,,,,,,,,,,,,,,,,,,,,,,,,,,,,,,,,,,,,,,,,,,,,,,,,,,,,,,,,,No,,,,,,,,,,,,,,,,,,,,Available,Current EQL zone; no comprehensive revamp officially established,,,,Confirmed,Unconfirmed,,,,,,B23-UGUK,
7,B23-UGUK-007,23,Antonica,Upper Guk,Glowing Mask,Armor,FACE,Yes,No,,Yes,Yes,,0.2,TINY,ENC,HUM ERU HIE DEF GNM,AC 2,,,,,a froglok scryer,21,Enchanter,Froglok,,,,,Scryer temple,,,,,,,,,Classic / historical,,Current EQL Wiki-listed,,,,,,,,"Notable exact-source equipment, utility, quest, or progression relationship.",Zone-specific,Core,High,https://eqlwiki.com/Upper_Guk,https://wiki.project1999.com/Upper_Guk,,Yes,1,AC 2,AC 2,ENC,ALL,21,21,Current EQL Wiki-listed; direct-build confirmation incomplete,Add,Wiki,Wiki,Wiki,Changed or newly surfaced,No identified change,Changed,No identified change,,Classic-retained with EQL changes,https://eqlwiki.com/Upper_Guk,,2026-07-28,Race eligibility expanded to ALL.,,,Yes,Listed,Current Wiki evidence,No,B,Current EQL Wiki item/source page with Project 1999 historical comparison.,None identified,Yes,Classic,,Current EQL Wiki,Current fields from EQL Wiki zone/item/NPC pages; classic fields from Project 1999/classic baseline.,EQL-LOOT-1.0,loot,Active,,B23-UGUK-007,,,Yes,Yes,,,Frogloks of Guk -30,,,,,Hostile,,,Froglok,,a froglok scryer,,,Frogloks of Guk,Hostile,Upper Guk,,Open-world indoor dungeon,Temple branch,,,Scryer temple,,,,,,a froglok scryer,Named / notable source,,,,,,,,,,,,,,,,,,,,,,Open World,Open World,,,,,,,,,,,NPC Corpse,,,,,,,,,,,,,,,,,,,,,,,,,,,,,,,,,,,,,,,,,,,,,,,,,,,,,,,,,No,,,,,,,,,,,,,,,,,,,,Available,Current EQL zone; no comprehensive revamp officially established,,,,Confirmed,Unconfirmed,,,,,,B23-UGUK,
8,B23-UGUK-008,23,Antonica,Upper Guk,Bracelet of Woven Grass,Armor,WRIST,Yes,No,Yes,,,,0.2,TINY,ALL,ALL,AC 1; INT +3; HP +12,,,,Focus: Spell Haste I,a froglok scryer,21,Enchanter,Froglok,,,,,Scryer temple,,,,,,,,,Classic / historical,,Current EQL Wiki-listed,,,,,,,,"Notable exact-source equipment, utility, quest, or progression relationship.",Zone-specific,Core,High,https://eqlwiki.com/Upper_Guk,https://wiki.project1999.com/Upper_Guk,,Yes,1,AC 1; INT +3; HP +12,AC 1; INT +3; HP +12,ALL,ALL,21,21,Current EQL Wiki-listed; direct-build confirmation incomplete,Add,Wiki,Wiki,Wiki,Changed or newly surfaced,No identified change,No identified change,Changed,,Classic-retained with EQL changes,https://eqlwiki.com/Upper_Guk,,2026-07-28,EQL focus addition: Spell Haste I.,,,Yes,Listed,Current Wiki evidence,No,B,Current EQL Wiki item/source page with Project 1999 historical comparison.,None identified,Yes,Classic,,Current EQL Wiki,Current fields from EQL Wiki zone/item/NPC pages; classic fields from Project 1999/classic baseline.,EQL-LOOT-1.0,loot,Active,,B23-UGUK-008,,,Yes,Yes,,,Frogloks of Guk -30,,,,,Hostile,,,Froglok,,a froglok scryer,,,Frogloks of Guk,Hostile,Upper Guk,,Open-world indoor dungeon,Temple branch,,,Scryer temple,,,,,,a froglok scryer,Named / notable source,,,,,,,,,,,,,,,,,,,,,,Open World,Open World,,,,,,,,,,,NPC Corpse,,,,,,,,,,,,,,,,,,,,,,,,,,,,,,,,,,,,,,,,,,,,,,,,,,,,,,,,,No,,,,,,,,,,,,,,,,,,,,Available,Current EQL zone; no comprehensive revamp officially established,,,,Confirmed,Unconfirmed,,,,,,B23-UGUK,
9,B23-UGUK-009,23,Antonica,Upper Guk,Elf-Hide Gloves,Armor,HANDS,Yes,No,Yes,,,,1.0,SMALL,BRD ROG,ALL,AC 4; DEX +5; AGI +5,,,,,the froglok warden,25,Rogue,Froglok,,,,,Warden room,16:30 individual-page listed; conflicts with 8:00 zone timer,,,,,,,,Classic / historical,,Current EQL Wiki-listed,,,,,,,,"Notable exact-source equipment, utility, quest, or progression relationship.",Zone-specific,Core,High,https://eqlwiki.com/Upper_Guk,https://wiki.project1999.com/Upper_Guk,,Yes,1,AC 4; DEX +5; AGI +5,AC 4; DEX +5; AGI +5,BRD ROG,ALL,25,25,Current EQL Wiki-listed; direct-build confirmation incomplete,Add,Wiki,Wiki,Wiki,No identified change,No identified change,No identified change,No identified change,Unresolved / conflicted,Classic-retained,https://eqlwiki.com/Upper_Guk,,2026-07-28,,,,Yes,Listed,Current Wiki evidence,No,B,Current EQL Wiki item/source page with Project 1999 historical comparison.,Major timer conflict,Yes,Classic,,Current EQL Wiki,Current fields from EQL Wiki zone/item/NPC pages; classic fields from Project 1999/classic baseline.,EQL-LOOT-1.0,loot,Active,,B23-UGUK-009,,,Yes,Yes,,,Frogloks of Guk -30,,,,,Hostile,,,Froglok,,the froglok warden,,,Frogloks of Guk,Hostile,Upper Guk,,Open-world indoor dungeon,Underwater branch,,,Warden room,,,,,,the froglok warden,Named / notable source,,,,,,,,,,,,,,,,,,,,,,Open World,Open World,,,,,,,,,,,NPC Corpse,,,,,,,,,,,,,,,,,,,,,,,,,,,,,,,,,,,,,,,,,,,,,,,,,,,,,,,,,No,,,,,,,,,,,,,,,,,,,,Available,Current EQL zone; no comprehensive revamp officially established,,,,Confirmed,Unconfirmed,,,,,,B23-UGUK,
10,B23-UGUK-010,23,Antonica,Upper Guk,Troll-Hide Belt,Armor,WAIST,Yes,No,Yes,,,,1.0,SMALL,BRD ROG,ALL,AC 5; STR +5; STA +5,,,,,the froglok warden,25,Rogue,Froglok,,,,,Warden room,16:30 individual-page listed; conflicts with 8:00 zone timer,,,,,,,,Classic / historical,,Current EQL Wiki-listed,,,,,,,,"Notable exact-source equipment, utility, quest, or progression relationship.",Zone-specific,Core,High,https://eqlwiki.com/Upper_Guk,https://wiki.project1999.com/Upper_Guk,,Yes,1,AC 5; STR +5; STA +5,AC 5; STR +5; STA +5,BRD ROG,ALL,25,25,Current EQL Wiki-listed; direct-build confirmation incomplete,Add,Wiki,Wiki,Wiki,No identified change,No identified change,No identified change,No identified change,Unresolved / conflicted,Classic-retained,https://eqlwiki.com/Upper_Guk,,2026-07-28,,,,Yes,Listed,Current Wiki evidence,No,B,Current EQL Wiki item/source page with Project 1999 historical comparison.,Major timer conflict,Yes,Classic,,Current EQL Wiki,Current fields from EQL Wiki zone/item/NPC pages; classic fields from Project 1999/classic baseline.,EQL-LOOT-1.0,loot,Active,,B23-UGUK-010,,,Yes,Yes,,,Frogloks of Guk -30,,,,,Hostile,,,Froglok,,the froglok warden,,,Frogloks of Guk,Hostile,Upper Guk,,Open-world indoor dungeon,Underwater branch,,,Warden room,,,,,,the froglok warden,Named / notable source,,,,,,,,,,,,,,,,,,,,,,Open World,Open World,,,,,,,,,,,NPC Corpse,,,,,,,,,,,,,,,,,,,,,,,,,,,,,,,,,,,,,,,,,,,,,,,,,,,,,,,,,No,,,,,,,,,,,,,,,,,,,,Available,Current EQL zone; no comprehensive revamp officially established,,,,Confirmed,Unconfirmed,,,,,,B23-UGUK,
11,B23-UGUK-011,23,Antonica,Upper Guk,Gatorscale Sleeves,Armor,ARMS,Yes,No,Yes,,,,0.3,SMALL,ALL,ALL,AC 6; INT +4; HP +15,,,,Focus: Enhancement Haste I,an ancient crocodile,30,Warrior,Crocodile,1-5 saltwater crocodiles; timer begins after final placeholder dies,,,Special multi-placeholder named,Ancient Crocodile room,16:30 individual-page listed; conflicts with 8:00 zone timer,,,,,,,,Classic / historical,,Current EQL Wiki-listed,,,,,,,,"Notable exact-source equipment, utility, quest, or progression relationship.",Zone-specific,Core,High,https://eqlwiki.com/Upper_Guk,https://wiki.project1999.com/Upper_Guk,,Yes,1,AC 6; INT +4; HP +15,AC 6; INT +4; HP +15,ALL,ALL,30,30,Current EQL Wiki-listed; direct-build confirmation incomplete,Add,Wiki,Wiki,Wiki,Changed or newly surfaced,No identified change,No identified change,Changed,Unresolved / conflicted,Classic-retained with EQL changes,https://eqlwiki.com/Upper_Guk,,2026-07-28,EQL focus addition: Enhancement Haste I.,,,Yes,Listed,Current Wiki evidence,No,B,Current EQL Wiki item/source page with Project 1999 historical comparison.,None identified,Yes,Classic,,Current EQL Wiki,Current fields from EQL Wiki zone/item/NPC pages; classic fields from Project 1999/classic baseline.,EQL-LOOT-1.0,loot,Active,,B23-UGUK-011,,,Yes,Yes,,,,,,,,Hostile,,,Crocodile,,an ancient crocodile,,,,Hostile,Upper Guk,,Open-world indoor dungeon,Crocodile branch,,,Ancient Crocodile room,,,,,,an ancient crocodile,Named / notable source,,,,,,,,,,,,1-5 saltwater crocodiles; timer begins after final placeholder dies,,,,,,,,,,Open World,Open World,,,,,,,,,,,NPC Corpse,,,,,,,,,,,,,,,,,,,,,,,,,,,,,,,,,,,,,,,,,,,,,,,,,,,,,,,,,No,,,,,,,,,,,,,,,,,,,,Available,Current EQL zone; no comprehensive revamp officially established,,,,Confirmed,Unconfirmed,,,,,,B23-UGUK,
12,B23-UGUK-012,23,Antonica,Upper Guk,Gatorscale Leggings,Armor,LEGS,Yes,No,Yes,,,,0.4,MEDIUM,ALL,ALL,AC 7; WIS +4; HP +15,,,,,an ancient crocodile,30,Warrior,Crocodile,1-5 saltwater crocodiles; timer begins after final placeholder dies,,,Special multi-placeholder named,Ancient Crocodile room,16:30 individual-page listed; conflicts with 8:00 zone timer,,,,,,,,Classic / historical,,Current EQL Wiki-listed,,,,,,,,"Notable exact-source equipment, utility, quest, or progression relationship.",Zone-specific,Core,High,https://eqlwiki.com/Upper_Guk,https://wiki.project1999.com/Upper_Guk,,Yes,1,AC 7; WIS +4; HP +15,AC 7; WIS +4; HP +15,ALL,ALL,30,30,Current EQL Wiki-listed; direct-build confirmation incomplete,Add,Wiki,Wiki,Wiki,No identified change,No identified change,No identified change,No identified change,Unresolved / conflicted,Classic-retained,https://eqlwiki.com/Upper_Guk,,2026-07-28,,,,Yes,Listed,Current Wiki evidence,No,B,Current EQL Wiki item/source page with Project 1999 historical comparison.,None identified,Yes,Classic,,Current EQL Wiki,Current fields from EQL Wiki zone/item/NPC pages; classic fields from Project 1999/classic baseline.,EQL-LOOT-1.0,loot,Active,,B23-UGUK-012,,,Yes,Yes,,,,,,,,Hostile,,,Crocodile,,an ancient crocodile,,,,Hostile,Upper Guk,,Open-world indoor dungeon,Crocodile branch,,,Ancient Crocodile room,,,,,,an ancient crocodile,Named / notable source,,,,,,,,,,,,1-5 saltwater crocodiles; timer begins after final placeholder dies,,,,,,,,,,Open World,Open World,,,,,,,,,,,NPC Corpse,,,,,,,,,,,,,,,,,,,,,,,,,,,,,,,,,,,,,,,,,,,,,,,,,,,,,,,,,No,,,,,,,,,,,,,,,,,,,,Available,Current EQL zone; no comprehensive revamp officially established,,,,Confirmed,Unconfirmed,,,,,,B23-UGUK,
13,B23-UGUK-013,23,Antonica,Upper Guk,Ghoulbane,Weapon,PRIMARY,Yes,No,Yes,Yes,,,9.5,LARGE,PAL,ALL,,15,34,1H Slashing,Proc: Dismiss Undead (level 20),the froglok shin lord,30,Paladin,Froglok,Tal Shaman / Shin Warrior / Shin Knight,,,,Shin Lord room,16:30 individual-page listed; conflicts with 8:00 zone timer,,,,,,,,Classic / historical,,Current EQL Wiki-listed,,,Weapon ratio 0.441,,,,,"Notable exact-source equipment, utility, quest, or progression relationship.",Zone-specific,Core,High,https://eqlwiki.com/Upper_Guk,https://wiki.project1999.com/Upper_Guk,,Yes,1,,,PAL,ALL,30,30,Current EQL Wiki-listed; direct-build confirmation incomplete,Add,Wiki,Wiki,Wiki,No identified change,No identified change,No identified change,No identified change,Unresolved / conflicted,Classic-retained,https://eqlwiki.com/Upper_Guk,,2026-07-28,,,,Yes,Listed,Current Wiki evidence,No,B,Current EQL Wiki item/source page with Project 1999 historical comparison.,Current quest availability varies by era,Yes,Classic,,Current EQL Wiki,Current fields from EQL Wiki zone/item/NPC pages; classic fields from Project 1999/classic baseline.,EQL-LOOT-1.0,loot,Active,,B23-UGUK-013,,,Yes,Yes,,,Frogloks of Guk -30,,,,,Hostile,,,Froglok,,the froglok shin lord,,,Frogloks of Guk,Hostile,Upper Guk,,Open-world indoor dungeon,Deep Shin wing,,,Shin Lord room,,,,,,the froglok shin lord,Named / notable source,,,,,,,,,,,,Tal Shaman / Shin Warrior / Shin Knight,,,,,,,,,,Open World,Open World,,,,,,,,,,,NPC Corpse,,,,,,,,,,,,,,,,,,,,,,,,,,,,,,,,,,,,,,,,,,,,,,,,,,,,,,,,,No,,,,,,,,,,,,Later Fiery Avenger and related quest dependencies,,,,,,,,Available,Current EQL zone; no comprehensive revamp officially established,,,,Confirmed,Unconfirmed,,,,,,B23-UGUK,
14,B23-UGUK-014,23,Antonica,Upper Guk,Silver-Plated Bracer,Armor,WRIST,Yes,No,Yes,,,,1.0,SMALL,WAR PAL RNG SHD MNK BRD ROG,ALL,AC 7; SV DISEASE +5; SV POISON +5,,,,,the froglok shin lord,30,Paladin,Froglok,Tal Shaman / Shin Warrior / Shin Knight,,,,Shin Lord room,16:30 individual-page listed; conflicts with 8:00 zone timer,,,,,,,,Classic / historical,,Current EQL Wiki-listed,,,,,,,,"Notable exact-source equipment, utility, quest, or progression relationship.",Zone-specific,Core,High,https://eqlwiki.com/Upper_Guk,https://wiki.project1999.com/Upper_Guk,,Yes,1,AC 7; SV DISEASE +5; SV POISON +5,AC 7; SV DISEASE +5; SV POISON +5,WAR PAL RNG SHD MNK BRD ROG,ALL,30,30,Current EQL Wiki-listed; direct-build confirmation incomplete,Add,Wiki,Wiki,Wiki,No identified change,No identified change,No identified change,No identified change,Unresolved / conflicted,Classic-retained,https://eqlwiki.com/Upper_Guk,,2026-07-28,,,,Yes,Listed,Current Wiki evidence,No,B,Current EQL Wiki item/source page with Project 1999 historical comparison.,None identified,Yes,Classic,,Current EQL Wiki,Current fields from EQL Wiki zone/item/NPC pages; classic fields from Project 1999/classic baseline.,EQL-LOOT-1.0,loot,Active,,B23-UGUK-014,,,Yes,Yes,,,Frogloks of Guk -30,,,,,Hostile,,,Froglok,,the froglok shin lord,,,Frogloks of Guk,Hostile,Upper Guk,,Open-world indoor dungeon,Deep Shin wing,,,Shin Lord room,,,,,,the froglok shin lord,Named / notable source,,,,,,,,,,,,Tal Shaman / Shin Warrior / Shin Knight,,,,,,,,,,Open World,Open World,,,,,,,,,,,NPC Corpse,,,,,,,,,,,,,,,,,,,,,,,,,,,,,,,,,,,,,,,,,,,,,,,,,,,,,,,,,No,,,,,,,,,,,,,,,,,,,,Available,Current EQL zone; no comprehensive revamp officially established,,,,Confirmed,Unconfirmed,,,,,,B23-UGUK,
15,B23-UGUK-015,23,Antonica,Upper Guk,Chitin Shell Shield,Shield,SECONDARY,Yes,No,No,,,,4.0,SMALL,WAR CLR PAL RNG SHD DRU BRD ROG SHM,ALL,AC 15; SV POISON +10,,,,,a giant heart spider,,Warrior,Spider,,,,,Giant Heart Spider room,,,,,,,,,Classic / historical,,Current EQL Wiki-listed,,,,,,,,"Notable exact-source equipment, utility, quest, or progression relationship.",Zone-specific,Core,High,https://eqlwiki.com/Upper_Guk,https://wiki.project1999.com/Upper_Guk,,Yes,1,AC 15; SV POISON +10,AC 15; SV POISON +10,WAR CLR PAL RNG SHD DRU BRD ROG SHM,ALL,,,Current EQL Wiki-listed; direct-build confirmation incomplete,Add,Wiki,Wiki,Wiki,No identified change,No identified change,No identified change,No identified change,,Classic-retained,https://eqlwiki.com/Upper_Guk,,2026-07-28,,,,Yes,Listed,Current Wiki evidence,No,B,Current EQL Wiki item/source page with Project 1999 historical comparison.,None identified,Yes,Classic,,Current EQL Wiki,Current fields from EQL Wiki zone/item/NPC pages; classic fields from Project 1999/classic baseline.,EQL-LOOT-1.0,loot,Active,,B23-UGUK-015,,,Yes,Yes,,,,,,,,Hostile,,,Spider,,a giant heart spider,,,,Hostile,Upper Guk,,Open-world indoor dungeon,Heart spider branch,,,Giant Heart Spider room,,,,,,a giant heart spider,Named / notable source,,,,,,,,,,,,,,,,,,,,,,Open World,Open World,,,,,,,,,,,NPC Corpse,,,,,,,,,,,,,,,,,,,,,,,,,,,,,,,,,,,,,,,,,,,,,,,,,,,,,,,,,No,,,,,,,,,,,,,,,,,,,,Available,Current EQL zone; no comprehensive revamp officially established,,,,Confirmed,Unconfirmed,,,,,,B23-UGUK,
16,B23-UGUK-016,23,Antonica,Upper Guk,Chitin Shell Armor,Armor,CHEST,Yes,No,,Yes,,,6.5,MEDIUM,ALL,BAR TRL OGR,AC 17; SV POISON +10,,,,,a giant heart spider,,Warrior,Spider,,,,,Giant Heart Spider room,,,,,,,,,Classic / historical,,Current EQL Wiki-listed,,,,,,,,"Notable exact-source equipment, utility, quest, or progression relationship.",Zone-specific,Core,High,https://eqlwiki.com/Upper_Guk,https://wiki.project1999.com/Upper_Guk,,Yes,1,AC 17; SV POISON +10,AC 17; SV POISON +10,ALL,BAR TRL OGR IKS,,,Current EQL Wiki-listed; direct-build confirmation incomplete,Add,Wiki,Wiki,Wiki,Changed or newly surfaced,No identified change,Changed,No identified change,,Classic-retained with EQL changes,https://eqlwiki.com/Upper_Guk,,2026-07-28,Current item data includes Iksar eligibility; Iksar availability remains later-era.,,,Yes,Listed,Current Wiki evidence,No,B,Current EQL Wiki item/source page with Project 1999 historical comparison.,None identified,Yes,Classic,,Current EQL Wiki,Current fields from EQL Wiki zone/item/NPC pages; classic fields from Project 1999/classic baseline.,EQL-LOOT-1.0,loot,Active,,B23-UGUK-016,,,Yes,Yes,,,,,,,,Hostile,,,Spider,,a giant heart spider,,,,Hostile,Upper Guk,,Open-world indoor dungeon,Heart spider branch,,,Giant Heart Spider room,,,,,,a giant heart spider,Named / notable source,,,,,,,,,,,,,,,,,,,,,,Open World,Open World,,,,,,,,,,,NPC Corpse,,,,,,,,,,,,,,,,,,,,,,,,,,,,,,,,,,,,,,,,,,,,,,,,,,,,,,,,,No,,,,,,,,,,,,,,,,,,,,Available; Iksar usability later-era,Current EQL zone; no comprehensive revamp officially established,,,,Confirmed,Unconfirmed,,,,,,B23-UGUK,
17,B23-UGUK-017,23,Antonica,Upper Guk,Vial of Egg Whites,Charged Utility Item,,No,Yes,,,,Yes,0.1,TINY,ALL,ALL,,,,,Click: Enduring Breath (1 charge),a froglok idealist,20,Shaman,Froglok,,,,,Idealist / Tonta Knight room,,,,,,,,,Classic / historical,,Current EQL Wiki-listed,,,,,,,,"Notable exact-source equipment, utility, quest, or progression relationship.",Zone-specific,Core,High,https://eqlwiki.com/Upper_Guk,https://wiki.project1999.com/Upper_Guk,,Yes,1,,,ALL,ALL,20,20,Current EQL Wiki-listed; direct-build confirmation incomplete,Add,Wiki,Wiki,Wiki,No identified change,No identified change,No identified change,No identified change,,Classic-retained,https://eqlwiki.com/Upper_Guk,,2026-07-28,,,,Yes,Listed,Current Wiki evidence,No,B,Current EQL Wiki item/source page with Project 1999 historical comparison.,None identified,Yes,Classic,,Current EQL Wiki,Current fields from EQL Wiki zone/item/NPC pages; classic fields from Project 1999/classic baseline.,EQL-LOOT-1.0,loot,Active,,B23-UGUK-017,,,Yes,Yes,,,Frogloks of Guk -30,,,,,Hostile,,,Froglok,,a froglok idealist,,,Frogloks of Guk,Hostile,Upper Guk,,Open-world indoor dungeon,Temple branch,,,Idealist / Tonta Knight room,,,,,,a froglok idealist,Named / notable source,,,,,,,,,,,,,,,,,,,,,,Open World,Open World,,,,,,,,,,,NPC Corpse,,,,,,,,,,,,,,,,,,,,,,,,,,,,,,,,,,,,,,,,,,,,,,,,,,,,,,,,,No,,,,,,,,,,,,,,,,,,,,Available,Current EQL zone; no comprehensive revamp officially established,,,,Confirmed,Unconfirmed,,,,,,B23-UGUK,
18,B23-UGUK-018,23,Antonica,Upper Guk,Lens of Glowing Amber,Quest / Utility Item,,No,Yes,Yes,,,Yes,0.1,TINY,ALL,ALL,,,,,,a froglok summoner,28,Magician,Froglok,,,,,Summoner / Priest room,,,,,,,,,Classic / historical,,Current EQL Wiki-listed,,,,,,,,"Notable exact-source equipment, utility, quest, or progression relationship.",Zone-specific,Core,High,https://eqlwiki.com/Upper_Guk,https://wiki.project1999.com/Upper_Guk,,Yes,1,,,ALL,ALL,28,28,Current EQL Wiki-listed; direct-build confirmation incomplete,Add,Wiki,Wiki,Wiki,No identified change,No identified change,No identified change,No identified change,,Classic-retained,https://eqlwiki.com/Upper_Guk,,2026-07-28,,,,Yes,Listed,Current Wiki evidence,No,B,Current EQL Wiki item/source page with Project 1999 historical comparison.,None identified,Yes,Classic,,Current EQL Wiki,Current fields from EQL Wiki zone/item/NPC pages; classic fields from Project 1999/classic baseline.,EQL-LOOT-1.0,loot,Active,,B23-UGUK-018,,,Yes,Yes,,,Frogloks of Guk -30,,,,,Hostile,,,Froglok,,a froglok summoner,,,Frogloks of Guk,Hostile,Upper Guk,,Open-world indoor dungeon,Caster branch,,,Summoner / Priest room,,,,,,a froglok summoner,Named / notable source,,,,,,,,,,,,,,,,,,,,,,Open World,Open World,,,,,,,,,,,NPC Corpse,,,,,,,,,,,,,,,,,,,,,,,,,,,,,,,,,,,,,,,,,,,,,,,,,,,,,,,,,No,,,,,,,,,,,,,,,,,,,,Available,Current EQL zone; no comprehensive revamp officially established,,,,Confirmed,Unconfirmed,,,,,,B23-UGUK,
19,B23-UGUK-019,23,Antonica,Upper Guk,Brazier of Elemental Summoning,Expendable Summoning Item,,No,Yes,Yes,,,Yes,0.5,SMALL,ALL,ALL,,,,,Click: Summon Fire Elemental (1 charge),a froglok summoner,28,Magician,Froglok,,,,,Summoner / Priest room,,,,,,,,,Classic / historical,,Current EQL Wiki-listed,,,,,,,,"Notable exact-source equipment, utility, quest, or progression relationship.",Zone-specific,Core,High,https://eqlwiki.com/Upper_Guk,https://wiki.project1999.com/Upper_Guk,,Yes,1,,,ALL,ALL,28,28,Current EQL Wiki-listed; direct-build confirmation incomplete,Add,Wiki,Wiki,Wiki,No identified change,No identified change,No identified change,No identified change,,Classic-retained,https://eqlwiki.com/Upper_Guk,,2026-07-28,,,,Yes,Listed,Current Wiki evidence,No,B,Current EQL Wiki item/source page with Project 1999 historical comparison.,None identified,Yes,Classic,,Current EQL Wiki,Current fields from EQL Wiki zone/item/NPC pages; classic fields from Project 1999/classic baseline.,EQL-LOOT-1.0,loot,Active,,B23-UGUK-019,,,Yes,Yes,,,Frogloks of Guk -30,,,,,Hostile,,,Froglok,,a froglok summoner,,,Frogloks of Guk,Hostile,Upper Guk,,Open-world indoor dungeon,Caster branch,,,Summoner / Priest room,,,,,,a froglok summoner,Named / notable source,,,,,,,,,,,,,,,,,,,,,,Open World,Open World,,,,,,,,,,,NPC Corpse,,,,,,,,,,,,,,,,,,,,,,,,,,,,,,,,,,,,,,,,,,,,,,,,,,,,,,,,,No,,,,,,,,,,,,,,,,,,,,Available,Current EQL zone; no comprehensive revamp officially established,,,,Confirmed,Unconfirmed,,,,,,B23-UGUK,
20,B23-UGUK-020,23,Antonica,Upper Guk,Fungus Spores,Expendable Utility Item,,No,Yes,,,,Yes,0.2,SMALL,ALL,ALL,,,,,"Click: Fungus Spores (1 charge, level 20)",a fungus ancient,,Unknown,Fungus,,,,,Fungus population,,,,,,,,,Classic / historical,,Current EQL Wiki-listed,,,,,,,,"Notable exact-source equipment, utility, quest, or progression relationship.",Zone-specific,Core,High,https://eqlwiki.com/Upper_Guk,https://wiki.project1999.com/Upper_Guk,,Yes,1,,,ALL,ALL,,,Current EQL Wiki-listed; direct-build confirmation incomplete,Add,Wiki,Wiki,Wiki,Changed or newly surfaced,No identified change,No identified change,No identified change,,Classic-retained with EQL changes,https://eqlwiki.com/Upper_Guk,,2026-07-28,Current EQL-listed exact-source utility item; historical status unresolved.,,,Yes,Listed,Current Wiki evidence,No,B,Current EQL Wiki item/source page with Project 1999 historical comparison.,None identified,Yes,Classic,,Current EQL Wiki,Current fields from EQL Wiki zone/item/NPC pages; classic fields from Project 1999/classic baseline.,EQL-LOOT-1.0,loot,Active,,B23-UGUK-020,,,Yes,Yes,,,,,,,,Hostile,,,Fungus,,a fungus ancient,,,,Hostile,Upper Guk,,Open-world indoor dungeon,Fungus branch,,,Fungus population,,,,,,a fungus ancient,Named / notable source,,,,,,,,,,,,,,,,,,,,,,Open World,Open World,,,,,,,,,,,NPC Corpse,,,,,,,,,,,,,,,,,,,,,,,,,,,,,,,,,,,,,,,,,,,,,,,,,,,,,,,,,No,,,,,,,,,,,,,,,,,,,,Available,Current EQL zone; no comprehensive revamp officially established,,,,Confirmed,Unconfirmed,,,,,,B23-UGUK,
21,B23-UGUK-021,23,Antonica,Upper Guk,Guk Bracket Mildew,Quest / Utility Item,,No,Yes,,Yes,Yes,Yes,,,ALL,ALL,,,,,,a fungus mutant,,Unknown,Fungus,,,,,Fungus mutant area,,,,,,,,,Classic / historical,,Current EQL Wiki-listed,,,,,,,,"Notable exact-source equipment, utility, quest, or progression relationship.",Zone-specific,Core,High,https://eqlwiki.com/Upper_Guk,https://wiki.project1999.com/Upper_Guk,,Yes,1,,,ALL,ALL,,,Current EQL Wiki-listed; direct-build confirmation incomplete,Add,Wiki,Wiki,Wiki,No identified change,No identified change,No identified change,No identified change,,Classic-retained,https://eqlwiki.com/Upper_Guk,,2026-07-28,,,,Yes,Listed,Current Wiki evidence,No,B,Current EQL Wiki item/source page with Project 1999 historical comparison.,None identified,Yes,Classic,,Current EQL Wiki,Current fields from EQL Wiki zone/item/NPC pages; classic fields from Project 1999/classic baseline.,EQL-LOOT-1.0,loot,Active,,B23-UGUK-021,,,Yes,Yes,,,,,,,,Hostile,,,Fungus,,a fungus mutant,,,,Hostile,Upper Guk,,Open-world indoor dungeon,Fungus branch,,,Fungus mutant area,,,,,,a fungus mutant,Named / notable source,,,,,,,,,,,,,,,,,,,,,,Open World,Open World,,,,,,,,,,,NPC Corpse,,,,,,,,,,,,,,,,,,,,,,,,,,,,,,,,,,,,,,,,,,,,,,,,,,,,,,,,,No,,,,,,,,,,,,Zone-specific progression or research material,,,,,,,,Available,Current EQL zone; no comprehensive revamp officially established,,,,Confirmed,Unconfirmed,,,,,,B23-UGUK,
22,B23-UGUK-022,23,Antonica,Upper Guk,Degenerated Guk Weed,Quest / Utility Item,,No,Yes,,Yes,Yes,Yes,,,ALL,ALL,,,,,,a fungus mutant,,Unknown,Fungus,,,,,Fungus mutant area,,,,,,,,,Classic / historical,,Current EQL Wiki-listed,,,,,,,,"Notable exact-source equipment, utility, quest, or progression relationship.",Zone-specific,Core,High,https://eqlwiki.com/Upper_Guk,https://wiki.project1999.com/Upper_Guk,,Yes,1,,,ALL,ALL,,,Current EQL Wiki-listed; direct-build confirmation incomplete,Add,Wiki,Wiki,Wiki,No identified change,No identified change,No identified change,No identified change,,Classic-retained,https://eqlwiki.com/Upper_Guk,,2026-07-28,,,,Yes,Listed,Current Wiki evidence,No,B,Current EQL Wiki item/source page with Project 1999 historical comparison.,None identified,Yes,Classic,,Current EQL Wiki,Current fields from EQL Wiki zone/item/NPC pages; classic fields from Project 1999/classic baseline.,EQL-LOOT-1.0,loot,Active,,B23-UGUK-022,,,Yes,Yes,,,,,,,,Hostile,,,Fungus,,a fungus mutant,,,,Hostile,Upper Guk,,Open-world indoor dungeon,Fungus branch,,,Fungus mutant area,,,,,,a fungus mutant,Named / notable source,,,,,,,,,,,,,,,,,,,,,,Open World,Open World,,,,,,,,,,,NPC Corpse,,,,,,,,,,,,,,,,,,,,,,,,,,,,,,,,,,,,,,,,,,,,,,,,,,,,,,,,,No,,,,,,,,,,,,Zone-specific progression or research material,,,,,,,,Available,Current EQL zone; no comprehensive revamp officially established,,,,Confirmed,Unconfirmed,,,,,,B23-UGUK,
23,B23-UGUK-META-001,23,Antonica,Upper Guk,Upper Guk current status,,,,,,,,,,,,,,,,,,,,,,,,Approximately 4-35,,,,,,,,,,,,,,,,,,,,,,Zone-specific,Supplemental,Medium,https://eqlwiki.com/Upper_Guk,https://wiki.project1999.com/Upper_Guk,,Yes,1,,,,,,,Current EQL Wiki-supported; direct-build confirmation varies,Add,,,,,,,,,,https://eqlwiki.com/Upper_Guk,,2026-07-28,,,,Yes,Listed,Current Wiki evidence,No,C,Current EQL zone/NPC documentation with classic comparison.,,,,,Current EQL Wiki,,EQL-LOOT-1.0,zone_metadata,Metadata,,B23-UGUK-META-001,,,No,No,Available current EQL zone; substantially classic-retained and not established as a comprehensive revamp.,,,,,,,,,,,,,,,,,,,Open-world indoor dungeon,,,,,,,,,,Upper Guk current status,,,,,,,,,,,,Available current EQL zone; substantially classic-retained and not established as a comprehensive revamp.,,,,,,,,,,,Open World,Open World,,,,,,,,,,,,,,,,,,,,,,,,,,,,,,,,,,,,,,,,,,,,,,,,,,,,,,,,,,,,,,,,,,,,No,,,,,,,,,,,,,,,,,,,,Available,Current EQL zone; no comprehensive revamp officially established,,,,Confirmed,Unconfirmed,,,,zone-status,,B23-UGUK,
24,B23-UGUK-META-002,23,Antonica,Upper Guk,Upper Guk physical structure,,,,,,,,,,,,,,,,,,,,,,,,,,,,,,,,,,,,,,,,,,,,,,Zone-specific,Supplemental,Medium,https://eqlwiki.com/Upper_Guk,https://wiki.project1999.com/Upper_Guk,,Yes,1,,,,,,,Current EQL Wiki-supported; direct-build confirmation varies,Add,,,,,,,,,,https://eqlwiki.com/Upper_Guk,,2026-07-28,,,,Yes,Listed,Current Wiki evidence,No,C,Current EQL zone/NPC documentation with classic comparison.,,,,,Current EQL Wiki,,EQL-LOOT-1.0,zone_metadata,Metadata,,B23-UGUK-META-002,,,No,No,"Classic-retained entrance tunnels, Gaz wing, temple/caster wing, underwater Warden route, crocodile branch, fungus and spider branches, Shin wing, and Lower Guk approaches.",,,,,,,,,,,,,,,,,,,Open-world indoor dungeon,,,,,,,,,,Upper Guk physical structure,,,,,,,,,,,,"Classic-retained entrance tunnels, Gaz wing, temple/caster wing, underwater Warden route, crocodile branch, fungus and spider branches, Shin wing, and Lower Guk approaches.",,,,,,,,,,,Open World,Open World,,,,,,,,,,,,,,,,,,,,,,,,,,,,,,,,,,,,,,,,,,,,,,,,,,,,,,,,,,,,,,,,,,,,No,,,,,,,,,,,,,,,,,,,,Available,Current EQL zone; no comprehensive revamp officially established,,,,Confirmed,Unconfirmed,,,,zone-layout,,B23-UGUK,
25,B23-UGUK-META-003,23,Antonica,Upper Guk,Upper Guk froglok caste taxonomy,,,,,,,,,,,,,,,,,,,,,,,,,,,,,,,,,,,,,,,,,,,,,,Zone-specific,Supplemental,Medium,https://eqlwiki.com/Upper_Guk,https://wiki.project1999.com/Upper_Guk,,Yes,1,,,,,,,Current EQL Wiki-supported; direct-build confirmation varies,Add,,,,,,,,,,https://eqlwiki.com/Upper_Guk,,2026-07-28,,,,Yes,Listed,Current Wiki evidence,No,C,Current EQL zone/NPC documentation with classic comparison.,,,,,Current EQL Wiki,,EQL-LOOT-1.0,zone_metadata,Metadata,,B23-UGUK-META-003,,,No,No,"Working caste progression includes Tad, Tuk, Gaz, Ton, Vis, Shin, Nok, Tsu, and Tonta; caste and combat class must remain separate.",,,,,,,,,,,,,,,,,,,Open-world indoor dungeon,,,,,,,,,,Upper Guk froglok caste taxonomy,,,,,,,,,,,,"Working caste progression includes Tad, Tuk, Gaz, Ton, Vis, Shin, Nok, Tsu, and Tonta; caste and combat class must remain separate.",,,,,,,,,,,Open World,Open World,,,,,,,,,,,,,,,,,,,,,,,,,,,,,,,,,,,,,,,,,,,,,,,,,,,,,,,,,,,,,,,,,,,,No,,,,,,,,,,,,,,,,,,,,Available,Current EQL zone; no comprehensive revamp officially established,,,,Confirmed,Unconfirmed,,,,taxonomy,,B23-UGUK,
26,B23-UGUK-META-004,23,Antonica,Upper Guk,Upper Guk respawn timer conflict,,,,,,,,,,,,,,,,,,,,,,,,,,,,,,,,,,,,,,,,,,,,,,Zone-specific,Supplemental,Medium,https://eqlwiki.com/Upper_Guk,https://wiki.project1999.com/Upper_Guk,,Yes,1,,,,,,,Current EQL Wiki-supported; direct-build confirmation varies,Add,,,,,,,,,,https://eqlwiki.com/Upper_Guk,,2026-07-28,,,,Yes,Listed,Current Wiki evidence,No,C,Current EQL zone/NPC documentation with classic comparison.,,,,,Current EQL Wiki,,EQL-LOOT-1.0,zone_metadata,Metadata,,B23-UGUK-META-004,,,No,No,"Current zone-level listing reports 8:00, while individual named pages and classic documentation continue to report approximately 16:30. Universal current timer unresolved.",,,,,,,,,,,,,,,,,,,Open-world indoor dungeon,,,,,,,,,,Upper Guk respawn timer conflict,,,,,,,,,,,,"Current zone-level listing reports 8:00, while individual named pages and classic documentation continue to report approximately 16:30. Universal current timer unresolved.",,,,,,,,,,,Open World,Open World,,,,,,,,,,,,,,,,,,,,,,,,,,,,,,,,,,,,,,,,,,,,,,,,,,,,,,,,,,,,,,,,,,,,No,,,,,,,,,,,,,,,,,,,,Available,Current EQL zone; no comprehensive revamp officially established,,,,Confirmed,Unconfirmed,,,,timer-conflict,,B23-UGUK,
27,B23-UGUK-META-005,23,Antonica,Upper Guk,Upper and Lower Guk separation,,,,,,,,,,,,,,,,,,,,,,,,,,,,,,,,,,,,,,,,,,,,,,Zone-specific,Supplemental,Medium,https://eqlwiki.com/Upper_Guk,https://wiki.project1999.com/Upper_Guk,,Yes,1,,,,,,,Current EQL Wiki-supported; direct-build confirmation varies,Add,,,,,,,,,,https://eqlwiki.com/Upper_Guk,,2026-07-28,,,,Yes,Listed,Current Wiki evidence,No,C,Current EQL zone/NPC documentation with classic comparison.,,,,,Current EQL Wiki,,EQL-LOOT-1.0,zone_metadata,Metadata,,B23-UGUK-META-005,,,No,No,"Upper Guk includes multiple access points to Lower Guk, but Lower Guk NPCs and loot are excluded from Batch 23.",,,,,,,,,,,,,,,,,,,Open-world indoor dungeon,,,,,,,,,,Upper and Lower Guk separation,,,,,,,,,,,,"Upper Guk includes multiple access points to Lower Guk, but Lower Guk NPCs and loot are excluded from Batch 23.",,,,,,,,,,,Open World,Open World,,,,,,,,,,,,,,,,,,,,,,,,,,,,,,,,,,,,,,,,,,,,,,,,,,,,,,,,,,,,,,,,,,,,No,,,,,,,,,,,,,,,,,,,,Available,Current EQL zone; no comprehensive revamp officially established,,,,Confirmed,Unconfirmed,,,,access;batch-boundary,,B23-UGUK,
28,B23-UGUK-META-006,23,Antonica,Upper Guk,Upper Guk faction framework,,,,,,,,,,,,,,,,,,,,,,,,,,,,,,,,,,,,,,,,,,,,,,Zone-specific,Supplemental,Medium,https://eqlwiki.com/Upper_Guk,https://wiki.project1999.com/Upper_Guk,,Yes,1,,,,,,,Current EQL Wiki-supported; direct-build confirmation varies,Add,,,,,,,,,,https://eqlwiki.com/Upper_Guk,,2026-07-28,,,,Yes,Listed,Current Wiki evidence,No,C,Current EQL zone/NPC documentation with classic comparison.,,,,,Current EQL Wiki,,EQL-LOOT-1.0,zone_metadata,Metadata,,B23-UGUK-META-006,,,No,No,Named and ordinary frogloks generally use Frogloks of Guk; non-froglok populations must not inherit this faction.,,,,,,,,,Frogloks of Guk -30,,,,,,,,,,Open-world indoor dungeon,,,,,,,,,,Upper Guk faction framework,,,,,,,,,,,,Named and ordinary frogloks generally use Frogloks of Guk; non-froglok populations must not inherit this faction.,,,,,,,,,,,Open World,Open World,,,,,,,,,,,,,,,,,,,,,,,,,,,,,,,,,,,,,,,,,,,,,,,,,,,,,,,,,,,,,,,,,,,,No,,,,,,,,,,,,,,,,,,,,Available,Current EQL zone; no comprehensive revamp officially established,,,,Confirmed,Unconfirmed,,,,faction,,B23-UGUK,
29,B23-UGUK-META-007,23,Antonica,Upper Guk,Upper Guk hazards,,,,,,,,,,,,,,,,,,,,,,,,,,,,,,High,,,,,,,,,,,,,,,,Zone-specific,Supplemental,Medium,https://eqlwiki.com/Upper_Guk,https://wiki.project1999.com/Upper_Guk,,Yes,1,,,,,,,Current EQL Wiki-supported; direct-build confirmation varies,Add,,,,,,,,,,https://eqlwiki.com/Upper_Guk,,2026-07-28,,,,Yes,Listed,Current Wiki evidence,No,C,Current EQL zone/NPC documentation with classic comparison.,,,,,Current EQL Wiki,,EQL-LOOT-1.0,zone_metadata,Metadata,,B23-UGUK-META-007,,,No,No,"Dense rooms, runners, trains, shaman healing and slows, pet charm, underwater routes, wall proximity, fast backspawns, and Lower Guk zone-line traffic.",,,,,,,,,,,,,,,,,,,Open-world indoor dungeon,,,,,,,,,,Upper Guk hazards,,,,,,,,,,,,"Dense rooms, runners, trains, shaman healing and slows, pet charm, underwater routes, wall proximity, fast backspawns, and Lower Guk zone-line traffic.",,,,,,,,,,,Open World,Open World,,,,,,,,,,,,,,,,,,,,,,,,,,,,,,,,,,,,,,,,,,,,,,,,,,,,,,,,,,,,,,,,,,,,No,,,,,,,,,,,,,,,,,,,,Available,Current EQL zone; no comprehensive revamp officially established,,,,Confirmed,Unconfirmed,,,,hazards,,B23-UGUK,
30,B23-UGUK-ENC-001,23,Antonica,Upper Guk,Innothule entrance,,,,,,,,,,,,,,,,,,,,,,,,4-10,,,,,,Train exposure,,,,,,,,,,,,,,,,Zone-specific,Supplemental,Medium,https://eqlwiki.com/Upper_Guk,https://wiki.project1999.com/Upper_Guk,,Yes,1,,,,,,,Current EQL Wiki-supported; direct-build confirmation varies,Add,,,,,,,,,,https://eqlwiki.com/Upper_Guk,,2026-07-28,,,,Yes,Listed,Current Wiki evidence,No,C,Current EQL zone/NPC documentation with classic comparison.,,,,,Current EQL Wiki,,EQL-LOOT-1.0,encounter_metadata,Metadata,,B23-UGUK-ENC-001,,,No,No,Entrance from Innothule Swamp and low-rank frog population.,,,,,,,,,,,,,,,,,,,Open-world indoor dungeon,Entrance,,,Zone entrance,,,,,,Innothule entrance,Access / Camp Population,,,,,,,,,,,Entrance from Innothule Swamp and low-rank frog population.,,,,,,,,,,,Open World,Open World,,,,,,,,,,,,,,,,,,,,,,,,,,,,,,,,,,,,,,,,,,,,,,,,,,,,,,,,,,,,,,,,,,,,No,,,,,,,,,,,,,,,,,,,,Available,Current EQL zone; no comprehensive revamp officially established,,,,Confirmed,Unconfirmed,,,,,,B23-UGUK,
31,B23-UGUK-ENC-002,23,Antonica,Upper Guk,"Tad, guard, sentry, and novice population",,,,,,,,,,,,,,,,,,,,,,,,4-12,,,,,,Runners,,,,,,,,,,,,,,,,Zone-specific,Supplemental,Medium,https://eqlwiki.com/Upper_Guk,https://wiki.project1999.com/Upper_Guk,,Yes,1,,,,,,,Current EQL Wiki-supported; direct-build confirmation varies,Add,,,,,,,,,,https://eqlwiki.com/Upper_Guk,,2026-07-28,,,,Yes,Listed,Current Wiki evidence,No,C,Current EQL zone/NPC documentation with classic comparison.,,,,,Current EQL Wiki,,EQL-LOOT-1.0,encounter_metadata,Metadata,,B23-UGUK-ENC-002,,,No,No,Low-rank froglok population and broad Woven/Netted family sources.,,,,,,,,,,,,,,,,,,,Open-world indoor dungeon,Entrance tunnels,,,Early tunnels,,,,,,"Tad, guard, sentry, and novice population",Shared Population,,,,,,,,,,,Low-rank froglok population and broad Woven/Netted family sources.,,,,,,,,,,,Open World,Open World,,,,,,,,,,,,,,,,,,,,,,,,,,,,,,,,,,,,,,,,,,,,,,,,,,,,,,,,,,,,,,,,,,,,No,,,,,,,,,,,,,,,,,,,,Available,Current EQL zone; no comprehensive revamp officially established,,,,Confirmed,Unconfirmed,,,,,,B23-UGUK,
32,B23-UGUK-ENC-003,23,Antonica,Upper Guk,Froglok Necromancer room,,,,,,,,,,,,,,,,,,,,,,,,10,,,,,,Caster risk,,,,,,,,,,,,,,,,Zone-specific,Supplemental,Medium,https://eqlwiki.com/Upper_Guk,https://wiki.project1999.com/Upper_Guk,,Yes,1,,,,,,,Current EQL Wiki-supported; direct-build confirmation varies,Add,,,,,,,,,,https://eqlwiki.com/Upper_Guk,,2026-07-28,,,,Yes,Listed,Current Wiki evidence,No,C,Current EQL zone/NPC documentation with classic comparison.,,,,,Current EQL Wiki,,EQL-LOOT-1.0,encounter_metadata,Metadata,,B23-UGUK-ENC-003,,,No,No,Low-level caster room and disputed Pouch of Ghoul Ash candidate.,,,,,,,,,,,,,,,,,,,Open-world indoor dungeon,Entrance branch,,,Necromancer room,,,,,,Froglok Necromancer room,Named / Notable,,,,,,,,,,,Low-level caster room and disputed Pouch of Ghoul Ash candidate.,,,,,,,,,,,Open World,Open World,,,,,,,,,,,,,,,,,,,,,,,,,,,,,,,,,,,,,,,,,,,,,,,,,,,,,,,,,,,,,,,,,,,,No,,,,,,,,,,,,,,,,,,,,Available,Current EQL zone; no comprehensive revamp officially established,,,,Confirmed,Unconfirmed,,,,,,B23-UGUK,
33,B23-UGUK-ENC-004,23,Antonica,Upper Guk,Gaz population,,,,,,,,,,,,,,,,,,,,,,,,12-19,,,,,,Social aggro,,,,,,,,,,,,,,,,Zone-specific,Supplemental,Medium,https://eqlwiki.com/Upper_Guk,https://wiki.project1999.com/Upper_Guk,,Yes,1,,,,,,,Current EQL Wiki-supported; direct-build confirmation varies,Add,,,,,,,,,,https://eqlwiki.com/Upper_Guk,,2026-07-28,,,,Yes,Listed,Current Wiki evidence,No,C,Current EQL zone/NPC documentation with classic comparison.,,,,,Current EQL Wiki,,EQL-LOOT-1.0,encounter_metadata,Metadata,,B23-UGUK-ENC-004,,,No,No,"Gaz warriors, knights, shamans, and shared Mesh-family loot.",,,,,,,,,,,,,,,,,,,Open-world indoor dungeon,Gaz wing,,,Gaz rooms,,,,,,Gaz population,Shared Population,,,,,,,,,,,"Gaz warriors, knights, shamans, and shared Mesh-family loot.",,,,,,,,,,,Open World,Open World,,,,,,,,,,,,,,,,,,,,,,,,,,,,,,,,,,,,,,,,,,,,,,,,,,,,,,,,,,,,,,,,,,,,No,,,,,,,,,,,,,,,,,,,,Available,Current EQL zone; no comprehensive revamp officially established,,,,Confirmed,Unconfirmed,,,,,,B23-UGUK,
34,B23-UGUK-ENC-005,23,Antonica,Upper Guk,Gaz Squire ramp room,,,,,,,,,,,,,,,,,,,,,,,,17,,,,,,Placeholder uncertainty,,,,,,,,,,,,,,,,Zone-specific,Supplemental,Medium,https://eqlwiki.com/Upper_Guk,https://wiki.project1999.com/Upper_Guk,,Yes,1,,,,,,,Current EQL Wiki-supported; direct-build confirmation varies,Add,,,,,,,,,,https://eqlwiki.com/Upper_Guk,,2026-07-28,,,,Yes,Listed,Current Wiki evidence,No,C,Current EQL zone/NPC documentation with classic comparison.,,,,,Current EQL Wiki,,EQL-LOOT-1.0,encounter_metadata,Metadata,,B23-UGUK-ENC-005,,,No,No,Exact source for Collar of Undead Protection and Runed Bone Fork.,,,,,,,,,,,,,,,,,,,Open-world indoor dungeon,Gaz wing,,,Squire ramp,,,,,,Gaz Squire ramp room,Named Encounter,,,,,,,,,,,Exact source for Collar of Undead Protection and Runed Bone Fork.,,,,,,,,,,,Open World,Open World,,,,,,,,,,,,,,,,,,,,,,,,,,,,,,,,,,,,,,,,,,,,,,,,,,,,,,,,,,,,,,,,,,,,No,,,,,,,,,,,,,,,,,,,,Available,Current EQL zone; no comprehensive revamp officially established,,,,Confirmed,Unconfirmed,,,,,,B23-UGUK,
35,B23-UGUK-ENC-006,23,Antonica,Upper Guk,Idealist and Tonta Knight room,,,,,,,,,,,,,,,,,,,,,,,,20-28,,,,,,Multiple named occupants,,,,,,,,,,,,,,,,Zone-specific,Supplemental,Medium,https://eqlwiki.com/Upper_Guk,https://wiki.project1999.com/Upper_Guk,,Yes,1,,,,,,,Current EQL Wiki-supported; direct-build confirmation varies,Add,,,,,,,,,,https://eqlwiki.com/Upper_Guk,,2026-07-28,,,,Yes,Listed,Current Wiki evidence,No,C,Current EQL zone/NPC documentation with classic comparison.,,,,,Current EQL Wiki,,EQL-LOOT-1.0,encounter_metadata,Metadata,,B23-UGUK-ENC-006,,,No,No,Idealist utility drops and Tonta Knight Soiled Boots source.,,,,,,,,,,,,,,,,,,,Open-world indoor dungeon,Temple branch,,,Idealist room,,,,,,Idealist and Tonta Knight room,Shared Named Room,,,,,,,,,,,Idealist utility drops and Tonta Knight Soiled Boots source.,,,,,,,,,,,Open World,Open World,,,,,,,,,,,,,,,,,,,,,,,,,,,,,,,,,,,,,,,,,,,,,,,,,,,,,,,,,,,,,,,,,,,,No,,,,,,,,,,,,,,,,,,,,Available,Current EQL zone; no comprehensive revamp officially established,,,,Confirmed,Unconfirmed,,,,,,B23-UGUK,
36,B23-UGUK-ENC-007,23,Antonica,Upper Guk,Realist room,,,,,,,,,,,,,,,,,,,,,,,,22,,,,,,Source conflict,,,,,,,,,,,,,,,,Zone-specific,Supplemental,Medium,https://eqlwiki.com/Upper_Guk,https://wiki.project1999.com/Upper_Guk,,Yes,1,,,,,,,Current EQL Wiki-supported; direct-build confirmation varies,Add,,,,,,,,,,https://eqlwiki.com/Upper_Guk,,2026-07-28,,,,Yes,Listed,Current Wiki evidence,No,C,Current EQL zone/NPC documentation with classic comparison.,,,,,Current EQL Wiki,,EQL-LOOT-1.0,encounter_metadata,Metadata,,B23-UGUK-ENC-007,,,No,No,Reed Ring source and disputed Pouch of Ghoul Ash relationship.,,,,,,,,,,,,,,,,,,,Open-world indoor dungeon,Temple branch,,,Realist room,,,,,,Realist room,Named Encounter,,,,,,,,,,,Reed Ring source and disputed Pouch of Ghoul Ash relationship.,,,,,,,,,,,Open World,Open World,,,,,,,,,,,,,,,,,,,,,,,,,,,,,,,,,,,,,,,,,,,,,,,,,,,,,,,,,,,,,,,,,,,,No,,,,,,,,,,,,,,,,,,,,Available,Current EQL zone; no comprehensive revamp officially established,,,,Confirmed,Unconfirmed,,,,,,B23-UGUK,
37,B23-UGUK-ENC-008,23,Antonica,Upper Guk,Scryer temple,,,,,,,,,,,,,,,,,,,,,,,,21,,,,,,Pet charm,,,,,,,,,,,,,,,,Zone-specific,Supplemental,Medium,https://eqlwiki.com/Upper_Guk,https://wiki.project1999.com/Upper_Guk,,Yes,1,,,,,,,Current EQL Wiki-supported; direct-build confirmation varies,Add,,,,,,,,,,https://eqlwiki.com/Upper_Guk,,2026-07-28,,,,Yes,Listed,Current Wiki evidence,No,C,Current EQL zone/NPC documentation with classic comparison.,,,,,Current EQL Wiki,,EQL-LOOT-1.0,encounter_metadata,Metadata,,B23-UGUK-ENC-008,,,No,No,Scryer charm behavior and three exact equipment drops.,,,,,,,,,,,,,,,,,,,Open-world indoor dungeon,Temple branch,,,Scryer temple,,,,,,Scryer temple,Named Encounter,,,,,,,,,,,Scryer charm behavior and three exact equipment drops.,,,,,,,,,,,Open World,Open World,,,,,,,,,,,,,,,,,,,,,,,,,,,,,,,,,,,,,,,,,,,,,,,,,,,,,,,,,,,,,,,,,,,,No,,,,,,,,,,,,,,,,,,,,Available,Current EQL zone; no comprehensive revamp officially established,,,,Confirmed,Unconfirmed,,,,,,B23-UGUK,
38,B23-UGUK-ENC-009,23,Antonica,Upper Guk,"Summoner, Priest, and Shin Knight room",,,,,,,,,,,,,,,,,,,,,,,,24-28,,,,,,Pets and nukes,,,,,,,,,,,,,,,,Zone-specific,Supplemental,Medium,https://eqlwiki.com/Upper_Guk,https://wiki.project1999.com/Upper_Guk,,Yes,1,,,,,,,Current EQL Wiki-supported; direct-build confirmation varies,Add,,,,,,,,,,https://eqlwiki.com/Upper_Guk,,2026-07-28,,,,Yes,Listed,Current Wiki evidence,No,C,Current EQL zone/NPC documentation with classic comparison.,,,,,Current EQL Wiki,,EQL-LOOT-1.0,encounter_metadata,Metadata,,B23-UGUK-ENC-009,,,No,No,Summoner utility drops and unresolved Golden Rod room-source relationship.,,,,,,,,,,,,,,,,,,,Open-world indoor dungeon,Caster branch,,,Summoner / Priest room,,,,,,"Summoner, Priest, and Shin Knight room",Shared Named Room,,,,,,,,,,,Summoner utility drops and unresolved Golden Rod room-source relationship.,,,,,,,,,,,Open World,Open World,,,,,,,,,,,,,,,,,,,,,,,,,,,,,,,,,,,,,,,,,,,,,,,,,,,,,,,,,,,,,,,,,,,,No,,,,,,,,,,,,,,,,,,,,Available,Current EQL zone; no comprehensive revamp officially established,,,,Confirmed,Unconfirmed,,,,,,B23-UGUK,
39,B23-UGUK-ENC-010,23,Antonica,Upper Guk,Golden Rod room-source conflict,,,,,,,,,,,,,,,,,,,,,,,,24-28,,,,,,Source ambiguity,,,,,,,,,,,,,,,,Zone-specific,Supplemental,Medium,https://eqlwiki.com/Upper_Guk,https://wiki.project1999.com/Upper_Guk,,Yes,1,,,,,,,Current EQL Wiki-supported; direct-build confirmation varies,Add,,,,,,,,,,https://eqlwiki.com/Upper_Guk,,2026-07-28,,,,Yes,Listed,Current Wiki evidence,No,C,Current EQL zone/NPC documentation with classic comparison.,,,,,Current EQL Wiki,,EQL-LOOT-1.0,encounter_metadata,Metadata,,B23-UGUK-ENC-010,,,No,No,Golden Rod belongs to the room but exact NPC source is unresolved.,,,,,,,,,,,,,,,,,,,Open-world indoor dungeon,Caster branch,,,Summoner / Priest room,,,,,,Golden Rod room-source conflict,Research-sensitive Encounter,,,,,,,,,,,Golden Rod belongs to the room but exact NPC source is unresolved.,,,,,,,,,,,Open World,Open World,,,,,,,,,,,,,,,,,,,,,,,,,,,,,,,,,,,,,,,,,,,,,,,,,,,,,,,,,,,,,,,,,,,,No,,,,,,,,,,,,,,,,,,,,Available,Current EQL zone; no comprehensive revamp officially established,,,,Confirmed,Unconfirmed,,,,,,B23-UGUK,
40,B23-UGUK-ENC-011,23,Antonica,Upper Guk,Warden room and underwater cove,,,,,,,,,,,,,,,,,,,,,,,,25,,,,,,Underwater pull risk,,,,,,,,,,,,,,,,Zone-specific,Supplemental,Medium,https://eqlwiki.com/Upper_Guk,https://wiki.project1999.com/Upper_Guk,,Yes,1,,,,,,,Current EQL Wiki-supported; direct-build confirmation varies,Add,,,,,,,,,,https://eqlwiki.com/Upper_Guk,,2026-07-28,,,,Yes,Listed,Current Wiki evidence,No,C,Current EQL zone/NPC documentation with classic comparison.,,,,,Current EQL Wiki,,EQL-LOOT-1.0,encounter_metadata,Metadata,,B23-UGUK-ENC-011,,,No,No,"Warden exact items, See Hide, invisibility, and timer conflict.",,,,,,,,,,,,,,,,,,,Open-world indoor dungeon,Underwater branch,,,Warden room,,,,,,Warden room and underwater cove,Named Encounter,,,,,,,,,,,"Warden exact items, See Hide, invisibility, and timer conflict.",,,,,,,,,,,Open World,Open World,,,,,,,,,,,,,,,,,,,,,,,,,,,,,,,,,,,,,,,,,,,,,,,,,,,,,,,,,,,,,,,,,,,,No,,,,,,,,,,,,,,,,,,,,Available,Current EQL zone; no comprehensive revamp officially established,,,,Confirmed,Unconfirmed,,,,,,B23-UGUK,
41,B23-UGUK-ENC-012,23,Antonica,Upper Guk,Ancient Crocodile room,,,,,,,,,,,,,,,,,,,,,,,,30,,,,,,Multi-placeholder mechanic,,,,,,,,,,,,,,,,Zone-specific,Supplemental,Medium,https://eqlwiki.com/Upper_Guk,https://wiki.project1999.com/Upper_Guk,,Yes,1,,,,,,,Current EQL Wiki-supported; direct-build confirmation varies,Add,,,,,,,,,,https://eqlwiki.com/Upper_Guk,,2026-07-28,,,,Yes,Listed,Current Wiki evidence,No,C,Current EQL zone/NPC documentation with classic comparison.,,,,,Current EQL Wiki,,EQL-LOOT-1.0,encounter_metadata,Metadata,,B23-UGUK-ENC-012,,,No,No,One to five saltwater-crocodile placeholders; timer begins after final placeholder dies.,,,,,,,,,,,,,,,,,,,Open-world indoor dungeon,Crocodile branch,,,Crocodile room,,,,,,Ancient Crocodile room,Special Named,,,,,,,,,,,One to five saltwater-crocodile placeholders; timer begins after final placeholder dies.,,,,,,,,,,,Open World,Open World,,,,,,,,,,,,,,,,,,,,,,,,,,,,,,,,,,,,,,,,,,,,,,,,,,,,,,,,,,,,,,,,,,,,No,,,,,,,,,,,,,,,,,,,,Available,Current EQL zone; no comprehensive revamp officially established,,,,Confirmed,Unconfirmed,,,,,,B23-UGUK,
42,B23-UGUK-ENC-013,23,Antonica,Upper Guk,Nokta Shaman room,,,,,,,,,,,,,,,,,,,,,,,,27,,,,,,Shaman spells,,,,,,,,,,,,,,,,Zone-specific,Supplemental,Medium,https://eqlwiki.com/Upper_Guk,https://wiki.project1999.com/Upper_Guk,,Yes,1,,,,,,,Current EQL Wiki-supported; direct-build confirmation varies,Add,,,,,,,,,,https://eqlwiki.com/Upper_Guk,,2026-07-28,,,,Yes,Listed,Current Wiki evidence,No,C,Current EQL zone/NPC documentation with classic comparison.,,,,,Current EQL Wiki,,EQL-LOOT-1.0,encounter_metadata,Metadata,,B23-UGUK-ENC-013,,,No,No,Globe of Shadow candidate; complete item fields unresolved.,,,,,,,,,,,,,,,,,,,Open-world indoor dungeon,Deep frog branch,,,Nokta room,,,,,,Nokta Shaman room,Named Encounter,,,,,,,,,,,Globe of Shadow candidate; complete item fields unresolved.,,,,,,,,,,,Open World,Open World,,,,,,,,,,,,,,,,,,,,,,,,,,,,,,,,,,,,,,,,,,,,,,,,,,,,,,,,,,,,,,,,,,,,No,,,,,,,,,,,,,,,,,,,,Available,Current EQL zone; no comprehensive revamp officially established,,,,Confirmed,Unconfirmed,,,,,,B23-UGUK,
43,B23-UGUK-ENC-014,23,Antonica,Upper Guk,Fungus population,,,,,,,,,,,,,,,,,,,,,,,,20-30,,,,,,Non-froglok social group,,,,,,,,,,,,,,,,Zone-specific,Supplemental,Medium,https://eqlwiki.com/Upper_Guk,https://wiki.project1999.com/Upper_Guk,,Yes,1,,,,,,,Current EQL Wiki-supported; direct-build confirmation varies,Add,,,,,,,,,,https://eqlwiki.com/Upper_Guk,,2026-07-28,,,,Yes,Listed,Current Wiki evidence,No,C,Current EQL zone/NPC documentation with classic comparison.,,,,,Current EQL Wiki,,EQL-LOOT-1.0,encounter_metadata,Metadata,,B23-UGUK-ENC-014,,,No,No,"Drones, breeders, soldiers, ancient, and mutant components.",,,,,,,,,,,,,,,,,,,Open-world indoor dungeon,Fungus branch,,,Mushroom farm,,,,,,Fungus population,Shared Population,,,,,,,,,,,"Drones, breeders, soldiers, ancient, and mutant components.",,,,,,,,,,,Open World,Open World,,,,,,,,,,,,,,,,,,,,,,,,,,,,,,,,,,,,,,,,,,,,,,,,,,,,,,,,,,,,,,,,,,,,No,,,,,,,,,,,,,,,,,,,,Available,Current EQL zone; no comprehensive revamp officially established,,,,Confirmed,Unconfirmed,,,,,,B23-UGUK,
44,B23-UGUK-ENC-015,23,Antonica,Upper Guk,Heart-spider pit,,,,,,,,,,,,,,,,,,,,,,,,20-30,,,,,,Pit and social aggro,,,,,,,,,,,,,,,,Zone-specific,Supplemental,Medium,https://eqlwiki.com/Upper_Guk,https://wiki.project1999.com/Upper_Guk,,Yes,1,,,,,,,Current EQL Wiki-supported; direct-build confirmation varies,Add,,,,,,,,,,https://eqlwiki.com/Upper_Guk,,2026-07-28,,,,Yes,Listed,Current Wiki evidence,No,C,Current EQL zone/NPC documentation with classic comparison.,,,,,Current EQL Wiki,,EQL-LOOT-1.0,encounter_metadata,Metadata,,B23-UGUK-ENC-015,,,No,No,Heart spider population and route to giant spider.,,,,,,,,,,,,,,,,,,,Open-world indoor dungeon,Spider branch,,,Spider pit,,,,,,Heart-spider pit,Shared Population,,,,,,,,,,,Heart spider population and route to giant spider.,,,,,,,,,,,Open World,Open World,,,,,,,,,,,,,,,,,,,,,,,,,,,,,,,,,,,,,,,,,,,,,,,,,,,,,,,,,,,,,,,,,,,,No,,,,,,,,,,,,,,,,,,,,Available,Current EQL zone; no comprehensive revamp officially established,,,,Confirmed,Unconfirmed,,,,,,B23-UGUK,
45,B23-UGUK-ENC-016,23,Antonica,Upper Guk,Giant Heart Spider room,,,,,,,,,,,,,,,,,,,,,,,,25-30,,,,,,Spider social risk,,,,,,,,,,,,,,,,Zone-specific,Supplemental,Medium,https://eqlwiki.com/Upper_Guk,https://wiki.project1999.com/Upper_Guk,,Yes,1,,,,,,,Current EQL Wiki-supported; direct-build confirmation varies,Add,,,,,,,,,,https://eqlwiki.com/Upper_Guk,,2026-07-28,,,,Yes,Listed,Current Wiki evidence,No,C,Current EQL zone/NPC documentation with classic comparison.,,,,,Current EQL Wiki,,EQL-LOOT-1.0,encounter_metadata,Metadata,,B23-UGUK-ENC-016,,,No,No,Exact Chitin Shell Armor and Shield source.,,,,,,,,,,,,,,,,,,,Open-world indoor dungeon,Spider branch,,,Giant Heart Spider room,,,,,,Giant Heart Spider room,Named Encounter,,,,,,,,,,,Exact Chitin Shell Armor and Shield source.,,,,,,,,,,,Open World,Open World,,,,,,,,,,,,,,,,,,,,,,,,,,,,,,,,,,,,,,,,,,,,,,,,,,,,,,,,,,,,,,,,,,,,No,,,,,,,,,,,,,,,,,,,,Available,Current EQL zone; no comprehensive revamp officially established,,,,Confirmed,Unconfirmed,,,,,,B23-UGUK,
46,B23-UGUK-ENC-017,23,Antonica,Upper Guk,Tempus and Skeletal Monk room,,,,,,,,,,,,,,,,,,,,,,,,Unknown,,,,,,Faction/social exception,,,,,,,,,,,,,,,,Zone-specific,Supplemental,Medium,https://eqlwiki.com/Upper_Guk,https://wiki.project1999.com/Upper_Guk,,Yes,1,,,,,,,Current EQL Wiki-supported; direct-build confirmation varies,Add,,,,,,,,,,https://eqlwiki.com/Upper_Guk,,2026-07-28,,,,Yes,Listed,Current Wiki evidence,No,C,Current EQL zone/NPC documentation with classic comparison.,,,,,Current EQL Wiki,,EQL-LOOT-1.0,encounter_metadata,Metadata,,B23-UGUK-ENC-017,,,No,No,Dark elf necromancer and skeletal-monk assist behavior unresolved.,,,,,,,,,,,,,,,,,,,Open-world indoor dungeon,Hidden branch,,,Secret room,,,,,,Tempus and Skeletal Monk room,Special Population,,,,,,,,,,,Dark elf necromancer and skeletal-monk assist behavior unresolved.,,,,,,,,,,,Open World,Open World,,,,,,,,,,,,,,,,,,,,,,,,,,,,,,,,,,,,,,,,,,,,,,,,,,,,,,,,,,,,,,,,,,,,No,,,,,,,,,,,,,,,,,,,,Available,Current EQL zone; no comprehensive revamp officially established,,,,Confirmed,Unconfirmed,,,,,,B23-UGUK,
47,B23-UGUK-ENC-018,23,Antonica,Upper Guk,Shin barracks and Shin Lord,,,,,,,,,,,,,,,,,,,,,,,,30,,,,,,Healing / Lay on Hands,,,,,,,,,,,,,,,,Zone-specific,Supplemental,Medium,https://eqlwiki.com/Upper_Guk,https://wiki.project1999.com/Upper_Guk,,Yes,1,,,,,,,Current EQL Wiki-supported; direct-build confirmation varies,Add,,,,,,,,,,https://eqlwiki.com/Upper_Guk,,2026-07-28,,,,Yes,Listed,Current Wiki evidence,No,C,Current EQL zone/NPC documentation with classic comparison.,,,,,Current EQL Wiki,,EQL-LOOT-1.0,encounter_metadata,Metadata,,B23-UGUK-ENC-018,,,No,No,Ghoulbane and Silver-Plated Bracer; healing and Lay on Hands.,,,,,,,,,,,,,,,,,,,Open-world indoor dungeon,Deep Shin wing,,,Shin Lord room,,,,,,Shin barracks and Shin Lord,Named Encounter,,,,,,,,,,,Ghoulbane and Silver-Plated Bracer; healing and Lay on Hands.,,,,,,,,,,,Open World,Open World,,,,,,,,,,,,,,,,,,,,,,,,,,,,,,,,,,,,,,,,,,,,,,,,,,,,,,,,,,,,,,,,,,,,No,,,,,,,,,,,,,,,,,,,,Available,Current EQL zone; no comprehensive revamp officially established,,,,Confirmed,Unconfirmed,,,,,,B23-UGUK,
48,B23-UGUK-ENC-019,23,Antonica,Upper Guk,Lower Guk access network,,,,,,,,,,,,,,,,,,,,,,,,25-35,,,,,,Incoming trains,,,,,,,,,,,,,,,,Zone-specific,Supplemental,Medium,https://eqlwiki.com/Upper_Guk,https://wiki.project1999.com/Upper_Guk,,Yes,1,,,,,,,Current EQL Wiki-supported; direct-build confirmation varies,Add,,,,,,,,,,https://eqlwiki.com/Upper_Guk,,2026-07-28,,,,Yes,Listed,Current Wiki evidence,No,C,Current EQL zone/NPC documentation with classic comparison.,,,,,Current EQL Wiki,,EQL-LOOT-1.0,encounter_metadata,Metadata,,B23-UGUK-ENC-019,,,No,No,Separate live-side and dead-side transitions; Lower Guk content excluded.,,,,,,,,,,,,,,,,,,,Open-world indoor dungeon,Deep routes,,,Multiple zone lines,,,,,,Lower Guk access network,Access Network,,,,,,,,,,,Separate live-side and dead-side transitions; Lower Guk content excluded.,,,,,,,,,,,Open World,Open World,,,,,,,,,,,,,,,,,,,,,,,,,,,,,,,,,,,,,,,,,,,,,,,,,,,,,,,,,,,,,,,,,,,,No,,,,,,,,,,,,,,,,,,,,Available,Current EQL zone; no comprehensive revamp officially established,,,,Confirmed,Unconfirmed,,,,,,B23-UGUK,
49,B23-UGUK-LOOTMETA-001,23,Antonica,Upper Guk,Mesh armor family,,,,,,,,,,,,,,,,,,,,,,,,,,,,,,,,,,,,,,,,,,,,,,Zone-specific,Supplemental,Medium,https://eqlwiki.com/Upper_Guk,https://wiki.project1999.com/Upper_Guk,,Yes,1,,,,,,,Current EQL Wiki-supported; direct-build confirmation varies,Add,,,,,,,,,,https://eqlwiki.com/Upper_Guk,,2026-07-28,,,,Yes,Listed,Current Wiki evidence,No,C,Current EQL zone/NPC documentation with classic comparison.,,,,,Current EQL Wiki,,EQL-LOOT-1.0,metadata,Metadata,,B23-UGUK-LOOTMETA-001,,,No,No,Broad Gaz-and-higher froglok armor family; do not create one duplicate row per frog.,,,,,,,,,,,,,,,,,,,Open-world indoor dungeon,,,,,,,,,,Mesh armor family,,,,,,,,,,,,Broad Gaz-and-higher froglok armor family; do not create one duplicate row per frog.,,,,,,,,,,,Open World,Open World,,,,,,,,,,,,,,,,,,,,,,,,,,,,,,,,,,,,,,,,,,,,,,,,,,,,,,,,,,,,,,,,,,,,No,,,,,,,,,,,,,,,,,,,,Available,Current EQL zone; no comprehensive revamp officially established,,,,Confirmed,Unconfirmed,,,,loot-family;mesh,,B23-UGUK,
50,B23-UGUK-LOOTMETA-002,23,Antonica,Upper Guk,Woven armor family,,,,,,,,,,,,,,,,,,,,,,,,,,,,,,,,,,,,,,,,,,,,,,Zone-specific,Supplemental,Medium,https://eqlwiki.com/Upper_Guk,https://wiki.project1999.com/Upper_Guk,,Yes,1,,,,,,,Current EQL Wiki-supported; direct-build confirmation varies,Add,,,,,,,,,,https://eqlwiki.com/Upper_Guk,,2026-07-28,,,,Yes,Listed,Current Wiki evidence,No,C,Current EQL zone/NPC documentation with classic comparison.,,,,,Current EQL Wiki,,EQL-LOOT-1.0,metadata,Metadata,,B23-UGUK-LOOTMETA-002,,,No,No,Broad entrance/Tuk population family; exact current piece-to-source map unresolved.,,,,,,,,,,,,,,,,,,,Open-world indoor dungeon,,,,,,,,,,Woven armor family,,,,,,,,,,,,Broad entrance/Tuk population family; exact current piece-to-source map unresolved.,,,,,,,,,,,Open World,Open World,,,,,,,,,,,,,,,,,,,,,,,,,,,,,,,,,,,,,,,,,,,,,,,,,,,,,,,,,,,,,,,,,,,,No,,,,,,,,,,,,,,,,,,,,Available,Current EQL zone; no comprehensive revamp officially established,,,,Confirmed,Unconfirmed,,,,loot-family;woven,,B23-UGUK,
51,B23-UGUK-LOOTMETA-003,23,Antonica,Upper Guk,Netted armor family,,,,,,,,,,,,,,,,,,,,,,,,,,,,,,,,,,,,,,,,,,,,,,Zone-specific,Supplemental,Medium,https://eqlwiki.com/Upper_Guk,https://wiki.project1999.com/Upper_Guk,,Yes,1,,,,,,,Current EQL Wiki-supported; direct-build confirmation varies,Add,,,,,,,,,,https://eqlwiki.com/Upper_Guk,,2026-07-28,,,,Yes,Listed,Current Wiki evidence,No,C,Current EQL zone/NPC documentation with classic comparison.,,,,,Current EQL Wiki,,EQL-LOOT-1.0,metadata,Metadata,,B23-UGUK-LOOTMETA-003,,,No,No,Broad low-rank entrance family; retained as metadata rather than active duplicates.,,,,,,,,,,,,,,,,,,,Open-world indoor dungeon,,,,,,,,,,Netted armor family,,,,,,,,,,,,Broad low-rank entrance family; retained as metadata rather than active duplicates.,,,,,,,,,,,Open World,Open World,,,,,,,,,,,,,,,,,,,,,,,,,,,,,,,,,,,,,,,,,,,,,,,,,,,,,,,,,,,,,,,,,,,,No,,,,,,,,,,,,,,,,,,,,Available,Current EQL zone; no comprehensive revamp officially established,,,,Confirmed,Unconfirmed,,,,loot-family;netted,,B23-UGUK,
52,B23-UGUK-LOOTMETA-004,23,Antonica,Upper Guk,Shin armor family,,,,,,,,,,,,,,,,,,,,,,,,,,,,,,,,,,,,,,,,,,,,,,Zone-specific,Supplemental,Medium,https://eqlwiki.com/Upper_Guk,https://wiki.project1999.com/Upper_Guk,,Yes,1,,,,,,,Current EQL Wiki-supported; direct-build confirmation varies,Add,,,,,,,,,,https://eqlwiki.com/Upper_Guk,,2026-07-28,,,,Yes,Listed,Current Wiki evidence,No,C,Current EQL zone/NPC documentation with classic comparison.,,,,,Current EQL Wiki,,EQL-LOOT-1.0,metadata,Metadata,,B23-UGUK-LOOTMETA-004,,,No,No,Shin Gauntlets and Shin Greaves require exact current source and Upper-versus-Lower Guk separation.,,,,,,,,,,,,,,,,,,,Open-world indoor dungeon,,,,,,,,,,Shin armor family,,,,,,,,,,,,Shin Gauntlets and Shin Greaves require exact current source and Upper-versus-Lower Guk separation.,,,,,,,,,,,Open World,Open World,,,,,,,,,,,,,,,,,,,,,,,,,,,,,,,,,,,,,,,,,,,,,,,,,,,,,,,,,,,,,,,,,,,,No,,,,,,,,,,,,,,,,,,,,Available,Current EQL zone; no comprehensive revamp officially established,,,,Confirmed,Unconfirmed,,,,loot-family;shin,,B23-UGUK,
53,B23-UGUK-LOOTMETA-005,23,Antonica,Upper Guk,Generic froglok components,,,,,,,,,,,,,,,,,,,,,,,,,,,,,,,,,,,,,,,,,,,,,,Zone-specific,Supplemental,Medium,https://eqlwiki.com/Upper_Guk,https://wiki.project1999.com/Upper_Guk,,Yes,1,,,,,,,Current EQL Wiki-supported; direct-build confirmation varies,Add,,,,,,,,,,https://eqlwiki.com/Upper_Guk,,2026-07-28,,,,Yes,Listed,Current Wiki evidence,No,C,Current EQL zone/NPC documentation with classic comparison.,,,,,Current EQL Wiki,,EQL-LOOT-1.0,metadata,Metadata,,B23-UGUK-LOOTMETA-005,,,No,No,"Froglok Meat, Blood, Eyes, glands, and common skins remain metadata unless uniquely progression-relevant.",,,,,,,,,,,,,,,,,,,Open-world indoor dungeon,,,,,,,,,,Generic froglok components,,,,,,,,,,,,"Froglok Meat, Blood, Eyes, glands, and common skins remain metadata unless uniquely progression-relevant.",,,,,,,,,,,Open World,Open World,,,,,,,,,,,,,,,,,,,,,,,,,,,,,,,,,,,,,,,,,,,,,,,,,,,,,,,,,,,,,,,,,,,,No,,,,,,,,,,,,,,,,,,,,Available,Current EQL zone; no comprehensive revamp officially established,,,,Confirmed,Unconfirmed,,,,global-loot;excluded,,B23-UGUK,
54,B23-UGUK-LOOTMETA-006,23,Antonica,Upper Guk,Generic gems and research items,,,,,,,,,,,,,,,,,,,,,,,,,,,,,,,,,,,,,,,,,,,,,,Zone-specific,Supplemental,Medium,https://eqlwiki.com/Upper_Guk,https://wiki.project1999.com/Upper_Guk,,Yes,1,,,,,,,Current EQL Wiki-supported; direct-build confirmation varies,Add,,,,,,,,,,https://eqlwiki.com/Upper_Guk,,2026-07-28,,,,Yes,Listed,Current Wiki evidence,No,C,Current EQL zone/NPC documentation with classic comparison.,,,,,Current EQL Wiki,,EQL-LOOT-1.0,metadata,Metadata,,B23-UGUK-LOOTMETA-006,,,No,No,"Common gems, words, runes, and broad spell components remain metadata.",,,,,,,,,,,,,,,,,,,Open-world indoor dungeon,,,,,,,,,,Generic gems and research items,,,,,,,,,,,,"Common gems, words, runes, and broad spell components remain metadata.",,,,,,,,,,,Open World,Open World,,,,,,,,,,,,,,,,,,,,,,,,,,,,,,,,,,,,,,,,,,,,,,,,,,,,,,,,,,,,,,,,,,,,No,,,,,,,,,,,,,,,,,,,,Available,Current EQL zone; no comprehensive revamp officially established,,,,Confirmed,Unconfirmed,,,,global-loot;excluded,,B23-UGUK,
55,B23-UGUK-LOOTMETA-007,23,Antonica,Upper Guk,Fungus component family,,,,,,,,,,,,,,,,,,,,,,,,,,,,,,,,,,,,,,,,,,,,,,Zone-specific,Supplemental,Medium,https://eqlwiki.com/Upper_Guk,https://wiki.project1999.com/Upper_Guk,,Yes,1,,,,,,,Current EQL Wiki-supported; direct-build confirmation varies,Add,,,,,,,,,,https://eqlwiki.com/Upper_Guk,,2026-07-28,,,,Yes,Listed,Current Wiki evidence,No,C,Current EQL zone/NPC documentation with classic comparison.,,,,,Current EQL Wiki,,EQL-LOOT-1.0,metadata,Metadata,,B23-UGUK-LOOTMETA-007,,,No,No,"Fungus Spores, Guk Bracket Mildew, and Degenerated Guk Weed are exact-source active items; generic fungus loot remains family metadata.",,,,,,,,,,,,,,,,,,,Open-world indoor dungeon,,,,,,,,,,Fungus component family,,,,,,,,,,,,"Fungus Spores, Guk Bracket Mildew, and Degenerated Guk Weed are exact-source active items; generic fungus loot remains family metadata.",,,,,,,,,,,Open World,Open World,,,,,,,,,,,,,,,,,,,,,,,,,,,,,,,,,,,,,,,,,,,,,,,,,,,,,,,,,,,,,,,,,,,,No,,,,,,,,,,,,,,,,,,,,Available,Current EQL zone; no comprehensive revamp officially established,,,,Confirmed,Unconfirmed,,,,loot-family;fungus,,B23-UGUK,
56,B23-UGUK-LOOTMETA-008,23,Antonica,Upper Guk,Heart-spider Chitin family,,,,,,,,,,,,,,,,,,,,,,,,,,,,,,,,,,,,,,,,,,,,,,Zone-specific,Supplemental,Medium,https://eqlwiki.com/Upper_Guk,https://wiki.project1999.com/Upper_Guk,,Yes,1,,,,,,,Current EQL Wiki-supported; direct-build confirmation varies,Add,,,,,,,,,,https://eqlwiki.com/Upper_Guk,,2026-07-28,,,,Yes,Listed,Current Wiki evidence,No,C,Current EQL zone/NPC documentation with classic comparison.,,,,,Current EQL Wiki,,EQL-LOOT-1.0,metadata,Metadata,,B23-UGUK-LOOTMETA-008,,,No,No,Chitin Shell Armor and Shield are exact giant-heart-spider drops; ordinary spider loot remains metadata.,,,,,,,,,,,,,,,,,,,Open-world indoor dungeon,,,,,,,,,,Heart-spider Chitin family,,,,,,,,,,,,Chitin Shell Armor and Shield are exact giant-heart-spider drops; ordinary spider loot remains metadata.,,,,,,,,,,,Open World,Open World,,,,,,,,,,,,,,,,,,,,,,,,,,,,,,,,,,,,,,,,,,,,,,,,,,,,,,,,,,,,,,,,,,,,No,,,,,,,,,,,,,,,,,,,,Available,Current EQL zone; no comprehensive revamp officially established,,,,Confirmed,Unconfirmed,,,,loot-family;spider,,B23-UGUK,
57,B23-UGUK-LOOTMETA-009,23,Antonica,Upper Guk,Later-era and Lower Guk exclusions,,,,,,,,,,,,,,,,,,,,,,,,,,,,,,,,,,,,,,,,,,,,,,Zone-specific,Supplemental,Medium,https://eqlwiki.com/Upper_Guk,https://wiki.project1999.com/Upper_Guk,,Yes,1,,,,,,,Current EQL Wiki-supported; direct-build confirmation varies,Add,,,,,,,,,,https://eqlwiki.com/Upper_Guk,,2026-07-28,,,,Yes,Listed,Current Wiki evidence,No,C,Current EQL zone/NPC documentation with classic comparison.,,,,,Current EQL Wiki,,EQL-LOOT-1.0,metadata,Metadata,,B23-UGUK-LOOTMETA-009,,,No,No,"Iksar usability, later quests, outlander records, and Lower Guk source contamination must remain separately qualified.",,,,,,,,,,,,,,,,,,,Open-world indoor dungeon,,,,,,,,,,Later-era and Lower Guk exclusions,,,,,,,,,,,,"Iksar usability, later quests, outlander records, and Lower Guk source contamination must remain separately qualified.",,,,,,,,,,,Open World,Open World,,,,,,,,,,,,,,,,,,,,,,,,,,,,,,,,,,,,,,,,,,,,,,,,,,,,,,,,,,,,,,,,,,,,No,,,,,,,,,,,,,,,,,,,,Available,Current EQL zone; no comprehensive revamp officially established,,,,Confirmed,Unconfirmed,,,,historical-content;excluded,,B23-UGUK,
58,B23-UGUK-RES-001,23,Antonica,Upper Guk,Universal Upper Guk EQL spawn timer,,,,,,,,,,,,,,,,,,,,,,,,,,,,,,,,,,,,,,,,,,,,,,Zone-specific,Supplemental,Low,https://eqlwiki.com/Upper_Guk,https://wiki.project1999.com/Upper_Guk,"Resolve whether the current universal timer is 8:00, 16:30, or encounter-dependent.",Yes,1,,,,,,,Unresolved; direct-build or stronger current evidence required,Quarantine,,,,,,,,,,https://eqlwiki.com/Upper_Guk,,2026-07-28,,,,Yes,Partial / conflicting,Unverified lead,No,D,Meaningful current or historical lead without enough support for active promotion.,Major timer conflict,,,,Unverified current Wiki / inherited classic evidence,,EQL-LOOT-1.0,research,Quarantined,,B23-UGUK-RES-001,,,No,Yes,Quarantined research record; hidden from default loot results.,,,,,,,,,,,,,,,,,,,Open-world indoor dungeon,,,,,,,,,,,,,,,,,,,,,,,,,,,,,,,,,Open World,Open World,,,,,,,,,,,,,,,,,,,,,,,,,,,,,,,,,,,,,,,,,,,,,,,,,,,,,,,,,,,,,,,,,,,,No,,,,,,,,,,,,,,,,,,,,Available,Current EQL zone; no comprehensive revamp officially established,,,,Confirmed,Unconfirmed,,,,,,B23-UGUK,
59,B23-UGUK-RES-002,23,Antonica,Upper Guk,Ordinary-frog 8:00 timer,,,,,,,,,,,,,,,,,,,,,,,,,,,,,,,,,,,,,,,,,,,,,,Zone-specific,Supplemental,Low,https://eqlwiki.com/Upper_Guk,https://wiki.project1999.com/Upper_Guk,Verify whether the zone-level 8:00 value applies only to ordinary populations.,Yes,1,,,,,,,Unresolved; direct-build or stronger current evidence required,Quarantine,,,,,,,,,,https://eqlwiki.com/Upper_Guk,,2026-07-28,,,,Yes,Partial / conflicting,Unverified lead,No,D,Meaningful current or historical lead without enough support for active promotion.,Timer unresolved,,,,Unverified current Wiki / inherited classic evidence,,EQL-LOOT-1.0,research,Quarantined,,B23-UGUK-RES-002,,,No,Yes,Quarantined research record; hidden from default loot results.,,,,,,,,,,,,,,,,,,,Open-world indoor dungeon,,,,,,,,,,,,,,,,,,,,,,,,,,,,,,,,,Open World,Open World,,,,,,,,,,,,,,,,,,,,,,,,,,,,,,,,,,,,,,,,,,,,,,,,,,,,,,,,,,,,,,,,,,,,No,,,,,,,,,,,,,,,,,,,,Available,Current EQL zone; no comprehensive revamp officially established,,,,Confirmed,Unconfirmed,,,,,,B23-UGUK,
60,B23-UGUK-RES-003,23,Antonica,Upper Guk,Named-camp 16:30 timer,,,,,,,,,,,,,,,,,,,,,,,,,,,,,,,,,,,,,,,,,,,,,,Zone-specific,Supplemental,Low,https://eqlwiki.com/Upper_Guk,https://wiki.project1999.com/Upper_Guk,Verify whether named encounters retain approximately 16:30.,Yes,1,,,,,,,Unresolved; direct-build or stronger current evidence required,Quarantine,,,,,,,,,,https://eqlwiki.com/Upper_Guk,,2026-07-28,,,,Yes,Partial / conflicting,Unverified lead,No,D,Meaningful current or historical lead without enough support for active promotion.,Timer unresolved,,,,Unverified current Wiki / inherited classic evidence,,EQL-LOOT-1.0,research,Quarantined,,B23-UGUK-RES-003,,,No,Yes,Quarantined research record; hidden from default loot results.,,,,,,,,,,,,,,,,,,,Open-world indoor dungeon,,,,,,,,,,,,,,,,,,,,,,,,,,,,,,,,,Open World,Open World,,,,,,,,,,,,,,,,,,,,,,,,,,,,,,,,,,,,,,,,,,,,,,,,,,,,,,,,,,,,,,,,,,,,No,,,,,,,,,,,,,,,,,,,,Available,Current EQL zone; no comprehensive revamp officially established,,,,Confirmed,Unconfirmed,,,,,,B23-UGUK,
61,B23-UGUK-RES-004,23,Antonica,Upper Guk,Ancient Crocodile current probability,,,,,,,,,,,,,,,,,,,,,,,,,,,,,,,,,,,,,,,,,,,,,,Zone-specific,Supplemental,Low,https://eqlwiki.com/Upper_Guk,https://wiki.project1999.com/Upper_Guk,Measure or document the current probability across its multi-placeholder cycle.,Yes,1,,,,,,,Unresolved; direct-build or stronger current evidence required,Quarantine,,,,,,,,,,https://eqlwiki.com/Upper_Guk,,2026-07-28,,,,Yes,Partial / conflicting,Unverified lead,No,D,Meaningful current or historical lead without enough support for active promotion.,Probability unresolved,,,,Unverified current Wiki / inherited classic evidence,,EQL-LOOT-1.0,research,Quarantined,,B23-UGUK-RES-004,,,No,Yes,Quarantined research record; hidden from default loot results.,,,,,,,,,,,,,,,,,,,Open-world indoor dungeon,,,,,,,,,,,,,,,,,,,,,,,,,,,,,,,,,Open World,Open World,,,,,,,,,,,,,,,,,,,,,,,,,,,,,,,,,,,,,,,,,,,,,,,,,,,,,,,,,,,,,,,,,,,,No,,,,,,,,,,,,,,,,,,,,Available,Current EQL zone; no comprehensive revamp officially established,,,,Confirmed,Unconfirmed,,,,,,B23-UGUK,
62,B23-UGUK-RES-005,23,Antonica,Upper Guk,Warden current probability,,,,,,,,,,,,,,,,,,,,,,,,,,,,,,,,,,,,,,,,,,,,,,Zone-specific,Supplemental,Low,https://eqlwiki.com/Upper_Guk,https://wiki.project1999.com/Upper_Guk,Verify the listed 50% current value.,Yes,1,,,,,,,Unresolved; direct-build or stronger current evidence required,Quarantine,,,,,,,,,,https://eqlwiki.com/Upper_Guk,,2026-07-28,,,,Yes,Partial / conflicting,Unverified lead,No,D,Meaningful current or historical lead without enough support for active promotion.,Probability unresolved,,,,Unverified current Wiki / inherited classic evidence,,EQL-LOOT-1.0,research,Quarantined,,B23-UGUK-RES-005,,,No,Yes,Quarantined research record; hidden from default loot results.,,,,,,,,,,,,,,,,,,,Open-world indoor dungeon,,,,,,,,,,,,,,,,,,,,,,,,,,,,,,,,,Open World,Open World,,,,,,,,,,,,,,,,,,,,,,,,,,,,,,,,,,,,,,,,,,,,,,,,,,,,,,,,,,,,,,,,,,,,No,,,,,,,,,,,,,,,,,,,,Available,Current EQL zone; no comprehensive revamp officially established,,,,Confirmed,Unconfirmed,,,,,,B23-UGUK,
63,B23-UGUK-RES-006,23,Antonica,Upper Guk,Shin Lord current probability,,,,,,,,,,,,,,,,,,,,,,,,,,,,,,,,,,,,,,,,,,,,,,Zone-specific,Supplemental,Low,https://eqlwiki.com/Upper_Guk,https://wiki.project1999.com/Upper_Guk,Verify the listed 33% current value.,Yes,1,,,,,,,Unresolved; direct-build or stronger current evidence required,Quarantine,,,,,,,,,,https://eqlwiki.com/Upper_Guk,,2026-07-28,,,,Yes,Partial / conflicting,Unverified lead,No,D,Meaningful current or historical lead without enough support for active promotion.,Probability unresolved,,,,Unverified current Wiki / inherited classic evidence,,EQL-LOOT-1.0,research,Quarantined,,B23-UGUK-RES-006,,,No,Yes,Quarantined research record; hidden from default loot results.,,,,,,,,,,,,,,,,,,,Open-world indoor dungeon,,,,,,,,,,,,,,,,,,,,,,,,,,,,,,,,,Open World,Open World,,,,,,,,,,,,,,,,,,,,,,,,,,,,,,,,,,,,,,,,,,,,,,,,,,,,,,,,,,,,,,,,,,,,No,,,,,,,,,,,,,,,,,,,,Available,Current EQL zone; no comprehensive revamp officially established,,,,Confirmed,Unconfirmed,,,,,,B23-UGUK,
64,B23-UGUK-RES-007,23,Antonica,Upper Guk,Scryer current probability,,,,,,,,,,,,,,,,,,,,,,,,,,,,,,,,,,,,,,,,,,,,,,Zone-specific,Supplemental,Low,https://eqlwiki.com/Upper_Guk,https://wiki.project1999.com/Upper_Guk,Verify the listed 17% current value.,Yes,1,,,,,,,Unresolved; direct-build or stronger current evidence required,Quarantine,,,,,,,,,,https://eqlwiki.com/Upper_Guk,,2026-07-28,,,,Yes,Partial / conflicting,Unverified lead,No,D,Meaningful current or historical lead without enough support for active promotion.,Probability unresolved,,,,Unverified current Wiki / inherited classic evidence,,EQL-LOOT-1.0,research,Quarantined,,B23-UGUK-RES-007,,,No,Yes,Quarantined research record; hidden from default loot results.,,,,,,,,,,,,,,,,,,,Open-world indoor dungeon,,,,,,,,,,,,,,,,,,,,,,,,,,,,,,,,,Open World,Open World,,,,,,,,,,,,,,,,,,,,,,,,,,,,,,,,,,,,,,,,,,,,,,,,,,,,,,,,,,,,,,,,,,,,No,,,,,,,,,,,,,,,,,,,,Available,Current EQL zone; no comprehensive revamp officially established,,,,Confirmed,Unconfirmed,,,,,,B23-UGUK,
65,B23-UGUK-RES-008,23,Antonica,Upper Guk,Pouch of Ghoul Ash — Realist source,,,,,,,,,,,,,,,,,,,,,,,,,,,,,,,,,,,,,,,,,,,,,,Zone-specific,Supplemental,Low,https://eqlwiki.com/Upper_Guk,https://wiki.project1999.com/Upper_Guk,Verify whether the Froglok Realist currently drops the item.,Yes,1,,,,,,,Unresolved; direct-build or stronger current evidence required,Quarantine,,,,,,,,,,https://eqlwiki.com/Upper_Guk,,2026-07-28,,,,Yes,Partial / conflicting,Unverified lead,No,D,Meaningful current or historical lead without enough support for active promotion.,Source conflict,,,,Unverified current Wiki / inherited classic evidence,,EQL-LOOT-1.0,research,Quarantined,,B23-UGUK-RES-008,,,No,Yes,Quarantined research record; hidden from default loot results.,,,,,,,,,,,,,,,,,,,Open-world indoor dungeon,,,,,,,,,,,,,,,,,,,,,,,,,,,,,,,,,Open World,Open World,,,,,,,,,,,,,,,,,,,,,,,,,,,,,,,,,,,,,,,,,,,,,,,,,,,,,,,,,,,,,,,,,,,,No,,,,,,,,,,,,,,,,,,,,Available,Current EQL zone; no comprehensive revamp officially established,,,,Confirmed,Unconfirmed,,,,,,B23-UGUK,
66,B23-UGUK-RES-009,23,Antonica,Upper Guk,Pouch of Ghoul Ash — Necromancer source,,,,,,,,,,,,,,,,,,,,,,,,,,,,,,,,,,,,,,,,,,,,,,Zone-specific,Supplemental,Low,https://eqlwiki.com/Upper_Guk,https://wiki.project1999.com/Upper_Guk,Verify whether the low-level Froglok Necromancer currently drops the item.,Yes,1,,,,,,,Unresolved; direct-build or stronger current evidence required,Quarantine,,,,,,,,,,https://eqlwiki.com/Upper_Guk,,2026-07-28,,,,Yes,Partial / conflicting,Unverified lead,No,D,Meaningful current or historical lead without enough support for active promotion.,Source conflict,,,,Unverified current Wiki / inherited classic evidence,,EQL-LOOT-1.0,research,Quarantined,,B23-UGUK-RES-009,,,No,Yes,Quarantined research record; hidden from default loot results.,,,,,,,,,,,,,,,,,,,Open-world indoor dungeon,,,,,,,,,,,,,,,,,,,,,,,,,,,,,,,,,Open World,Open World,,,,,,,,,,,,,,,,,,,,,,,,,,,,,,,,,,,,,,,,,,,,,,,,,,,,,,,,,,,,,,,,,,,,No,,,,,,,,,,,,,,,,,,,,Available,Current EQL zone; no comprehensive revamp officially established,,,,Confirmed,Unconfirmed,,,,,,B23-UGUK,
67,B23-UGUK-RES-010,23,Antonica,Upper Guk,Golden Rod exact source,,,,,,,,,,,,,,,,,,,,,,,,,,,,,,,,,,,,,,,,,,,,,,Zone-specific,Supplemental,Low,https://eqlwiki.com/Upper_Guk,https://wiki.project1999.com/Upper_Guk,Resolve Summoner versus Priest versus Shin Knight in the shared room.,Yes,1,,,,,,,Unresolved; direct-build or stronger current evidence required,Quarantine,,,,,,,,,,https://eqlwiki.com/Upper_Guk,,2026-07-28,,,,Yes,Partial / conflicting,Unverified lead,No,D,Meaningful current or historical lead without enough support for active promotion.,Source conflict,,,,Unverified current Wiki / inherited classic evidence,,EQL-LOOT-1.0,research,Quarantined,,B23-UGUK-RES-010,,,No,Yes,Quarantined research record; hidden from default loot results.,,,,,,,,,,,,,,,,,,,Open-world indoor dungeon,,,,,,,,,,,,,,,,,,,,,,,,,,,,,,,,,Open World,Open World,,,,,,,,,,,,,,,,,,,,,,,,,,,,,,,,,,,,,,,,,,,,,,,,,,,,,,,,,,,,,,,,,,,,No,,,,,,,,,,,,,,,,,,,,Available,Current EQL zone; no comprehensive revamp officially established,,,,Confirmed,Unconfirmed,,,,,,B23-UGUK,
68,B23-UGUK-RES-011,23,Antonica,Upper Guk,Complete Mesh piece/source census,,,,,,,,,,,,,,,,,,,,,,,,,,,,,,,,,,,,,,,,,,,,,,Zone-specific,Supplemental,Low,https://eqlwiki.com/Upper_Guk,https://wiki.project1999.com/Upper_Guk,Map every current Mesh piece to useful exact sources or narrow source families.,Yes,1,,,,,,,Unresolved; direct-build or stronger current evidence required,Quarantine,,,,,,,,,,https://eqlwiki.com/Upper_Guk,,2026-07-28,,,,Yes,Partial / conflicting,Unverified lead,No,D,Meaningful current or historical lead without enough support for active promotion.,Incomplete census,,,,Unverified current Wiki / inherited classic evidence,,EQL-LOOT-1.0,research,Quarantined,,B23-UGUK-RES-011,,,No,Yes,Quarantined research record; hidden from default loot results.,,,,,,,,,,,,,,,,,,,Open-world indoor dungeon,,,,,,,,,,,,,,,,,,,,,,,,,,,,,,,,,Open World,Open World,,,,,,,,,,,,,,,,,,,,,,,,,,,,,,,,,,,,,,,,,,,,,,,,,,,,,,,,,,,,,,,,,,,,No,,,,,,,,,,,,,,,,,,,,Available,Current EQL zone; no comprehensive revamp officially established,,,,Confirmed,Unconfirmed,,,,,,B23-UGUK,
69,B23-UGUK-RES-012,23,Antonica,Upper Guk,Complete Woven piece/source census,,,,,,,,,,,,,,,,,,,,,,,,,,,,,,,,,,,,,,,,,,,,,,Zone-specific,Supplemental,Low,https://eqlwiki.com/Upper_Guk,https://wiki.project1999.com/Upper_Guk,Map every current Woven piece to useful source families.,Yes,1,,,,,,,Unresolved; direct-build or stronger current evidence required,Quarantine,,,,,,,,,,https://eqlwiki.com/Upper_Guk,,2026-07-28,,,,Yes,Partial / conflicting,Unverified lead,No,D,Meaningful current or historical lead without enough support for active promotion.,Incomplete census,,,,Unverified current Wiki / inherited classic evidence,,EQL-LOOT-1.0,research,Quarantined,,B23-UGUK-RES-012,,,No,Yes,Quarantined research record; hidden from default loot results.,,,,,,,,,,,,,,,,,,,Open-world indoor dungeon,,,,,,,,,,,,,,,,,,,,,,,,,,,,,,,,,Open World,Open World,,,,,,,,,,,,,,,,,,,,,,,,,,,,,,,,,,,,,,,,,,,,,,,,,,,,,,,,,,,,,,,,,,,,No,,,,,,,,,,,,,,,,,,,,Available,Current EQL zone; no comprehensive revamp officially established,,,,Confirmed,Unconfirmed,,,,,,B23-UGUK,
70,B23-UGUK-RES-013,23,Antonica,Upper Guk,Complete Netted piece/source census,,,,,,,,,,,,,,,,,,,,,,,,,,,,,,,,,,,,,,,,,,,,,,Zone-specific,Supplemental,Low,https://eqlwiki.com/Upper_Guk,https://wiki.project1999.com/Upper_Guk,Map every current Netted piece to useful source families.,Yes,1,,,,,,,Unresolved; direct-build or stronger current evidence required,Quarantine,,,,,,,,,,https://eqlwiki.com/Upper_Guk,,2026-07-28,,,,Yes,Partial / conflicting,Unverified lead,No,D,Meaningful current or historical lead without enough support for active promotion.,Incomplete census,,,,Unverified current Wiki / inherited classic evidence,,EQL-LOOT-1.0,research,Quarantined,,B23-UGUK-RES-013,,,No,Yes,Quarantined research record; hidden from default loot results.,,,,,,,,,,,,,,,,,,,Open-world indoor dungeon,,,,,,,,,,,,,,,,,,,,,,,,,,,,,,,,,Open World,Open World,,,,,,,,,,,,,,,,,,,,,,,,,,,,,,,,,,,,,,,,,,,,,,,,,,,,,,,,,,,,,,,,,,,,No,,,,,,,,,,,,,,,,,,,,Available,Current EQL zone; no comprehensive revamp officially established,,,,Confirmed,Unconfirmed,,,,,,B23-UGUK,
71,B23-UGUK-RES-014,23,Antonica,Upper Guk,Shin Gauntlets exact source,,,,,,,,,,,,,,,,,,,,,,,,,,,,,,,,,,,,,,,,,,,,,,Zone-specific,Supplemental,Low,https://eqlwiki.com/Upper_Guk,https://wiki.project1999.com/Upper_Guk,Verify current Upper Guk source or source family.,Yes,1,,,,,,,Unresolved; direct-build or stronger current evidence required,Quarantine,,,,,,,,,,https://eqlwiki.com/Upper_Guk,,2026-07-28,,,,Yes,Partial / conflicting,Unverified lead,No,D,Meaningful current or historical lead without enough support for active promotion.,Source unresolved,,,,Unverified current Wiki / inherited classic evidence,,EQL-LOOT-1.0,research,Quarantined,,B23-UGUK-RES-014,,,No,Yes,Quarantined research record; hidden from default loot results.,,,,,,,,,,,,,,,,,,,Open-world indoor dungeon,,,,,,,,,,,,,,,,,,,,,,,,,,,,,,,,,Open World,Open World,,,,,,,,,,,,,,,,,,,,,,,,,,,,,,,,,,,,,,,,,,,,,,,,,,,,,,,,,,,,,,,,,,,,No,,,,,,,,,,,,,,,,,,,,Available,Current EQL zone; no comprehensive revamp officially established,,,,Confirmed,Unconfirmed,,,,,,B23-UGUK,
72,B23-UGUK-RES-015,23,Antonica,Upper Guk,Shin Greaves exact source,,,,,,,,,,,,,,,,,,,,,,,,,,,,,,,,,,,,,,,,,,,,,,Zone-specific,Supplemental,Low,https://eqlwiki.com/Upper_Guk,https://wiki.project1999.com/Upper_Guk,Verify current Upper Guk source or source family.,Yes,1,,,,,,,Unresolved; direct-build or stronger current evidence required,Quarantine,,,,,,,,,,https://eqlwiki.com/Upper_Guk,,2026-07-28,,,,Yes,Partial / conflicting,Unverified lead,No,D,Meaningful current or historical lead without enough support for active promotion.,Source unresolved,,,,Unverified current Wiki / inherited classic evidence,,EQL-LOOT-1.0,research,Quarantined,,B23-UGUK-RES-015,,,No,Yes,Quarantined research record; hidden from default loot results.,,,,,,,,,,,,,,,,,,,Open-world indoor dungeon,,,,,,,,,,,,,,,,,,,,,,,,,,,,,,,,,Open World,Open World,,,,,,,,,,,,,,,,,,,,,,,,,,,,,,,,,,,,,,,,,,,,,,,,,,,,,,,,,,,,,,,,,,,,No,,,,,,,,,,,,,,,,,,,,Available,Current EQL zone; no comprehensive revamp officially established,,,,Confirmed,Unconfirmed,,,,,,B23-UGUK,
73,B23-UGUK-RES-016,23,Antonica,Upper Guk,Lambent Armor quest availability,,,,,,,,,,,,,,,,,,,,,,,,,,,,,,,,,,,,,,,,,,,,,,Zone-specific,Supplemental,Low,https://eqlwiki.com/Upper_Guk,https://wiki.project1999.com/Upper_Guk,Verify current quest implementation and era status for Shin components.,Yes,1,,,,,,,Unresolved; direct-build or stronger current evidence required,Quarantine,,,,,,,,,,https://eqlwiki.com/Upper_Guk,,2026-07-28,,,,Yes,Partial / conflicting,Unverified lead,No,D,Meaningful current or historical lead without enough support for active promotion.,Quest availability,,,,Unverified current Wiki / inherited classic evidence,,EQL-LOOT-1.0,research,Quarantined,,B23-UGUK-RES-016,,,No,Yes,Quarantined research record; hidden from default loot results.,,,,,,,,,,,,,,,,,,,Open-world indoor dungeon,,,,,,,,,,,,,,,,,,,,,,,,,,,,,,,,,Open World,Open World,,,,,,,,,,,,,,,,,,,,,,,,,,,,,,,,,,,,,,,,,,,,,,,,,,,,,,,,,,,,,,,,,,,,No,,,,,,,,,,,,,,,,,,,,Available,Current EQL zone; no comprehensive revamp officially established,,,,Confirmed,Unconfirmed,,,,,,B23-UGUK,
74,B23-UGUK-RES-017,23,Antonica,Upper Guk,Froglok Leg identity,,,,,,,,,,,,,,,,,,,,,,,,,,,,,,,,,,,,,,,,,,,,,,Zone-specific,Supplemental,Low,https://eqlwiki.com/Upper_Guk,https://wiki.project1999.com/Upper_Guk,Disambiguate the lore/no-drop quest version from similarly named items.,Yes,1,,,,,,,Unresolved; direct-build or stronger current evidence required,Quarantine,,,,,,,,,,https://eqlwiki.com/Upper_Guk,,2026-07-28,,,,Yes,Partial / conflicting,Unverified lead,No,D,Meaningful current or historical lead without enough support for active promotion.,Item identity conflict,,,,Unverified current Wiki / inherited classic evidence,,EQL-LOOT-1.0,research,Quarantined,,B23-UGUK-RES-017,,,No,Yes,Quarantined research record; hidden from default loot results.,,,,,,,,,,,,,,,,,,,Open-world indoor dungeon,,,,,,,,,,,,,,,,,,,,,,,,,,,,,,,,,Open World,Open World,,,,,,,,,,,,,,,,,,,,,,,,,,,,,,,,,,,,,,,,,,,,,,,,,,,,,,,,,,,,,,,,,,,,No,,,,,,,,,,,,,,,,,,,,Available,Current EQL zone; no comprehensive revamp officially established,,,,Confirmed,Unconfirmed,,,,,,B23-UGUK,
75,B23-UGUK-RES-018,23,Antonica,Upper Guk,Froglok Leg current source,,,,,,,,,,,,,,,,,,,,,,,,,,,,,,,,,,,,,,,,,,,,,,Zone-specific,Supplemental,Low,https://eqlwiki.com/Upper_Guk,https://wiki.project1999.com/Upper_Guk,Verify exact Ton Warrior or other current source.,Yes,1,,,,,,,Unresolved; direct-build or stronger current evidence required,Quarantine,,,,,,,,,,https://eqlwiki.com/Upper_Guk,,2026-07-28,,,,Yes,Partial / conflicting,Unverified lead,No,D,Meaningful current or historical lead without enough support for active promotion.,Source unresolved,,,,Unverified current Wiki / inherited classic evidence,,EQL-LOOT-1.0,research,Quarantined,,B23-UGUK-RES-018,,,No,Yes,Quarantined research record; hidden from default loot results.,,,,,,,,,,,,,,,,,,,Open-world indoor dungeon,,,,,,,,,,,,,,,,,,,,,,,,,,,,,,,,,Open World,Open World,,,,,,,,,,,,,,,,,,,,,,,,,,,,,,,,,,,,,,,,,,,,,,,,,,,,,,,,,,,,,,,,,,,,No,,,,,,,,,,,,,,,,,,,,Available,Current EQL zone; no comprehensive revamp officially established,,,,Confirmed,Unconfirmed,,,,,,B23-UGUK,
76,B23-UGUK-RES-019,23,Antonica,Upper Guk,Green Froglok Skin source scope,,,,,,,,,,,,,,,,,,,,,,,,,,,,,,,,,,,,,,,,,,,,,,Zone-specific,Supplemental,Low,https://eqlwiki.com/Upper_Guk,https://wiki.project1999.com/Upper_Guk,Determine the current narrowest defensible source family.,Yes,1,,,,,,,Unresolved; direct-build or stronger current evidence required,Quarantine,,,,,,,,,,https://eqlwiki.com/Upper_Guk,,2026-07-28,,,,Yes,Partial / conflicting,Unverified lead,No,D,Meaningful current or historical lead without enough support for active promotion.,Broad source unresolved,,,,Unverified current Wiki / inherited classic evidence,,EQL-LOOT-1.0,research,Quarantined,,B23-UGUK-RES-019,,,No,Yes,Quarantined research record; hidden from default loot results.,,,,,,,,,,,,,,,,,,,Open-world indoor dungeon,,,,,,,,,,,,,,,,,,,,,,,,,,,,,,,,,Open World,Open World,,,,,,,,,,,,,,,,,,,,,,,,,,,,,,,,,,,,,,,,,,,,,,,,,,,,,,,,,,,,,,,,,,,,No,,,,,,,,,,,,,,,,,,,,Available,Current EQL zone; no comprehensive revamp officially established,,,,Confirmed,Unconfirmed,,,,,,B23-UGUK,
77,B23-UGUK-RES-020,23,Antonica,Upper Guk,Fungus Spores historical versus EQL status,,,,,,,,,,,,,,,,,,,,,,,,,,,,,,,,,,,,,,,,,,,,,,Zone-specific,Supplemental,Low,https://eqlwiki.com/Upper_Guk,https://wiki.project1999.com/Upper_Guk,Determine whether the item is EQL-added or historical but newly surfaced.,Yes,1,,,,,,,Unresolved; direct-build or stronger current evidence required,Quarantine,,,,,,,,,,https://eqlwiki.com/Upper_Guk,,2026-07-28,,,,Yes,Partial / conflicting,Unverified lead,No,D,Meaningful current or historical lead without enough support for active promotion.,Era unresolved,,,,Unverified current Wiki / inherited classic evidence,,EQL-LOOT-1.0,research,Quarantined,,B23-UGUK-RES-020,,,No,Yes,Quarantined research record; hidden from default loot results.,,,,,,,,,,,,,,,,,,,Open-world indoor dungeon,,,,,,,,,,,,,,,,,,,,,,,,,,,,,,,,,Open World,Open World,,,,,,,,,,,,,,,,,,,,,,,,,,,,,,,,,,,,,,,,,,,,,,,,,,,,,,,,,,,,,,,,,,,,No,,,,,,,,,,,,,,,,,,,,Available,Current EQL zone; no comprehensive revamp officially established,,,,Confirmed,Unconfirmed,,,,,,B23-UGUK,
78,B23-UGUK-RES-021,23,Antonica,Upper Guk,Tempus current implementation,,,,,,,,,,,,,,,,,,,,,,,,,,,,,,,,,,,,,,,,,,,,,,Zone-specific,Supplemental,Low,https://eqlwiki.com/Upper_Guk,https://wiki.project1999.com/Upper_Guk,"Verify current spawn, level, faction, and loot.",Yes,1,,,,,,,Unresolved; direct-build or stronger current evidence required,Quarantine,,,,,,,,,,https://eqlwiki.com/Upper_Guk,,2026-07-28,,,,Yes,Partial / conflicting,Unverified lead,No,D,Meaningful current or historical lead without enough support for active promotion.,Implementation unresolved,,,,Unverified current Wiki / inherited classic evidence,,EQL-LOOT-1.0,research,Quarantined,,B23-UGUK-RES-021,,,No,Yes,Quarantined research record; hidden from default loot results.,,,,,,,,,,,,,,,,,,,Open-world indoor dungeon,,,,,,,,,,,,,,,,,,,,,,,,,,,,,,,,,Open World,Open World,,,,,,,,,,,,,,,,,,,,,,,,,,,,,,,,,,,,,,,,,,,,,,,,,,,,,,,,,,,,,,,,,,,,No,,,,,,,,,,,,,,,,,,,,Available,Current EQL zone; no comprehensive revamp officially established,,,,Confirmed,Unconfirmed,,,,,,B23-UGUK,
79,B23-UGUK-RES-022,23,Antonica,Upper Guk,Skeletal Monk loot and assist behavior,,,,,,,,,,,,,,,,,,,,,,,,,,,,,,,,,,,,,,,,,,,,,,Zone-specific,Supplemental,Low,https://eqlwiki.com/Upper_Guk,https://wiki.project1999.com/Upper_Guk,"Verify current loot, social assist with Tempus, and faction.",Yes,1,,,,,,,Unresolved; direct-build or stronger current evidence required,Quarantine,,,,,,,,,,https://eqlwiki.com/Upper_Guk,,2026-07-28,,,,Yes,Partial / conflicting,Unverified lead,No,D,Meaningful current or historical lead without enough support for active promotion.,Implementation unresolved,,,,Unverified current Wiki / inherited classic evidence,,EQL-LOOT-1.0,research,Quarantined,,B23-UGUK-RES-022,,,No,Yes,Quarantined research record; hidden from default loot results.,,,,,,,,,,,,,,,,,,,Open-world indoor dungeon,,,,,,,,,,,,,,,,,,,,,,,,,,,,,,,,,Open World,Open World,,,,,,,,,,,,,,,,,,,,,,,,,,,,,,,,,,,,,,,,,,,,,,,,,,,,,,,,,,,,,,,,,,,,No,,,,,,,,,,,,,,,,,,,,Available,Current EQL zone; no comprehensive revamp officially established,,,,Confirmed,Unconfirmed,,,,,,B23-UGUK,
80,B23-UGUK-RES-023,23,Antonica,Upper Guk,Froglok Outlander contamination,,,,,,,,,,,,,,,,,,,,,,,,,,,,,,,,,,,,,,,,,,,,,,Zone-specific,Supplemental,Low,https://eqlwiki.com/Upper_Guk,https://wiki.project1999.com/Upper_Guk,Determine whether this later-era record is incorrectly indexed into Upper Guk.,Yes,1,,,,,,,Unresolved; direct-build or stronger current evidence required,Quarantine,,,,,,,,,,https://eqlwiki.com/Upper_Guk,,2026-07-28,,,,Yes,Partial / conflicting,Unverified lead,No,D,Meaningful current or historical lead without enough support for active promotion.,Later-era contamination,,,,Unverified current Wiki / inherited classic evidence,,EQL-LOOT-1.0,research,Quarantined,,B23-UGUK-RES-023,,,No,Yes,Quarantined research record; hidden from default loot results.,,,,,,,,,,,,,,,,,,,Open-world indoor dungeon,,,,,,,,,,,,,,,,,,,,,,,,,,,,,,,,,Open World,Open World,,,,,,,,,,,,,,,,,,,,,,,,,,,,,,,,,,,,,,,,,,,,,,,,,,,,,,,,,,,,,,,,,,,,No,,,,,,,,,,,,,,,,,,,,Available,Current EQL zone; no comprehensive revamp officially established,,,,Confirmed,Unconfirmed,,,,,,B23-UGUK,
81,B23-UGUK-RES-024,23,Antonica,Upper Guk,Complete current Upper Guk NPC census,,,,,,,,,,,,,,,,,,,,,,,,,,,,,,,,,,,,,,,,,,,,,,Zone-specific,Supplemental,Low,https://eqlwiki.com/Upper_Guk,https://wiki.project1999.com/Upper_Guk,"Verify all active NPCs, levels, named encounters, and removed legacy entries.",Yes,1,,,,,,,Unresolved; direct-build or stronger current evidence required,Quarantine,,,,,,,,,,https://eqlwiki.com/Upper_Guk,,2026-07-28,,,,Yes,Partial / conflicting,Unverified lead,No,D,Meaningful current or historical lead without enough support for active promotion.,Incomplete census,,,,Unverified current Wiki / inherited classic evidence,,EQL-LOOT-1.0,research,Quarantined,,B23-UGUK-RES-024,,,No,Yes,Quarantined research record; hidden from default loot results.,,,,,,,,,,,,,,,,,,,Open-world indoor dungeon,,,,,,,,,,,,,,,,,,,,,,,,,,,,,,,,,Open World,Open World,,,,,,,,,,,,,,,,,,,,,,,,,,,,,,,,,,,,,,,,,,,,,,,,,,,,,,,,,,,,,,,,,,,,No,,,,,,,,,,,,,,,,,,,,Available,Current EQL zone; no comprehensive revamp officially established,,,,Confirmed,Unconfirmed,,,,,,B23-UGUK,
82,B23-UGUK-RES-025,23,Antonica,Upper Guk,Upper Guk geometry and zone-line verification,,,,,,,,,,,,,,,,,,,,,,,,,,,,,,,,,,,,,,,,,,,,,,Zone-specific,Supplemental,Low,https://eqlwiki.com/Upper_Guk,https://wiki.project1999.com/Upper_Guk,Verify current layout and all live/dead Lower Guk transitions.,Yes,1,,,,,,,Unresolved; direct-build or stronger current evidence required,Quarantine,,,,,,,,,,https://eqlwiki.com/Upper_Guk,,2026-07-28,,,,Yes,Partial / conflicting,Unverified lead,No,D,Meaningful current or historical lead without enough support for active promotion.,Layout unresolved,,,,Unverified current Wiki / inherited classic evidence,,EQL-LOOT-1.0,research,Quarantined,,B23-UGUK-RES-025,,,No,Yes,Quarantined research record; hidden from default loot results.,,,,,,,,,,,,,,,,,,,Open-world indoor dungeon,,,,,,,,,,,,,,,,,,,,,,,,,,,,,,,,,Open World,Open World,,,,,,,,,,,,,,,,,,,,,,,,,,,,,,,,,,,,,,,,,,,,,,,,,,,,,,,,,,,,,,,,,,,,No,,,,,,,,,,,,,,,,,,,,Available,Current EQL zone; no comprehensive revamp officially established,,,,Confirmed,Unconfirmed,,,,,,B23-UGUK,
