index,record_id,batch,continent,zone,item_name,item_category,slot,equippable,inventory_only,magic,lore,no_drop,quest_item,weight,size,classes_classic,races_classic,stats_raw,damage,delay,weapon_skill,proc_click_focus,source_npc,source_npc_level,source_npc_class,source_npc_race_type,placeholder,placeholder_level_range,nearby_enemy_level_range,spawn_type,spawn_location,respawn_timer,time_condition,special_abilities,social_or_add_risk,faction_consequences,drop_frequency,drop_rate_reported,drop_notes,era_status,tlp_status,legends_status,best_for_classes,best_for_archetypes,general_value_notes,personal_build_notes,effect_transfer_value,target_priority_general,duplicate_item_group,inclusion_reason,source_scope,core_or_supplemental,data_confidence,source_primary,source_secondary,research_notes,approved,revision,stats_classic,stats_eql,classes_eql,races_eql,source_npc_level_classic,source_npc_level_eql,eql_verification_status,eql_audit_action,eql_npc_confirmed,eql_item_confirmed,eql_drop_source_confirmed,eql_stats_match,eql_classes_match,eql_races_match,eql_effect_match,eql_spawn_match,eql_era_status,eql_wiki_source,eql_official_source,eql_last_checked,eql_changes_summary,eql_verification_notes,official_override_status,official_source_checked,eql_wiki_listing_status,eql_wiki_verification_state,current_build_confirmed,evidence_grade,evidence_strength,conflict_status,classic_original_launch,classic_historical_era,last_directly_observed,primary_evidence_layer,per_field_provenance_notes,schema_version,record_type,record_status,source_record_id,canonical_record_id,parent_record_id,related_record_ids,display_default,searchable,record_notes,faction_risk_level,faction_hits_known,faction_gains_known,city_access_risk,merchant_access_risk,quest_access_risk,initial_disposition,protected_npc_type,faction_behavior_notes,creature_family,creature_subfamily,normalized_source_name,source_name_aliases,shared_loot_family,family_faction,family_hostility,family_zone_scope,source_variant_notes,zone_type,zone_subarea,zone_wing,zone_floor,camp_or_room,location_coordinates,location_description,navigation_notes,escape_or_exit_risk,environmental_hazards,encounter_name,encounter_type,encounter_tier,encounter_group_size,encounter_raid_size,encounter_difficulty,encounter_trigger,encounter_scripted,encounter_phases,encounter_adds,encounter_failure_condition,encounter_reset_behavior,encounter_notes,placeholder_npc,placeholder_cycle,spawn_probability,spawn_count,spawn_window,respawn_variance,despawn_condition,spawn_dependencies,spawn_guaranteed,spawn_mechanics_notes,instance_status,instance_type,instance_name,instance_entry_method,instance_reuse_timer,loot_lockout_type,loot_lockout_duration,lockout_scope,lockout_applies_per_npc,lockout_applies_per_instance,lockout_bypass_conditions,instance_notes,loot_delivery_method,loot_container_name,loot_table_name,loot_table_tier,loot_pool_type,loot_roll_type,loot_quantity_min,loot_quantity_max,loot_slots_reported,loot_selection_behavior,shared_loot_notes,currency_drop,loot_delivery_notes,drop_rate_type,drop_rate_numerator,drop_rate_denominator,drop_rate_sample_size,drop_rate_pool_probability,drop_rate_item_probability,drop_rate_source,drop_rate_confidence,drop_rate_conditions,access_requirement,access_key_item,access_key_consumed,access_quest,minimum_recommended_level,minimum_group_size,minimum_raid_size,class_role_requirements,door_or_lock_requirement,levitation_required,underwater_required,resist_requirements,corpse_recovery_difficulty,bind_or_reentry_notes,access_notes,encounter_hp,encounter_ac,damage_per_hit_min,damage_per_hit_max,attacks_per_round,aoe_effects,single_target_effects,debuffs,summons_players,enrages,rampage,flurry,banishes,mem_blur,charm,fear,death_touch,resist_profile,immunity_profile,combat_mechanics_notes,raid_target,raid_classification,raid_progression_role,raid_prerequisite,contested_status,racing_or_engagement_rules,racing_line,open_world_competition,recommended_composition,raid_notes,quest_name,quest_step,quest_role,epic_class,progression_category,required_for_access,required_for_spawn,required_for_turn_in,reward_type,quest_dependency_notes,content_availability,availability_context,availability_start,availability_end,availability_condition,beta_availability_status,launch_availability_status,instance_availability_status,compatibility_action,compatibility_reason,custom_tags,alternate_names,content_group_id,data_extension_json
1,B21-MMC-001,21,Faydwer,Mistmoore Castle,Bloodstone Eyepatch,Armor,FACE,Yes,No,Yes,,,,0.1,SMALL,ALL except NEC WIZ MAG ENC,ALL,AC 4; WIS +3; AGI +3,,,,,an imp familiar,29-35,Summoned Familiar,Summoned Creature,,,,Rare spawn,Imp familiar camp,,,,,,,,,Classic Era,,Current EQL Wiki-listed,,,,,,,,"Notable equipment, quest item, utility item, or progression relationship.",Zone-specific,Core,Medium,https://eqlwiki.com/Mistmoore_Castle,https://wiki.project1999.com/Mistmoore_Castle,,Yes,1,AC 4; WIS +3; AGI +3,AC 4; WIS +3; AGI +3,ALL except NEC WIZ MAG ENC,ALL,29-35,29-35,Current EQL Wiki-listed; direct-build unconfirmed,Add,Wiki,Wiki,Wiki,No identified change,No identified change,No identified change,No identified change,Unverified,Classic-retained,https://eqlwiki.com/Mistmoore_Castle,,2026-07-28,,,,Yes,Listed,Current Wiki evidence,No,C,Current EQL Wiki item/zone listing with classic comparison.,None identified,Yes,Classic,,Current EQL Wiki,Current fields from EQL Wiki zone/item/NPC pages; classic fields from Project 1999/classic-era baseline.,EQL-LOOT-1.0,loot,Active,,B21-MMC-001,,,Yes,Yes,,,Agents of Mistmoore -30; Mayong Mistmoore -30,King Tearis Thex +10; League of Antonican Bards +10; Ring of Scale +10,,,,Hostile,,,Summoned Creature,,an imp familiar,,,Agents of Mistmoore / Mayong Mistmoore,Hostile,Mistmoore Castle,,Open-world indoor/outdoor dungeon,Graveyard,,,Imp familiar camp,,,,,,an imp familiar,Named / notable source,,,,,,,,,,,,,,,,,,,,,,Open World,Open World,,,,,,,,,,,NPC Corpse,,,,,,,,,,,,,,,,,,,,,,,,,,,,,,,,,,,,,,,,,,,,,,,,,,,,,,,,,No,,,,,,,,,,,,,,,,,,,,Available,Current EQL beta-era content,,,,Confirmed,Unconfirmed,,,,,,B21-MMC,
2,B21-MMC-002,21,Faydwer,Mistmoore Castle,Sacrificial Dagger,Weapon,PRIMARY SECONDARY,Yes,No,Yes,,,,2.5,MEDIUM,ALL except CLR PAL DRU MNK SHM,ALL,INT +5; BACKSTAB +5,5,21,Piercing,,an imp familiar,29-35,Summoned Familiar,Summoned Creature,,,,Rare spawn,Imp familiar camp,,,,,,,,,Classic Era,,Current EQL Wiki-listed,,,Weapon ratio 0.238,,,,,"Notable equipment, quest item, utility item, or progression relationship.",Zone-specific,Core,Medium,https://eqlwiki.com/Mistmoore_Castle,https://wiki.project1999.com/Mistmoore_Castle,,Yes,1,,INT +5; BACKSTAB +5,ALL except CLR PAL DRU MNK SHM,ALL,29-35,29-35,Current EQL Wiki-listed; direct-build unconfirmed,Add,Wiki,Wiki,Wiki,Changed,No identified change,No identified change,No identified change,Unverified,Classic-retained with EQL changes,https://eqlwiki.com/Mistmoore_Castle,,2026-07-28,Probable EQL stat addition: Backstab +5.,,,Yes,Listed,Current Wiki evidence,No,C,Current EQL Wiki item/zone listing with classic comparison.,None identified,Yes,Classic,,Current EQL Wiki,Current fields from EQL Wiki zone/item/NPC pages; classic fields from Project 1999/classic-era baseline.,EQL-LOOT-1.0,loot,Active,,B21-MMC-002,,,Yes,Yes,,,Agents of Mistmoore -30; Mayong Mistmoore -30,King Tearis Thex +10; League of Antonican Bards +10; Ring of Scale +10,,,,Hostile,,,Summoned Creature,,an imp familiar,,,Agents of Mistmoore / Mayong Mistmoore,Hostile,Mistmoore Castle,,Open-world indoor/outdoor dungeon,Graveyard,,,Imp familiar camp,,,,,,an imp familiar,Named / notable source,,,,,,,,,,,,,,,,,,,,,,Open World,Open World,,,,,,,,,,,NPC Corpse,,,,,,,,,,,,,,,,,,,,,,,,,,,,,,,,,,,,,,,,,,,,,,,,,,,,,,,,,No,,,,,,,,,,,,,,,,,,,,Available,Current EQL beta-era content,,,,Confirmed,Unconfirmed,,,,,,B21-MMC,
3,B21-MMC-003,21,Faydwer,Mistmoore Castle,Crested Mistmoore Shield,Shield,SECONDARY,Yes,No,Yes,Yes,,,6.5,MEDIUM,WAR CLR PAL RNG SHD DRU BRD ROG SHM,ALL,AC 10; DEX +6; SV DISEASE +10; SV MAGIC +10; SV POISON +10,,,,,a glyphed ghoul,27-32,Warrior,Undead Ghoul,,,,,Glyphed ghoul camp,,,,,,,,,Classic Era,,Current EQL Wiki-listed,,,,,,,,"Notable equipment, quest item, utility item, or progression relationship.",Zone-specific,Core,Medium,https://eqlwiki.com/Mistmoore_Castle,https://wiki.project1999.com/Mistmoore_Castle,,Yes,1,AC 10; DEX +6; SV DISEASE +10; SV MAGIC +10; SV POISON +10,AC 10; DEX +6; SV DISEASE +10; SV MAGIC +10; SV POISON +10,WAR CLR PAL RNG SHD DRU BRD ROG SHM,ALL,27-32,27-32,Current EQL Wiki-listed; direct-build unconfirmed,Add,Wiki,Wiki,Wiki,No identified change,No identified change,No identified change,No identified change,,Classic-retained,https://eqlwiki.com/Mistmoore_Castle,,2026-07-28,,,,Yes,Listed,Current Wiki evidence,No,C,Current EQL Wiki item/zone listing with classic comparison.,None identified,Yes,Classic,,Current EQL Wiki,Current fields from EQL Wiki zone/item/NPC pages; classic fields from Project 1999/classic-era baseline.,EQL-LOOT-1.0,loot,Active,,B21-MMC-003,,,Yes,Yes,,,Agents of Mistmoore -30; Mayong Mistmoore -30,King Tearis Thex +10; League of Antonican Bards +10; Ring of Scale +10,,,,Hostile,,,Undead Ghoul,,a glyphed ghoul,,,Agents of Mistmoore / Mayong Mistmoore,Hostile,Mistmoore Castle,,Open-world indoor/outdoor dungeon,Graveyard,,,Glyphed ghoul camp,,,,,,a glyphed ghoul,Named / notable source,,,,,,,,,,,,,,,,,,,,,,Open World,Open World,,,,,,,,,,,NPC Corpse,,,,,,,,,,,,,,,,,,,,,,,,,,,,,,,,,,,,,,,,,,,,,,,,,,,,,,,,,No,,,,,,,,,,,,,,,,,,,,Available,Current EQL beta-era content,,,,Confirmed,Unconfirmed,,,,,,B21-MMC,
4,B21-MMC-004,21,Faydwer,Mistmoore Castle,Crested Helm,Armor,HEAD,Yes,No,Yes,,,,5.0,SMALL,WAR CLR PAL RNG SHD BRD ROG,ALL except IKS,AC 10; STR +6; CHA +3,,,,,an avenging caitiff,30-33,Warrior,Undead Retainer,,,,Named / placeholder cycle,Jail stairs,23:00,,,,,,,,Classic Era,,Current EQL Wiki-listed,,,,,,,,"Notable equipment, quest item, utility item, or progression relationship.",Zone-specific,Core,Medium,https://eqlwiki.com/Mistmoore_Castle,https://wiki.project1999.com/Mistmoore_Castle,,Yes,1,AC 10; STR +6; CHA +3,AC 10; STR +6; CHA +3,WAR CLR PAL RNG SHD BRD ROG,ALL except IKS,30-33,30-33,Current EQL Wiki-listed; direct-build unconfirmed,Add,Wiki,Wiki,Wiki,No identified change,No identified change,No identified change,No identified change,Unverified,Classic-retained,https://eqlwiki.com/Mistmoore_Castle,,2026-07-28,,,,Yes,Listed,Current Wiki evidence,No,C,Current EQL Wiki item/zone listing with classic comparison.,None identified,Yes,Classic,,Current EQL Wiki,Current fields from EQL Wiki zone/item/NPC pages; classic fields from Project 1999/classic-era baseline.,EQL-LOOT-1.0,loot,Active,,B21-MMC-004,,,Yes,Yes,,,,,,,,Hostile,,,Undead Retainer,,an avenging caitiff,,,Faction exception under audit,Hostile,Mistmoore Castle,,Open-world indoor/outdoor dungeon,Castle lower level,,,Jail stairs,,,,,,an avenging caitiff,Named / notable source,,,,,,,,,,,,,,,,,,,,,,Open World,Open World,,,,,,,,,,,NPC Corpse,,,,,,,,,,,,,,,,,,,,,,,,,,,,,,,,,,,,,,,,,,,,,,,,,,,,,,,,,No,,,,,,,,,,,,,,,,,,,,Available,Current EQL beta-era content,,,,Confirmed,Unconfirmed,,,,,,B21-MMC,
5,B21-MMC-005,21,Faydwer,Mistmoore Castle,Crested Spaulders,Armor,SHOULDERS,Yes,No,Yes,,,,4.5,SMALL,WAR CLR PAL RNG SHD BRD ROG,ALL,AC 11; STA +6,,,,,an avenging caitiff,30-33,Warrior,Undead Retainer,,,,Named / placeholder cycle,Jail stairs,23:00,,,,,,,,Classic Era,,Current EQL Wiki-listed,,,,,,,,"Notable equipment, quest item, utility item, or progression relationship.",Zone-specific,Core,Medium,https://eqlwiki.com/Mistmoore_Castle,https://wiki.project1999.com/Mistmoore_Castle,,Yes,1,AC 11; STA +6,AC 11; STA +6,WAR CLR PAL RNG SHD BRD ROG,ALL,30-33,30-33,Current EQL Wiki-listed; direct-build unconfirmed,Add,Wiki,Wiki,Wiki,No identified change,No identified change,No identified change,No identified change,Unverified,Classic-retained,https://eqlwiki.com/Mistmoore_Castle,,2026-07-28,,,,Yes,Listed,Current Wiki evidence,No,C,Current EQL Wiki item/zone listing with classic comparison.,None identified,Yes,Classic,,Current EQL Wiki,Current fields from EQL Wiki zone/item/NPC pages; classic fields from Project 1999/classic-era baseline.,EQL-LOOT-1.0,loot,Active,,B21-MMC-005,,,Yes,Yes,,,,,,,,Hostile,,,Undead Retainer,,an avenging caitiff,,,Faction exception under audit,Hostile,Mistmoore Castle,,Open-world indoor/outdoor dungeon,Castle lower level,,,Jail stairs,,,,,,an avenging caitiff,Named / notable source,,,,,,,,,,,,,,,,,,,,,,Open World,Open World,,,,,,,,,,,NPC Corpse,,,,,,,,,,,,,,,,,,,,,,,,,,,,,,,,,,,,,,,,,,,,,,,,,,,,,,,,,No,,,,,,,,,,,,,,,,,,,,Available,Current EQL beta-era content,,,,Confirmed,Unconfirmed,,,,,,B21-MMC,
6,B21-MMC-006,21,Faydwer,Mistmoore Castle,Hooded Black Cloak,Armor,BACK,Yes,No,Yes,Yes,,,2.5,MEDIUM,ALL,ALL,AC 10; STR +5; HP +45,,,,,a cloaked dhampyre,33,Shadow Knight,Undead Vampire,,,,Day/night-sensitive named,Fountain,22:00,Refreshes at approximately 06:00 and 20:00 game time,,,,,,,Classic Era,,Current EQL Wiki-listed,,,,,,,,"Notable equipment, quest item, utility item, or progression relationship.",Zone-specific,Core,Medium,https://eqlwiki.com/Mistmoore_Castle,https://wiki.project1999.com/Mistmoore_Castle,,Yes,1,AC 10; STR +5; HP +45,AC 10; STR +5; HP +45,ALL,ALL,33,33,Current EQL Wiki-listed; direct-build unconfirmed,Add,Wiki,Wiki,Wiki,No identified change,No identified change,No identified change,No identified change,Unverified,Classic-retained,https://eqlwiki.com/Mistmoore_Castle,,2026-07-28,,,,Yes,Listed,Current Wiki evidence,No,C,Current EQL Wiki item/zone listing with classic comparison.,None identified,Yes,Classic,,Current EQL Wiki,Current fields from EQL Wiki zone/item/NPC pages; classic fields from Project 1999/classic-era baseline.,EQL-LOOT-1.0,loot,Active,,B21-MMC-006,,,Yes,Yes,,,Agents of Mistmoore -30; Mayong Mistmoore -30,King Tearis Thex +10; League of Antonican Bards +10; Ring of Scale +10,,,,Hostile,,,Undead Vampire,,a cloaked dhampyre,,,Agents of Mistmoore / Mayong Mistmoore,Hostile,Mistmoore Castle,,Open-world indoor/outdoor dungeon,Courtyard,,,Fountain,,,,,,a cloaked dhampyre,Named / notable source,,,,,,,,,,,,,,,,,,,,,,Open World,Open World,,,,,,,,,,,NPC Corpse,,,,,,,,,,,,,,,,,,,,,,,,,,,,,,,,,,,,,,,,,,,,,,,,,,,,,,,,,No,,,,,,,,,,,,,,,,,,,,Available,Current EQL beta-era content,,,,Confirmed,Unconfirmed,,,,,,B21-MMC,
7,B21-MMC-007,21,Faydwer,Mistmoore Castle,Noble's Robes,Armor,CHEST,Yes,No,Yes,Yes,,,5.2,MEDIUM,CLR NEC WIZ MAG ENC,HUM ERU HIE DEF GNM IKS,AC 6; CHA +5; SV FIRE +6; SV DISEASE +3; SV COLD +6; SV MAGIC +3; SV POISON +3,,,,,a fallen noble,28,Cleric,Undead Noble,,,,Rare / time-sensitive,,,,,,,,,,Classic Era,,Current EQL Wiki-listed,,,,,,,,"Notable equipment, quest item, utility item, or progression relationship.",Zone-specific,Core,Medium,https://eqlwiki.com/Mistmoore_Castle,https://wiki.project1999.com/Mistmoore_Castle,,Yes,1,AC 6; CHA +5; SV FIRE +6; SV DISEASE +3; SV COLD +6; SV MAGIC +3; SV POISON +3,AC 6; CHA +5; SV FIRE +6; SV DISEASE +3; SV COLD +6; SV MAGIC +3; SV POISON +3,CLR NEC WIZ MAG ENC,ALL,28,28,Current EQL Wiki-listed; direct-build unconfirmed,Add,Wiki,Wiki,Wiki,Changed,No identified change,Changed,No identified change,Unverified,Classic-retained with EQL changes,https://eqlwiki.com/Mistmoore_Castle,,2026-07-28,Current EQL race eligibility appears expanded to ALL.,,,Yes,Listed,Current Wiki evidence,No,C,Current EQL Wiki item/zone listing with classic comparison.,Race eligibility requires current item-page priority,Yes,Classic,,Current EQL Wiki,Current fields from EQL Wiki zone/item/NPC pages; classic fields from Project 1999/classic-era baseline.,EQL-LOOT-1.0,loot,Active,,B21-MMC-007,,,Yes,Yes,,,,,,,,Hostile,,,Undead Noble,,a fallen noble,,,Agents of Mistmoore / Mayong Mistmoore,Hostile,Mistmoore Castle,,Open-world indoor/outdoor dungeon,Castle / night population,,,,,,,,,a fallen noble,Named / notable source,,,,,,,,,,,,,,,,,,,,,,Open World,Open World,,,,,,,,,,,NPC Corpse,,,,,,,,,,,,,,,,,,,,,,,,,,,,,,,,,,,,,,,,,,,,,,,,,,,,,,,,,No,,,,,,,,,,,,,,,,,,,,Available,Current EQL beta-era content,,,,Confirmed,Unconfirmed,,,,,,B21-MMC,
8,B21-MMC-008,21,Faydwer,Mistmoore Castle,Glowing Iron Pike,Weapon,PRIMARY,Yes,No,Yes,,,,8.0,LARGE,WAR RNG SHD BRD ROG,ALL,,9,36,Piercing,,Garton Viswin,34-36,Warrior,Humanoid Dark Elf,,,,,Garton tower,,,,,,,,,Classic Era,,Current EQL Wiki-listed,,,Weapon ratio 0.250,,,,,"Notable equipment, quest item, utility item, or progression relationship.",Zone-specific,Core,Medium,https://eqlwiki.com/Mistmoore_Castle,https://wiki.project1999.com/Mistmoore_Castle,,Yes,1,,,WAR RNG SHD BRD ROG,ALL,34-36,34-36,Current EQL Wiki-listed; direct-build unconfirmed,Add,Wiki,Wiki,Wiki,No identified change,No identified change,No identified change,No identified change,,Classic-retained,https://eqlwiki.com/Mistmoore_Castle,,2026-07-28,,,,Yes,Listed,Current Wiki evidence,No,C,Current EQL Wiki item/zone listing with classic comparison.,None identified,Yes,Classic,,Current EQL Wiki,Current fields from EQL Wiki zone/item/NPC pages; classic fields from Project 1999/classic-era baseline.,EQL-LOOT-1.0,loot,Active,,B21-MMC-008,,,Yes,Yes,,,Agents of Mistmoore -30; Mayong Mistmoore -30,King Tearis Thex +10; League of Antonican Bards +10; Ring of Scale +10,,,,Hostile,,,Humanoid Dark Elf,,Garton Viswin,,,Agents of Mistmoore / Mayong Mistmoore,Hostile,Mistmoore Castle,,Open-world indoor/outdoor dungeon,Castle upper level,,,Garton tower,,,,,,Garton Viswin,Named / notable source,,,,,,,,,,,,,,,,,,,,,,Open World,Open World,,,,,,,,,,,NPC Corpse,,,,,,,,,,,,,,,,,,,,,,,,,,,,,,,,,,,,,,,,,,,,,,,,,,,,,,,,,No,,,,,,,,,,,,,,,,,,,,Available,Current EQL beta-era content,,,,Confirmed,Unconfirmed,,,,,,B21-MMC,
9,B21-MMC-009,21,Faydwer,Mistmoore Castle,Chestplate of the Dark Flame,Armor,CHEST,Yes,No,Yes,Yes,,,15.0,LARGE,WAR PAL SHD,ALL except IKS,AC 19; STR +9,,,,,Garton Viswin,34-36,Warrior,Humanoid Dark Elf,,,,,Garton tower,,,,,,,,,Classic Era,,Current EQL Wiki-listed,,,,,,,,"Notable equipment, quest item, utility item, or progression relationship.",Zone-specific,Core,Medium,https://eqlwiki.com/Mistmoore_Castle,https://wiki.project1999.com/Mistmoore_Castle,,Yes,1,AC 19; STR +9,AC 19; STR +9,WAR PAL SHD,ALL except IKS,34-36,34-36,Current EQL Wiki-listed; direct-build unconfirmed,Add,Wiki,Wiki,Wiki,No identified change,No identified change,No identified change,No identified change,,Classic-retained,https://eqlwiki.com/Mistmoore_Castle,,2026-07-28,,,,Yes,Listed,Current Wiki evidence,No,C,Current EQL Wiki item/zone listing with classic comparison.,None identified,Yes,Classic,,Current EQL Wiki,Current fields from EQL Wiki zone/item/NPC pages; classic fields from Project 1999/classic-era baseline.,EQL-LOOT-1.0,loot,Active,,B21-MMC-009,,,Yes,Yes,,,Agents of Mistmoore -30; Mayong Mistmoore -30,King Tearis Thex +10; League of Antonican Bards +10; Ring of Scale +10,,,,Hostile,,,Humanoid Dark Elf,,Garton Viswin,,,Agents of Mistmoore / Mayong Mistmoore,Hostile,Mistmoore Castle,,Open-world indoor/outdoor dungeon,Castle upper level,,,Garton tower,,,,,,Garton Viswin,Named / notable source,,,,,,,,,,,,,,,,,,,,,,Open World,Open World,,,,,,,,,,,NPC Corpse,,,,,,,,,,,,,,,,,,,,,,,,,,,,,,,,,,,,,,,,,,,,,,,,,,,,,,,,,No,,,,,,,,,,,,,,,,,,,,Available,Current EQL beta-era content,,,,Confirmed,Unconfirmed,,,,,,B21-MMC,
10,B21-MMC-010,21,Faydwer,Mistmoore Castle,Cape of Midnight Mist,Jewelry,NECK,Yes,No,Yes,,,,0.1,SMALL,CLR DRU BRD SHM NEC WIZ MAG ENC,ALL,AC 2; STR +5; SV MAGIC +7,,,,Focus: Enhancement Haste I,Butler Syncall,32-35,Rogue / Vampire Servant,Undead Vampire,,,,Named with deathly usher placeholder,Butler servant area,,,,,,,,,Classic Era,,Current EQL Wiki-listed,,,,,,,,"Notable equipment, quest item, utility item, or progression relationship.",Zone-specific,Core,Medium,https://eqlwiki.com/Mistmoore_Castle,https://wiki.project1999.com/Mistmoore_Castle,,Yes,1,AC 2; STR +5; SV MAGIC +7,AC 2; STR +5; SV MAGIC +7,CLR DRU BRD SHM NEC WIZ MAG ENC,ALL,32-35,32-35,Current EQL Wiki-listed; direct-build unconfirmed,Add,Wiki,Wiki,Wiki,Changed,No identified change,No identified change,Changed,Unverified,Classic-retained with EQL changes,https://eqlwiki.com/Mistmoore_Castle,,2026-07-28,EQL focus addition: Enhancement Haste I.,,,Yes,Listed,Current Wiki evidence,No,C,Current EQL Wiki item/zone listing with classic comparison.,None identified,Yes,Classic,,Current EQL Wiki,Current fields from EQL Wiki zone/item/NPC pages; classic fields from Project 1999/classic-era baseline.,EQL-LOOT-1.0,loot,Active,,B21-MMC-010,,,Yes,Yes,,,Agents of Mistmoore -30; Mayong Mistmoore -30,King Tearis Thex +10; League of Antonican Bards +10; Ring of Scale +10,,,,Hostile,,,Undead Vampire,,Butler Syncall,,,Agents of Mistmoore / Mayong Mistmoore,Hostile,Mistmoore Castle,,Open-world indoor/outdoor dungeon,Castle interior,,,Butler servant area,,,,,,Butler Syncall,Named / notable source,,,,,,,,,,,,,,,,,,,,,,Open World,Open World,,,,,,,,,,,NPC Corpse,,,,,,,,,,,,,,,,,,,,,,,,,,,,,,,,,,,,,,,,,,,,,,,,,,,,,,,,,No,,,,,,,,,,,,,,,,,,,,Available,Current EQL beta-era content,,,,Confirmed,Unconfirmed,,,,,,B21-MMC,
11,B21-MMC-011,21,Faydwer,Mistmoore Castle,Nightshade Wreath,Armor,HEAD,Yes,No,Yes,,,,0.1,SMALL,CLR DRU BRD SHM NEC WIZ MAG ENC,ALL,AC 1; WIS +5; INT +5,,,,Focus: Reanimation Haste I,Maid Issis,32-35,Caster / Vampire Servant,Undead Vampire,,,,Named with deathly usher placeholder,Maid servant area,,,,,,,,,Classic Era,,Current EQL Wiki-listed,,,,,,,,"Notable equipment, quest item, utility item, or progression relationship.",Zone-specific,Core,Medium,https://eqlwiki.com/Mistmoore_Castle,https://wiki.project1999.com/Mistmoore_Castle,,Yes,1,AC 1; WIS +5; INT +5,AC 1; WIS +5; INT +5,CLR DRU BRD SHM NEC WIZ MAG ENC,ALL,32-35,32-35,Current EQL Wiki-listed; direct-build unconfirmed,Add,Wiki,Wiki,Wiki,Changed,No identified change,No identified change,Changed,Unverified,Classic-retained with EQL changes,https://eqlwiki.com/Mistmoore_Castle,,2026-07-28,EQL focus addition: Reanimation Haste I.,,,Yes,Listed,Current Wiki evidence,No,C,Current EQL Wiki item/zone listing with classic comparison.,None identified,Yes,Classic,,Current EQL Wiki,Current fields from EQL Wiki zone/item/NPC pages; classic fields from Project 1999/classic-era baseline.,EQL-LOOT-1.0,loot,Active,,B21-MMC-011,,,Yes,Yes,,,Agents of Mistmoore -30; Mayong Mistmoore -30,King Tearis Thex +10; League of Antonican Bards +10; Ring of Scale +10,,,,Hostile,,,Undead Vampire,,Maid Issis,,,Agents of Mistmoore / Mayong Mistmoore,Hostile,Mistmoore Castle,,Open-world indoor/outdoor dungeon,Castle interior,,,Maid servant area,,,,,,Maid Issis,Named / notable source,,,,,,,,,,,,,,,,,,,,,,Open World,Open World,,,,,,,,,,,NPC Corpse,,,,,,,,,,,,,,,,,,,,,,,,,,,,,,,,,,,,,,,,,,,,,,,,,,,,,,,,,No,,,,,,,,,,,,,,,,,,,,Available,Current EQL beta-era content,,,,Confirmed,Unconfirmed,,,,,,B21-MMC,
12,B21-MMC-012,21,Faydwer,Mistmoore Castle,Gem-Encrusted Scepter,Weapon,PRIMARY,Yes,No,Yes,,,,4.5,MEDIUM,CLR DRU BRD SHM,ALL,WIS +5,7,28,1H Blunt,,Princess Cherista,35,Necromancer,Undead Vampire,a dark ritualist,,,Placeholder Named,Princess room,,,,,,,,,Classic Era,,Current EQL Wiki-listed,,,Weapon ratio 0.250,,,,,"Notable equipment, quest item, utility item, or progression relationship.",Zone-specific,Core,Medium,https://eqlwiki.com/Mistmoore_Castle,https://wiki.project1999.com/Mistmoore_Castle,,Yes,1,WIS +5,WIS +5,CLR DRU BRD SHM,ALL,35,35,Current EQL Wiki-listed; direct-build unconfirmed,Add,Wiki,Wiki,Wiki,No identified change,No identified change,No identified change,No identified change,Unverified,Classic-retained,https://eqlwiki.com/Mistmoore_Castle,,2026-07-28,,,,Yes,Listed,Current Wiki evidence,No,C,Current EQL Wiki item/zone listing with classic comparison.,None identified,Yes,Classic,,Current EQL Wiki,Current fields from EQL Wiki zone/item/NPC pages; classic fields from Project 1999/classic-era baseline.,EQL-LOOT-1.0,loot,Active,,B21-MMC-012,,,Yes,Yes,,,Agents of Mistmoore -30; Mayong Mistmoore -30,King Tearis Thex +10; League of Antonican Bards +10; Ring of Scale +10,,,,Hostile,,,Undead Vampire,,Princess Cherista,,,Agents of Mistmoore / Mayong Mistmoore,Hostile,Mistmoore Castle,,Open-world indoor/outdoor dungeon,Castle upper level,,,Princess room,,,,,,Princess Cherista,Named / notable source,,,,,,,,,,,,a dark ritualist,,,,,,,,,,Open World,Open World,,,,,,,,,,,NPC Corpse,,,,,,,,,,,,,,,,,,,,,,,,,,,,,,,,,,,,,,,,,,,,,,,,,,,,,,,,,No,,,,,,,,,,,,,,,,,,,,Available,Current EQL beta-era content,,,,Confirmed,Unconfirmed,,,,,,B21-MMC,
13,B21-MMC-013,21,Faydwer,Mistmoore Castle,Diamondine Earring,Jewelry,EAR,Yes,No,Yes,,,,0.1,TINY,ALL,ALL,AC 2; STR +3; HP +12,,,,Focus: Affliction Efficiency I,Princess Cherista,35,Necromancer,Undead Vampire,a dark ritualist,,,Placeholder Named,Princess room,,,,,,,,,Classic Era,,Current EQL Wiki-listed,,,,,,,,"Notable equipment, quest item, utility item, or progression relationship.",Zone-specific,Core,Medium,https://eqlwiki.com/Mistmoore_Castle,https://wiki.project1999.com/Mistmoore_Castle,,Yes,1,AC 2; STR +3; HP +12,AC 2; STR +3; HP +12,ALL,ALL,35,35,Current EQL Wiki-listed; direct-build unconfirmed,Add,Wiki,Wiki,Wiki,Changed,No identified change,No identified change,Changed,Unverified,Classic-retained with EQL changes,https://eqlwiki.com/Mistmoore_Castle,,2026-07-28,EQL focus addition: Affliction Efficiency I.,,,Yes,Listed,Current Wiki evidence,No,C,Current EQL Wiki item/zone listing with classic comparison.,None identified,Yes,Classic,,Current EQL Wiki,Current fields from EQL Wiki zone/item/NPC pages; classic fields from Project 1999/classic-era baseline.,EQL-LOOT-1.0,loot,Active,,B21-MMC-013,,,Yes,Yes,,,Agents of Mistmoore -30; Mayong Mistmoore -30,King Tearis Thex +10; League of Antonican Bards +10; Ring of Scale +10,,,,Hostile,,,Undead Vampire,,Princess Cherista,,,Agents of Mistmoore / Mayong Mistmoore,Hostile,Mistmoore Castle,,Open-world indoor/outdoor dungeon,Castle upper level,,,Princess room,,,,,,Princess Cherista,Named / notable source,,,,,,,,,,,,a dark ritualist,,,,,,,,,,Open World,Open World,,,,,,,,,,,NPC Corpse,,,,,,,,,,,,,,,,,,,,,,,,,,,,,,,,,,,,,,,,,,,,,,,,,,,,,,,,,No,,,,,,,,,,,,,,,,,,,,Available,Current EQL beta-era content,,,,Confirmed,Unconfirmed,,,,duplicate-source,,B21-MMC,
14,B21-MMC-014,21,Faydwer,Mistmoore Castle,Diamondine Earring,Jewelry,EAR,Yes,No,Yes,,,,0.1,TINY,ALL,ALL,AC 2; STR +3; HP +12,,,,Focus: Affliction Efficiency I,Lasna Cheroon,34-36,Caster,Undead Vampire,,,,Rare named,Bath,,,,,,,,,Classic Era,,Current EQL Wiki-listed,,,,,,,,"Notable equipment, quest item, utility item, or progression relationship.",Zone-specific,Core,Medium,https://eqlwiki.com/Mistmoore_Castle,https://wiki.project1999.com/Mistmoore_Castle,,Yes,1,AC 2; STR +3; HP +12,AC 2; STR +3; HP +12,ALL,ALL,34-36,34-36,Current EQL Wiki-listed; direct-build unconfirmed,Add,Wiki,Wiki,Wiki,Changed,No identified change,No identified change,Changed,Unverified,Classic-retained with EQL changes,https://eqlwiki.com/Mistmoore_Castle,,2026-07-28,EQL focus addition: Affliction Efficiency I.,,,Yes,Listed,Current Wiki evidence,No,C,Current EQL Wiki item/zone listing with classic comparison.,None identified,Yes,Classic,,Current EQL Wiki,Current fields from EQL Wiki zone/item/NPC pages; classic fields from Project 1999/classic-era baseline.,EQL-LOOT-1.0,loot,Active,,B21-MMC-014,,,Yes,Yes,,,Agents of Mistmoore -30; Mayong Mistmoore -30,King Tearis Thex +10; League of Antonican Bards +10; Ring of Scale +10,,,,Hostile,,,Undead Vampire,,Lasna Cheroon,,,Agents of Mistmoore / Mayong Mistmoore,Hostile,Mistmoore Castle,,Open-world indoor/outdoor dungeon,Castle upper level,,,Bath,,,,,,Lasna Cheroon,Named / notable source,,,,,,,,,,,,,,,,,,,,,,Open World,Open World,,,,,,,,,,,NPC Corpse,,,,,,,,,,,,,,,,,,,,,,,,,,,,,,,,,,,,,,,,,,,,,,,,,,,,,,,,,No,,,,,,,,,,,,,,,,,,,,Available,Current EQL beta-era content,,,,Confirmed,Unconfirmed,,,,duplicate-source,,B21-MMC,
15,B21-MMC-015,21,Faydwer,Mistmoore Castle,Platinum Skull Ring,Jewelry,FINGER,Yes,No,Yes,,,,0.1,TINY,ALL,ALL,CHA -5; HP +30; MANA +20,,,,Focus: Reanimation Efficiency II,Lasna Cheroon,34-36,Caster,Undead Vampire,,,,Rare named,Bath,,,,,,,,,Classic Era,,Current EQL Wiki-listed,,,,,,,,"Notable equipment, quest item, utility item, or progression relationship.",Zone-specific,Core,Medium,https://eqlwiki.com/Mistmoore_Castle,https://wiki.project1999.com/Mistmoore_Castle,,Yes,1,CHA -5; HP +30; MANA +20,CHA -5; HP +30; MANA +20,ALL,ALL,34-36,34-36,Current EQL Wiki-listed; direct-build unconfirmed,Add,Wiki,Wiki,Wiki,Changed,No identified change,No identified change,Changed,Unverified,Classic-retained with EQL changes,https://eqlwiki.com/Mistmoore_Castle,,2026-07-28,EQL focus addition: Reanimation Efficiency II.,,,Yes,Listed,Current Wiki evidence,No,C,Current EQL Wiki item/zone listing with classic comparison.,None identified,Yes,Classic,,Current EQL Wiki,Current fields from EQL Wiki zone/item/NPC pages; classic fields from Project 1999/classic-era baseline.,EQL-LOOT-1.0,loot,Active,,B21-MMC-015,,,Yes,Yes,,,Agents of Mistmoore -30; Mayong Mistmoore -30,King Tearis Thex +10; League of Antonican Bards +10; Ring of Scale +10,,,,Hostile,,,Undead Vampire,,Lasna Cheroon,,,Agents of Mistmoore / Mayong Mistmoore,Hostile,Mistmoore Castle,,Open-world indoor/outdoor dungeon,Castle upper level,,,Bath,,,,,,Lasna Cheroon,Named / notable source,,,,,,,,,,,,,,,,,,,,,,Open World,Open World,,,,,,,,,,,NPC Corpse,,,,,,,,,,,,,,,,,,,,,,,,,,,,,,,,,,,,,,,,,,,,,,,,,,,,,,,,,No,,,,,,,,,,,,,,,,,,,,Available,Current EQL beta-era content,,,,Confirmed,Unconfirmed,,,,,,B21-MMC,
16,B21-MMC-016,21,Faydwer,Mistmoore Castle,Black Silk Gloves,Armor,HANDS,Yes,No,Yes,Yes,Yes,,1.5,SMALL,WAR PAL RNG SHD MNK BRD ROG,ALL,AC 4; DEX +3,,,,,a deathly usher,30-35,Warrior,Undead / Castle Guardian,,,,,Servant / jail populations,,,,,,,,,Classic Era,,Current EQL Wiki-listed,,,,,,,,"Notable equipment, quest item, utility item, or progression relationship.",Zone-specific,Core,Medium,https://eqlwiki.com/Mistmoore_Castle,https://wiki.project1999.com/Mistmoore_Castle,,Yes,1,AC 4; DEX +3,AC 4; DEX +3,WAR PAL RNG SHD MNK BRD ROG,ALL,30-35,30-35,Current EQL Wiki-listed; direct-build unconfirmed,Add,Wiki,Wiki,Wiki,No identified change,No identified change,No identified change,No identified change,,Classic-retained,https://eqlwiki.com/Mistmoore_Castle,,2026-07-28,,,,Yes,Listed,Current Wiki evidence,No,C,Current EQL Wiki item/zone listing with classic comparison.,None identified,Yes,Classic,,Current EQL Wiki,Current fields from EQL Wiki zone/item/NPC pages; classic fields from Project 1999/classic-era baseline.,EQL-LOOT-1.0,loot,Active,,B21-MMC-016,,,Yes,Yes,,,Agents of Mistmoore -30; Mayong Mistmoore -30,King Tearis Thex +10; League of Antonican Bards +10; Ring of Scale +10,,,,Hostile,,,Undead / Castle Guardian,,a deathly usher,,,Agents of Mistmoore / Mayong Mistmoore,Hostile,Mistmoore Castle,,Open-world indoor/outdoor dungeon,Castle interior,,,Servant / jail populations,,,,,,a deathly usher,Named / notable source,,,,,,,,,,,,,,,,,,,,,,Open World,Open World,,,,,,,,,,,NPC Corpse,,,,,,,,,,,,,,,,,,,,,,,,,,,,,,,,,,,,,,,,,,,,,,,,,,,,,,,,,No,,,,,,,,,,,,,,,,,,,,Available,Current EQL beta-era content,,,,Confirmed,Unconfirmed,,,,duplicate-source,,B21-MMC,
17,B21-MMC-017,21,Faydwer,Mistmoore Castle,Black Silk Gloves,Armor,HANDS,Yes,No,Yes,Yes,Yes,,1.5,SMALL,WAR PAL RNG SHD MNK BRD ROG,ALL,AC 4; DEX +3,,,,,a glyphed aegis,30-35,Warrior,Undead / Castle Guardian,,,,,Glyphed guardian population,,,,,,,,,Classic Era,,Current EQL Wiki-listed,,,,,,,,"Notable equipment, quest item, utility item, or progression relationship.",Zone-specific,Core,Medium,https://eqlwiki.com/Mistmoore_Castle,https://wiki.project1999.com/Mistmoore_Castle,,Yes,1,AC 4; DEX +3,AC 4; DEX +3,WAR PAL RNG SHD MNK BRD ROG,ALL,30-35,30-35,Current EQL Wiki-listed; direct-build unconfirmed,Add,Wiki,Wiki,Wiki,No identified change,No identified change,No identified change,No identified change,,Classic-retained,https://eqlwiki.com/Mistmoore_Castle,,2026-07-28,,,,Yes,Listed,Current Wiki evidence,No,C,Current EQL Wiki item/zone listing with classic comparison.,None identified,Yes,Classic,,Current EQL Wiki,Current fields from EQL Wiki zone/item/NPC pages; classic fields from Project 1999/classic-era baseline.,EQL-LOOT-1.0,loot,Active,,B21-MMC-017,,,Yes,Yes,,,Agents of Mistmoore -30; Mayong Mistmoore -30,King Tearis Thex +10; League of Antonican Bards +10; Ring of Scale +10,,,,Hostile,,,Undead / Castle Guardian,,a glyphed aegis,,,Agents of Mistmoore / Mayong Mistmoore,Hostile,Mistmoore Castle,,Open-world indoor/outdoor dungeon,Castle interior,,,Glyphed guardian population,,,,,,a glyphed aegis,Named / notable source,,,,,,,,,,,,,,,,,,,,,,Open World,Open World,,,,,,,,,,,NPC Corpse,,,,,,,,,,,,,,,,,,,,,,,,,,,,,,,,,,,,,,,,,,,,,,,,,,,,,,,,,No,,,,,,,,,,,,,,,,,,,,Available,Current EQL beta-era content,,,,Confirmed,Unconfirmed,,,,duplicate-source,,B21-MMC,
18,B21-MMC-018,21,Faydwer,Mistmoore Castle,Black Silk Gloves,Armor,HANDS,Yes,No,Yes,Yes,Yes,,1.5,SMALL,WAR PAL RNG SHD MNK BRD ROG,ALL,AC 4; DEX +3,,,,,a will sapper,30-35,Caster / Mental-control servant,Undead / Castle Guardian,,,,,Will-sapper population,,,,,,,,,Classic Era,,Current EQL Wiki-listed,,,,,,,,"Notable equipment, quest item, utility item, or progression relationship.",Zone-specific,Core,Medium,https://eqlwiki.com/Mistmoore_Castle,https://wiki.project1999.com/Mistmoore_Castle,,Yes,1,AC 4; DEX +3,AC 4; DEX +3,WAR PAL RNG SHD MNK BRD ROG,ALL,30-35,30-35,Current EQL Wiki-listed; direct-build unconfirmed,Add,Wiki,Wiki,Wiki,No identified change,No identified change,No identified change,No identified change,,Classic-retained with EQL changes,https://eqlwiki.com/Mistmoore_Castle,,2026-07-28,Current EQL Wiki adds will sapper as a supported source.,,,Yes,Listed,Current Wiki evidence,No,C,Current EQL Wiki item/zone listing with classic comparison.,None identified,Yes,Classic,,Current EQL Wiki,Current fields from EQL Wiki zone/item/NPC pages; classic fields from Project 1999/classic-era baseline.,EQL-LOOT-1.0,loot,Active,,B21-MMC-018,,,Yes,Yes,,,Agents of Mistmoore -30; Mayong Mistmoore -30,King Tearis Thex +10; League of Antonican Bards +10; Ring of Scale +10,,,,Hostile,,,Undead / Castle Guardian,,a will sapper,,,Agents of Mistmoore / Mayong Mistmoore,Hostile,Mistmoore Castle,,Open-world indoor/outdoor dungeon,Castle interior,,,Will-sapper population,,,,,,a will sapper,Named / notable source,,,,,,,,,,,,,,,,,,,,,,Open World,Open World,,,,,,,,,,,NPC Corpse,,,,,,,,,,,,,,,,,,,,,,,,,,,,,,,,,,,,,,,,,,,,,,,,,,,,,,,,,No,,,,,,,,,,,,,,,,,,,,Available,Current EQL beta-era content,,,,Confirmed,Unconfirmed,,,,duplicate-source,,B21-MMC,
19,B21-MMC-019,21,Faydwer,Mistmoore Castle,Gypsy Lute,Instrument,SECONDARY,Yes,No,Yes,Yes,Yes,,0.8,SMALL,BRD,HUM ELF HIE,SV MAGIC +5,,,,Focus: String Resonance 11,a gypsy musician,25-30,Bard,Humanoid Gypsy,,,,,Gypsy musician population,,Primarily day-population relationship,,,,,,,Classic Era,,Current EQL Wiki-listed,,,,,,,,"Notable equipment, quest item, utility item, or progression relationship.",Zone-specific,Core,Medium,https://eqlwiki.com/Mistmoore_Castle,https://wiki.project1999.com/Mistmoore_Castle,,Yes,1,SV MAGIC +5; Stringed Instrument 21,SV MAGIC +5,ALL,ALL,25-30,25-30,Current EQL Wiki-listed; direct-build unconfirmed,Add,Wiki,Wiki,Wiki,Changed,Changed,Changed,Changed,Unverified,Classic-retained with EQL changes,https://eqlwiki.com/Mistmoore_Castle,,2026-07-28,EQL converts instrument modifier to String Resonance 11 and expands class/race eligibility.,,,Yes,Listed,Current Wiki evidence,No,C,Current EQL Wiki item/zone listing with classic comparison.,Current slot presentation differs across Wiki pages,Yes,Classic,,Current EQL Wiki,Current fields from EQL Wiki zone/item/NPC pages; classic fields from Project 1999/classic-era baseline.,EQL-LOOT-1.0,loot,Active,,B21-MMC-019,,,Yes,Yes,,,,,,,,Hostile,,,Humanoid Gypsy,,a gypsy musician,,,Agents of Mistmoore / Mayong Mistmoore,Hostile,Mistmoore Castle,,Open-world indoor/outdoor dungeon,Courtyard / Ballroom,,,Gypsy musician population,,,,,,a gypsy musician,Named / notable source,,,,,,,,,,,,,,,,,,,,,,Open World,Open World,,,,,,,,,,,NPC Corpse,,,,,,,,,,,,,,,,,,,,,,,,,,,,,,,,,,,,,,,,,,,,,,,,,,,,,,,,,No,,,,,,,,,,,,,,,,,,,,Available,Current EQL beta-era content,,,,Confirmed,Unconfirmed,,,,,,B21-MMC,
20,B21-MMC-020,21,Faydwer,Mistmoore Castle,Robe of the Keeper,Armor,CHEST,Yes,No,Yes,,,Yes,3.5,MEDIUM,NEC WIZ MAG ENC,HUM ERU HIE DEF GNM IKS,AC 8; INT +2,,,,,Ssynthi,30-33,Caster,Shadowed Man,,,,,Ssynthi crypt,,,,,,,,,Classic Era,,Current EQL Wiki-listed,,,,,,,,"Notable equipment, quest item, utility item, or progression relationship.",Zone-specific,Core,Medium,https://eqlwiki.com/Mistmoore_Castle,https://wiki.project1999.com/Mistmoore_Castle,,Yes,1,AC 8; INT +2,AC 8; INT +2,NEC WIZ MAG ENC,ALL,30-33,30-33,Current EQL Wiki-listed; direct-build unconfirmed,Add,Wiki,Wiki,Wiki,Changed,No identified change,Changed,No identified change,,Classic-retained with EQL changes,https://eqlwiki.com/Mistmoore_Castle,,2026-07-28,Current EQL race eligibility appears expanded to ALL.,,,Yes,Listed,Current Wiki evidence,No,C,Current EQL Wiki item/zone listing with classic comparison.,Current quest availability requires confirmation,Yes,Classic,,Current EQL Wiki,Current fields from EQL Wiki zone/item/NPC pages; classic fields from Project 1999/classic-era baseline.,EQL-LOOT-1.0,loot,Active,,B21-MMC-020,,,Yes,Yes,,,,,,,,Faction-dependent,,,Shadowed Man,,Ssynthi,,,Temple of Solusek Ro,Faction-dependent,Mistmoore Castle,,Open-world indoor/outdoor dungeon,Graveyard,,,Ssynthi crypt,,,,,,Ssynthi,Named / notable source,,,,,,,,,,,,,,,,,,,,,,Open World,Open World,,,,,,,,,,,NPC Corpse,,,,,,,,,,,,,,,,,,,,,,,,,,,,,,,,,,,,,,,,,,,,,,,,,,,,,,,,,No,,,,,,,,,,Solusek's Flower,,Quest-source robe,,,,,,,,Available,Current EQL beta-era content,,,,Confirmed,Unconfirmed,,,,,,B21-MMC,
21,B21-MMC-021,21,Faydwer,Mistmoore Castle,Vial of Vampire Blood,Utility / Quest Item,,No,Yes,Yes,,,Yes,0.4,SMALL,ALL,ALL,,,,,,a glyphed ghoul,27-32,Warrior,Undead Ghoul,,,,,Glyphed ghoul camp,,,,,,,,,Classic Era,,Current EQL Wiki-listed,,,,,,,,"Notable equipment, quest item, utility item, or progression relationship.",Zone-specific,Core,Medium,https://eqlwiki.com/Mistmoore_Castle,https://wiki.project1999.com/Mistmoore_Castle,,Yes,1,,,ALL,ALL,27-32,27-32,Current EQL Wiki-listed; direct-build unconfirmed,Add,Wiki,Wiki,Wiki,No identified change,No identified change,No identified change,No identified change,,Classic-retained,https://eqlwiki.com/Mistmoore_Castle,,2026-07-28,,,,Yes,Listed,Current Wiki evidence,No,C,Current EQL Wiki item/zone listing with classic comparison.,None identified,Yes,Classic,,Current EQL Wiki,Current fields from EQL Wiki zone/item/NPC pages; classic fields from Project 1999/classic-era baseline.,EQL-LOOT-1.0,loot,Active,,B21-MMC-021,,,Yes,Yes,,,Agents of Mistmoore -30; Mayong Mistmoore -30,King Tearis Thex +10; League of Antonican Bards +10; Ring of Scale +10,,,,Hostile,,,Undead Ghoul,,a glyphed ghoul,,,Agents of Mistmoore / Mayong Mistmoore,Hostile,Mistmoore Castle,,Open-world indoor/outdoor dungeon,Graveyard,,,Glyphed ghoul camp,,,,,,a glyphed ghoul,Named / notable source,,,,,,,,,,,,,,,,,,,,,,Open World,Open World,,,,,,,,,,,NPC Corpse,,,,,,,,,,,,,,,,,,,,,,,,,,,,,,,,,,,,,,,,,,,,,,,,,,,,,,,,,No,,,,,,,,,,,,Quest component; one-charge magic-resistance utility,,,,,,,,Available,Current EQL beta-era content,,,,Confirmed,Unconfirmed,,,,,,B21-MMC,
22,B21-MMC-022,21,Faydwer,Mistmoore Castle,Blood of the Dhampyre,Expendable / Quest Item,,No,Yes,Yes,,,Yes,0.4,SMALL,ALL,ALL,,,,,,a cloaked dhampyre,33,Shadow Knight,Undead Vampire,,,,,Fountain,,Refreshes at approximately 06:00 and 20:00 game time,,,,,,,Classic Era,,Current EQL Wiki-listed,,,,,,,,"Notable equipment, quest item, utility item, or progression relationship.",Zone-specific,Core,Medium,https://eqlwiki.com/Mistmoore_Castle,https://wiki.project1999.com/Mistmoore_Castle,,Yes,1,,,ALL,ALL,33,33,Current EQL Wiki-listed; direct-build unconfirmed,Add,Wiki,Wiki,Wiki,No identified change,No identified change,No identified change,No identified change,Unverified,Classic-retained with EQL changes,https://eqlwiki.com/Mistmoore_Castle,,2026-07-28,Current EQL listing includes one-charge Extended Regeneration.,,,Yes,Listed,Current Wiki evidence,No,C,Current EQL Wiki item/zone listing with classic comparison.,None identified,Yes,Classic,,Current EQL Wiki,Current fields from EQL Wiki zone/item/NPC pages; classic fields from Project 1999/classic-era baseline.,EQL-LOOT-1.0,loot,Active,,B21-MMC-022,,,Yes,Yes,,,Agents of Mistmoore -30; Mayong Mistmoore -30,King Tearis Thex +10; League of Antonican Bards +10; Ring of Scale +10,,,,Hostile,,,Undead Vampire,,a cloaked dhampyre,,,Agents of Mistmoore / Mayong Mistmoore,Hostile,Mistmoore Castle,,Open-world indoor/outdoor dungeon,Courtyard,,,Fountain,,,,,,a cloaked dhampyre,Named / notable source,,,,,,,,,,,,,,,,,,,,,,Open World,Open World,,,,,,,,,,,NPC Corpse,,,,,,,,,,,,,,,,,,,,,,,,,,,,,,,,,,,,,,,,,,,,,,,,,,,,,,,,,No,,,,,,,,,,,,Quest or progression component,,,,,,,,Available,Current EQL beta-era content,,,,Confirmed,Unconfirmed,,,,,,B21-MMC,
23,B21-MMC-023,21,Faydwer,Mistmoore Castle,Vial of Noble's Blood,Quest Component,,No,Yes,,,,Yes,,,ALL,ALL,,,,,,a fallen noble,28,Cleric,Undead Noble,,,,,Noble/vampire replacement population,,Day/night-sensitive population,,,,,,,Classic Era,,Current EQL Wiki-listed,,,,,,,,"Notable equipment, quest item, utility item, or progression relationship.",Zone-specific,Core,Medium,https://eqlwiki.com/Mistmoore_Castle,https://wiki.project1999.com/Mistmoore_Castle,,Yes,1,,,ALL,ALL,28,28,Current EQL Wiki-listed; direct-build unconfirmed,Add,Wiki,Wiki,Wiki,No identified change,No identified change,No identified change,No identified change,Unverified,Classic-retained,https://eqlwiki.com/Mistmoore_Castle,,2026-07-28,,,,Yes,Listed,Current Wiki evidence,No,C,Current EQL Wiki item/zone listing with classic comparison.,None identified,Yes,Classic,,Current EQL Wiki,Current fields from EQL Wiki zone/item/NPC pages; classic fields from Project 1999/classic-era baseline.,EQL-LOOT-1.0,loot,Active,,B21-MMC-023,,,Yes,Yes,,,,,,,,Hostile,,,Undead Noble,,a fallen noble,,,Agents of Mistmoore / Mayong Mistmoore,Hostile,Mistmoore Castle,,Open-world indoor/outdoor dungeon,Castle / night population,,,Noble/vampire replacement population,,,,,,a fallen noble,Named / notable source,,,,,,,,,,,,,,,,,,,,,,Open World,Open World,,,,,,,,,,,NPC Corpse,,,,,,,,,,,,,,,,,,,,,,,,,,,,,,,,,,,,,,,,,,,,,,,,,,,,,,,,,No,,,,,,,,,,,,,,,,,,,,Available,Current EQL beta-era content,,,,Confirmed,Unconfirmed,,,,,,B21-MMC,
24,B21-MMC-024,21,Faydwer,Mistmoore Castle,Butler Syncall's Fang,Quest Component,,No,Yes,,Yes,,Yes,0.1,SMALL,ALL,ALL,,,,,,Butler Syncall,32-35,Rogue / Vampire Servant,Undead Vampire,,,,,Butler servant area,,,,,,,,,Classic Era,,Current EQL Wiki-listed,,,,,,,,"Notable equipment, quest item, utility item, or progression relationship.",Zone-specific,Core,Medium,https://eqlwiki.com/Mistmoore_Castle,https://wiki.project1999.com/Mistmoore_Castle,,Yes,1,,,ALL,ALL,32-35,32-35,Current EQL Wiki-listed; direct-build unconfirmed,Add,Wiki,Wiki,Wiki,No identified change,No identified change,No identified change,No identified change,,Classic-retained,https://eqlwiki.com/Mistmoore_Castle,,2026-07-28,,,,Yes,Listed,Current Wiki evidence,No,C,Current EQL Wiki item/zone listing with classic comparison.,None identified,Yes,Classic,,Current EQL Wiki,Current fields from EQL Wiki zone/item/NPC pages; classic fields from Project 1999/classic-era baseline.,EQL-LOOT-1.0,loot,Active,,B21-MMC-024,,,Yes,Yes,,,Agents of Mistmoore -30; Mayong Mistmoore -30,King Tearis Thex +10; League of Antonican Bards +10; Ring of Scale +10,,,,Hostile,,,Undead Vampire,,Butler Syncall,,,Agents of Mistmoore / Mayong Mistmoore,Hostile,Mistmoore Castle,,Open-world indoor/outdoor dungeon,Castle interior,,,Butler servant area,,,,,,Butler Syncall,Named / notable source,,,,,,,,,,,,,,,,,,,,,,Open World,Open World,,,,,,,,,,,NPC Corpse,,,,,,,,,,,,,,,,,,,,,,,,,,,,,,,,,,,,,,,,,,,,,,,,,,,,,,,,,No,,,,,,,,,,Vampire Teeth,,Exact named-source fang,,,,,,,,Available,Current EQL beta-era content,,,,Confirmed,Unconfirmed,,,,,,B21-MMC,
25,B21-MMC-025,21,Faydwer,Mistmoore Castle,Maid Issis Fang,Quest Component,,No,Yes,,Yes,,Yes,0.1,SMALL,ALL,ALL,,,,,,Maid Issis,32-35,Caster / Vampire Servant,Undead Vampire,,,,,Maid servant area,,,,,,,,,Classic Era,,Current EQL Wiki-listed,,,,,,,,"Notable equipment, quest item, utility item, or progression relationship.",Zone-specific,Core,Medium,https://eqlwiki.com/Mistmoore_Castle,https://wiki.project1999.com/Mistmoore_Castle,,Yes,1,,,ALL,ALL,32-35,32-35,Current EQL Wiki-listed; direct-build unconfirmed,Add,Wiki,Wiki,Wiki,No identified change,No identified change,No identified change,No identified change,,Classic-retained,https://eqlwiki.com/Mistmoore_Castle,,2026-07-28,,,,Yes,Listed,Current Wiki evidence,No,C,Current EQL Wiki item/zone listing with classic comparison.,None identified,Yes,Classic,,Current EQL Wiki,Current fields from EQL Wiki zone/item/NPC pages; classic fields from Project 1999/classic-era baseline.,EQL-LOOT-1.0,loot,Active,,B21-MMC-025,,,Yes,Yes,,,Agents of Mistmoore -30; Mayong Mistmoore -30,King Tearis Thex +10; League of Antonican Bards +10; Ring of Scale +10,,,,Hostile,,,Undead Vampire,,Maid Issis,,,Agents of Mistmoore / Mayong Mistmoore,Hostile,Mistmoore Castle,,Open-world indoor/outdoor dungeon,Castle interior,,,Maid servant area,,,,,,Maid Issis,Named / notable source,,,,,,,,,,,,,,,,,,,,,,Open World,Open World,,,,,,,,,,,NPC Corpse,,,,,,,,,,,,,,,,,,,,,,,,,,,,,,,,,,,,,,,,,,,,,,,,,,,,,,,,,No,,,,,,,,,,Vampire Teeth,,Exact named-source fang,,,,,,,,Available,Current EQL beta-era content,,,,Confirmed,Unconfirmed,,,,,,B21-MMC,
26,B21-MMC-026,21,Faydwer,Mistmoore Castle,Solusek's Flower,Quest Component,,No,Yes,,,,Yes,,,ALL,ALL,,,,,,Ground Spawn,,,Ground Spawn,,,,,Ssynthi coffin area,Approximately 1 minute,,,,,,,,Classic Era,,Current EQL Wiki-listed,,,,,,,,"Notable equipment, quest item, utility item, or progression relationship.",Zone-specific,Core,Medium,https://eqlwiki.com/Mistmoore_Castle,https://wiki.project1999.com/Mistmoore_Castle,,Yes,1,,,ALL,ALL,,,Current EQL Wiki-listed; direct-build unconfirmed,Add,Wiki,Wiki,Wiki,No identified change,No identified change,No identified change,No identified change,Unverified,Classic-retained,https://eqlwiki.com/Mistmoore_Castle,,2026-07-28,,,,Yes,Listed,Current Wiki evidence,No,C,Current EQL Wiki item/zone listing with classic comparison.,None identified,Yes,Classic,,Current EQL Wiki,Current fields from EQL Wiki zone/item/NPC pages; classic fields from Project 1999/classic-era baseline.,EQL-LOOT-1.0,loot,Active,,B21-MMC-026,,,Yes,Yes,,,,,,,,,,,Ground Spawn,,Ground Spawn,,,,,Mistmoore Castle,,Open-world indoor/outdoor dungeon,Graveyard,,,Ssynthi coffin area,,,,,,Ground Spawn,Named / notable source,,,,,,,,,,,,,,,,,,,,,,Open World,Open World,,,,,,,,,,,Ground Spawn,,,,,,,,,,,,,,,,,,,,,,,,,,,,,,,,,,,,,,,,,,,,,,,,,,,,,,,,,No,,,,,,,,,,Solusek's Flower,,Required ground-spawn component,,,,,,,,Available,Current EQL beta-era content,,,,Confirmed,Unconfirmed,,,,,,B21-MMC,
27,B21-MMC-027,21,Faydwer,Mistmoore Castle,Glowing Sword Hilt,Quest Component,,No,Yes,Yes,Yes,Yes,Yes,0.2,SMALL,ALL,ALL,,,,,,Xicotl,40,Shadow Knight,Humanoid Troll,,,,,Xicotl area,,,,,,,,,Classic Era,,Current EQL Wiki-listed,,,,,,,,"Notable equipment, quest item, utility item, or progression relationship.",Zone-specific,Core,Medium,https://eqlwiki.com/Mistmoore_Castle,https://wiki.project1999.com/Mistmoore_Castle,,Yes,1,,,ALL,ALL,40,40,Current EQL Wiki-listed; direct-build unconfirmed,Add,Wiki,Wiki,Wiki,No identified change,No identified change,No identified change,No identified change,,Classic-retained,https://eqlwiki.com/Mistmoore_Castle,,2026-07-28,,,,Yes,Listed,Current Wiki evidence,No,C,Current EQL Wiki item/zone listing with classic comparison.,None identified,Yes,Classic,,Current EQL Wiki,Current fields from EQL Wiki zone/item/NPC pages; classic fields from Project 1999/classic-era baseline.,EQL-LOOT-1.0,loot,Active,,B21-MMC-027,,,Yes,Yes,,,Agents of Mistmoore -30; Mayong Mistmoore -30,King Tearis Thex +10; League of Antonican Bards +10; Ring of Scale +10,,,,Hostile,,,Humanoid Troll,,Xicotl,,,Agents of Mistmoore / Mayong Mistmoore,Hostile,Mistmoore Castle,,Open-world indoor/outdoor dungeon,Castle upper level,,,Xicotl area,,,,,,Xicotl,Named / notable source,,,,,,,,,,,,,,,,,,,,,,Open World,Open World,,,,,,,,,,,NPC Corpse,,,,,,,,,,,,,,,,,,,,,,,,,,,,,,,,,,,,,,,,,,,,,,,,,,,,,,,,,No,,,,,,,,,,SoulFire,,Required quest component,,,,,,,,Available,Current EQL beta-era content,,,,Confirmed,Unconfirmed,,,,,,B21-MMC,
28,B21-MMC-028,21,Faydwer,Mistmoore Castle,Blood Spirit,Quest Component,,No,Yes,,,Yes,Yes,0.4,SMALL,ALL,ALL,,,,,,a hemo enologist,,Unknown,Humanoid Dark Elf,,,,,Hemo enologist spawn,,,,,,,,,Classic Era,,Current EQL Wiki-listed,,,,,,,,"Notable equipment, quest item, utility item, or progression relationship.",Zone-specific,Core,Medium,https://eqlwiki.com/Mistmoore_Castle,https://wiki.project1999.com/Mistmoore_Castle,,Yes,1,,,ALL,ALL,,,Current EQL Wiki-listed; direct-build unconfirmed,Add,Wiki,Wiki,Wiki,No identified change,No identified change,No identified change,No identified change,,Classic-retained,https://eqlwiki.com/Mistmoore_Castle,,2026-07-28,,,,Yes,Listed,Current Wiki evidence,No,C,Current EQL Wiki item/zone listing with classic comparison.,None identified,Yes,Classic,,Current EQL Wiki,Current fields from EQL Wiki zone/item/NPC pages; classic fields from Project 1999/classic-era baseline.,EQL-LOOT-1.0,loot,Active,,B21-MMC-028,,,Yes,Yes,,,Agents of Mistmoore -30; Mayong Mistmoore -30,King Tearis Thex +10; League of Antonican Bards +10; Ring of Scale +10,,,,Hostile,,,Humanoid Dark Elf,,a hemo enologist,,,Agents of Mistmoore / Mayong Mistmoore,Hostile,Mistmoore Castle,,Open-world indoor/outdoor dungeon,Courtyard,,,Hemo enologist spawn,,,,,,a hemo enologist,Named / notable source,,,,,,,,,,,,,,,,,,,,,,Open World,Open World,,,,,,,,,,,NPC Corpse,,,,,,,,,,,,,,,,,,,,,,,,,,,,,,,,,,,,,,,,,,,,,,,,,,,,,,,,,No,,,,,,,,,,,,Quest or progression component,,,,,,,,Available,Current EQL beta-era content,,,,Confirmed,Unconfirmed,,,,,,B21-MMC,
29,B21-MMC-029,21,Faydwer,Mistmoore Castle,Rune of Fortune,Quest Component,,No,Yes,Yes,Yes,Yes,Yes,0.1,TINY,ALL,ALL,,,,,,Enynti,,Unknown,Humanoid Dark Elf,,,,,Enynti camp,,,,,,,,,Classic Era,,Current EQL Wiki-listed,,,,,,,,"Notable equipment, quest item, utility item, or progression relationship.",Zone-specific,Core,Medium,https://eqlwiki.com/Mistmoore_Castle,https://wiki.project1999.com/Mistmoore_Castle,,Yes,1,,,ALL,ALL,,,Current EQL Wiki-listed; direct-build unconfirmed,Add,Wiki,Wiki,Wiki,No identified change,No identified change,No identified change,No identified change,,Classic-retained,https://eqlwiki.com/Mistmoore_Castle,,2026-07-28,,,,Yes,Listed,Current Wiki evidence,No,C,Current EQL Wiki item/zone listing with classic comparison.,None identified,Yes,Classic,,Current EQL Wiki,Current fields from EQL Wiki zone/item/NPC pages; classic fields from Project 1999/classic-era baseline.,EQL-LOOT-1.0,loot,Active,,B21-MMC-029,,,Yes,Yes,,,Agents of Mistmoore -30; Mayong Mistmoore -30,King Tearis Thex +10; League of Antonican Bards +10; Ring of Scale +10,,,,Hostile,,,Humanoid Dark Elf,,Enynti,,,Agents of Mistmoore / Mayong Mistmoore,Hostile,Mistmoore Castle,,Open-world indoor/outdoor dungeon,Castle interior,,,Enynti camp,,,,,,Enynti,Named / notable source,,,,,,,,,,,,,,,,,,,,,,Open World,Open World,,,,,,,,,,,NPC Corpse,,,,,,,,,,,,,,,,,,,,,,,,,,,,,,,,,,,,,,,,,,,,,,,,,,,,,,,,,No,,,,,,,,,,,,Quest or progression component,,,,,,,,Available,Current EQL beta-era content,,,,Confirmed,Unconfirmed,,,,,,B21-MMC,
30,B21-MMC-030,21,Faydwer,Mistmoore Castle,Power of Wind,Quest Component,,No,Yes,Yes,Yes,Yes,Yes,,,ALL,ALL,,,,,,a gypsy dancer,,Dancer / Bard,Humanoid Gypsy,,,,,Gypsy dancer population,,,,,,,,,Classic Era,,Current EQL Wiki-listed,,,,,,,,"Notable equipment, quest item, utility item, or progression relationship.",Zone-specific,Core,Medium,https://eqlwiki.com/Mistmoore_Castle,https://wiki.project1999.com/Mistmoore_Castle,,Yes,1,,,ALL,ALL,,,Current EQL Wiki-listed; direct-build unconfirmed,Add,Wiki,Wiki,Wiki,No identified change,No identified change,No identified change,No identified change,,Classic-retained,https://eqlwiki.com/Mistmoore_Castle,,2026-07-28,,,,Yes,Listed,Current Wiki evidence,No,C,Current EQL Wiki item/zone listing with classic comparison.,None identified,Yes,Classic,,Current EQL Wiki,Current fields from EQL Wiki zone/item/NPC pages; classic fields from Project 1999/classic-era baseline.,EQL-LOOT-1.0,loot,Active,,B21-MMC-030,,,Yes,Yes,,,,,,,,Hostility requires exact current confirmation,,,Humanoid Gypsy,,a gypsy dancer,,,Mistmoore-aligned or captive; unresolved,Hostility requires exact current confirmation,Mistmoore Castle,,Open-world indoor/outdoor dungeon,Courtyard / Ballroom,,,Gypsy dancer population,,,,,,a gypsy dancer,Named / notable source,,,,,,,,,,,,,,,,,,,,,,Open World,Open World,,,,,,,,,,,NPC Corpse,,,,,,,,,,,,,,,,,,,,,,,,,,,,,,,,,,,,,,,,,,,,,,,,,,,,,,,,,No,,,,,,,,,,,,Quest component,,,,,,,,Available,Current EQL beta-era content,,,,Confirmed,Unconfirmed,,,,,,B21-MMC,
31,B21-MMC-031,21,Faydwer,Mistmoore Castle,Gargoyle Eye,Vendor / Quest Material,,No,Yes,,,,Yes,,,ALL,ALL,,,,,,a jeering gargoyle,27-32,Warrior,Construct Gargoyle,,,,,Gargoyle population,,,,,,,,,Classic Era,,Current EQL Wiki-listed,,,,,,,,"Notable equipment, quest item, utility item, or progression relationship.",Zone-specific,Core,Medium,https://eqlwiki.com/Mistmoore_Castle,https://wiki.project1999.com/Mistmoore_Castle,,Yes,1,,,ALL,ALL,27-32,27-32,Current EQL Wiki-listed; direct-build unconfirmed,Add,Wiki,Wiki,Wiki,No identified change,No identified change,No identified change,No identified change,,Classic-retained,https://eqlwiki.com/Mistmoore_Castle,,2026-07-28,,,,Yes,Listed,Current Wiki evidence,No,C,Current EQL Wiki item/zone listing with classic comparison.,None identified,Yes,Classic,,Current EQL Wiki,Current fields from EQL Wiki zone/item/NPC pages; classic fields from Project 1999/classic-era baseline.,EQL-LOOT-1.0,loot,Active,,B21-MMC-031,,,Yes,Yes,,,Agents of Mistmoore -30; Mayong Mistmoore -30,King Tearis Thex +10; League of Antonican Bards +10; Ring of Scale +10,,,,Hostile,,,Construct Gargoyle,,a jeering gargoyle,,,Agents of Mistmoore / Mayong Mistmoore,Hostile,Mistmoore Castle,,Open-world indoor/outdoor dungeon,Courtyard / Castle exterior,,,Gargoyle population,,,,,,a jeering gargoyle,Named / notable source,,,,,,,,,,,,,,,,,,,,,,Open World,Open World,,,,,,,,,,,NPC Corpse,,,,,,,,,,,,,,,,,,,,,,,,,,,,,,,,,,,,,,,,,,,,,,,,,,,,,,,,,No,,,,,,,,,,,,Vendor-value and quest material,,,,,,,,Available,Current EQL beta-era content,,,,Confirmed,Unconfirmed,,,,duplicate-source,,B21-MMC,
32,B21-MMC-032,21,Faydwer,Mistmoore Castle,Gargoyle Eye,Vendor / Quest Material,,No,Yes,,,,Yes,,,ALL,ALL,,,,,,a flouting gargoyle,28-33,Warrior,Construct Gargoyle,,,,,Gargoyle population,,,,,,,,,Classic Era,,Current EQL Wiki-listed,,,,,,,,"Notable equipment, quest item, utility item, or progression relationship.",Zone-specific,Core,Medium,https://eqlwiki.com/Mistmoore_Castle,https://wiki.project1999.com/Mistmoore_Castle,,Yes,1,,,ALL,ALL,28-33,28-33,Current EQL Wiki-listed; direct-build unconfirmed,Add,Wiki,Wiki,Wiki,No identified change,No identified change,No identified change,No identified change,,Classic-retained,https://eqlwiki.com/Mistmoore_Castle,,2026-07-28,,,,Yes,Listed,Current Wiki evidence,No,C,Current EQL Wiki item/zone listing with classic comparison.,None identified,Yes,Classic,,Current EQL Wiki,Current fields from EQL Wiki zone/item/NPC pages; classic fields from Project 1999/classic-era baseline.,EQL-LOOT-1.0,loot,Active,,B21-MMC-032,,,Yes,Yes,,,Agents of Mistmoore -30; Mayong Mistmoore -30,King Tearis Thex +10; League of Antonican Bards +10; Ring of Scale +10,,,,Hostile,,,Construct Gargoyle,,a flouting gargoyle,,,Agents of Mistmoore / Mayong Mistmoore,Hostile,Mistmoore Castle,,Open-world indoor/outdoor dungeon,Courtyard / Castle exterior,,,Gargoyle population,,,,,,a flouting gargoyle,Named / notable source,,,,,,,,,,,,,,,,,,,,,,Open World,Open World,,,,,,,,,,,NPC Corpse,,,,,,,,,,,,,,,,,,,,,,,,,,,,,,,,,,,,,,,,,,,,,,,,,,,,,,,,,No,,,,,,,,,,,,Vendor-value and quest material,,,,,,,,Available,Current EQL beta-era content,,,,Confirmed,Unconfirmed,,,,duplicate-source,,B21-MMC,
33,B21-MMC-033,21,Faydwer,Mistmoore Castle,Gargoyle Eye,Vendor / Quest Material,,No,Yes,,,,Yes,,,ALL,ALL,,,,,,a leering gargoyle,28-34,Warrior,Construct Gargoyle,,,,,Gargoyle population,,,,,,,,,Classic Era,,Current EQL Wiki-listed,,,,,,,,"Notable equipment, quest item, utility item, or progression relationship.",Zone-specific,Core,Medium,https://eqlwiki.com/Mistmoore_Castle,https://wiki.project1999.com/Mistmoore_Castle,,Yes,1,,,ALL,ALL,28-34,28-34,Current EQL Wiki-listed; direct-build unconfirmed,Add,Wiki,Wiki,Wiki,No identified change,No identified change,No identified change,No identified change,,Classic-retained,https://eqlwiki.com/Mistmoore_Castle,,2026-07-28,,,,Yes,Listed,Current Wiki evidence,No,C,Current EQL Wiki item/zone listing with classic comparison.,None identified,Yes,Classic,,Current EQL Wiki,Current fields from EQL Wiki zone/item/NPC pages; classic fields from Project 1999/classic-era baseline.,EQL-LOOT-1.0,loot,Active,,B21-MMC-033,,,Yes,Yes,,,Agents of Mistmoore -30; Mayong Mistmoore -30,King Tearis Thex +10; League of Antonican Bards +10; Ring of Scale +10,,,,Hostile,,,Construct Gargoyle,,a leering gargoyle,,,Agents of Mistmoore / Mayong Mistmoore,Hostile,Mistmoore Castle,,Open-world indoor/outdoor dungeon,Courtyard / Castle exterior,,,Gargoyle population,,,,,,a leering gargoyle,Named / notable source,,,,,,,,,,,,,,,,,,,,,,Open World,Open World,,,,,,,,,,,NPC Corpse,,,,,,,,,,,,,,,,,,,,,,,,,,,,,,,,,,,,,,,,,,,,,,,,,,,,,,,,,No,,,,,,,,,,,,Vendor-value and quest material,,,,,,,,Available,Current EQL beta-era content,,,,Confirmed,Unconfirmed,,,,duplicate-source,,B21-MMC,
34,B21-MMC-034,21,Faydwer,Mistmoore Castle,Mistmoore Granite,Quest Component,,No,Yes,,,Yes,Yes,,,ALL,ALL,,,,,,a flouting gargoyle,28-33,Warrior,Construct Gargoyle,,,,,Gargoyle population,,,,,,,,,Classic Era,,Current EQL Wiki-listed,,,,,,,,"Notable equipment, quest item, utility item, or progression relationship.",Zone-specific,Core,Medium,https://eqlwiki.com/Mistmoore_Castle,https://wiki.project1999.com/Mistmoore_Castle,,Yes,1,,,ALL,ALL,28-33,28-33,Current EQL Wiki-listed; direct-build unconfirmed,Add,Wiki,Wiki,Wiki,No identified change,No identified change,No identified change,No identified change,,Classic-retained,https://eqlwiki.com/Mistmoore_Castle,,2026-07-28,,,,Yes,Listed,Current Wiki evidence,No,C,Current EQL Wiki item/zone listing with classic comparison.,None identified,Yes,Classic,,Current EQL Wiki,Current fields from EQL Wiki zone/item/NPC pages; classic fields from Project 1999/classic-era baseline.,EQL-LOOT-1.0,loot,Active,,B21-MMC-034,,,Yes,Yes,,,Agents of Mistmoore -30; Mayong Mistmoore -30,King Tearis Thex +10; League of Antonican Bards +10; Ring of Scale +10,,,,Hostile,,,Construct Gargoyle,,a flouting gargoyle,,,Agents of Mistmoore / Mayong Mistmoore,Hostile,Mistmoore Castle,,Open-world indoor/outdoor dungeon,Courtyard / Castle exterior,,,Gargoyle population,,,,,,a flouting gargoyle,Named / notable source,,,,,,,,,,,,,,,,,,,,,,Open World,Open World,,,,,,,,,,,NPC Corpse,,,,,,,,,,,,,,,,,,,,,,,,,,,,,,,,,,,,,,,,,,,,,,,,,,,,,,,,,No,,,,,,,,,,,,Quest / progression material,,,,,,,,Available,Current EQL beta-era content,,,,Confirmed,Unconfirmed,,,,duplicate-source,,B21-MMC,
35,B21-MMC-035,21,Faydwer,Mistmoore Castle,Mistmoore Granite,Quest Component,,No,Yes,,,Yes,Yes,,,ALL,ALL,,,,,,a jeering gargoyle,27-32,Warrior,Construct Gargoyle,,,,,Gargoyle population,,,,,,,,,Classic Era,,Current EQL Wiki-listed,,,,,,,,"Notable equipment, quest item, utility item, or progression relationship.",Zone-specific,Core,Medium,https://eqlwiki.com/Mistmoore_Castle,https://wiki.project1999.com/Mistmoore_Castle,,Yes,1,,,ALL,ALL,27-32,27-32,Current EQL Wiki-listed; direct-build unconfirmed,Add,Wiki,Wiki,Wiki,No identified change,No identified change,No identified change,No identified change,,Classic-retained,https://eqlwiki.com/Mistmoore_Castle,,2026-07-28,,,,Yes,Listed,Current Wiki evidence,No,C,Current EQL Wiki item/zone listing with classic comparison.,None identified,Yes,Classic,,Current EQL Wiki,Current fields from EQL Wiki zone/item/NPC pages; classic fields from Project 1999/classic-era baseline.,EQL-LOOT-1.0,loot,Active,,B21-MMC-035,,,Yes,Yes,,,Agents of Mistmoore -30; Mayong Mistmoore -30,King Tearis Thex +10; League of Antonican Bards +10; Ring of Scale +10,,,,Hostile,,,Construct Gargoyle,,a jeering gargoyle,,,Agents of Mistmoore / Mayong Mistmoore,Hostile,Mistmoore Castle,,Open-world indoor/outdoor dungeon,Courtyard / Castle exterior,,,Gargoyle population,,,,,,a jeering gargoyle,Named / notable source,,,,,,,,,,,,,,,,,,,,,,Open World,Open World,,,,,,,,,,,NPC Corpse,,,,,,,,,,,,,,,,,,,,,,,,,,,,,,,,,,,,,,,,,,,,,,,,,,,,,,,,,No,,,,,,,,,,,,Quest / progression material,,,,,,,,Available,Current EQL beta-era content,,,,Confirmed,Unconfirmed,,,,duplicate-source,,B21-MMC,
36,B21-MMC-036,21,Faydwer,Mistmoore Castle,Werewolf Talon,Quest Component,,No,Yes,,,,Yes,,,ALL,ALL,,,,,,a werewolf,,Warrior,Lycanthrope,,,,,Night replacement population,,Night population; exact spawn map unresolved,,,,,,,Classic Era,,Current EQL Wiki-listed,,,,,,,,"Notable equipment, quest item, utility item, or progression relationship.",Zone-specific,Core,Medium,https://eqlwiki.com/Mistmoore_Castle,https://wiki.project1999.com/Mistmoore_Castle,,Yes,1,,,ALL,ALL,,,Current EQL Wiki-listed; direct-build unconfirmed,Add,Wiki,Wiki,Wiki,No identified change,No identified change,No identified change,No identified change,Unverified,Classic-retained,https://eqlwiki.com/Mistmoore_Castle,,2026-07-28,,,,Yes,Listed,Current Wiki evidence,No,C,Current EQL Wiki item/zone listing with classic comparison.,None identified,Yes,Classic,,Current EQL Wiki,Current fields from EQL Wiki zone/item/NPC pages; classic fields from Project 1999/classic-era baseline.,EQL-LOOT-1.0,loot,Active,,B21-MMC-036,,,Yes,Yes,,,Agents of Mistmoore -30; Mayong Mistmoore -30,King Tearis Thex +10; League of Antonican Bards +10; Ring of Scale +10,,,,Hostile,,,Lycanthrope,,a werewolf,,,Agents of Mistmoore / Mayong Mistmoore,Hostile,Mistmoore Castle,,Open-world indoor/outdoor dungeon,Castle / night population,,,Night replacement population,,,,,,a werewolf,Named / notable source,,,,,,,,,,,,,,,,,,,,,,Open World,Open World,,,,,,,,,,,NPC Corpse,,,,,,,,,,,,,,,,,,,,,,,,,,,,,,,,,,,,,,,,,,,,,,,,,,,,,,,,,No,,,,,,,,,,,,Mistmoore night-population component,,,,,,,,Available,Current EQL beta-era content,,,,Confirmed,Unconfirmed,,,,,,B21-MMC,
37,B21-MMC-037,21,Faydwer,Mistmoore Castle,Illegible Scroll: Vok Na Zov V,Quest Component,,No,Yes,,Yes,Yes,Yes,,,ALL,ALL,,,,,,a dark assistant librarian,,Caster,Humanoid Dark Elf,,,,,Assistant librarian area,,,,,,,,,Classic Era,,Current EQL Wiki-listed,,,,,,,,"Notable equipment, quest item, utility item, or progression relationship.",Zone-specific,Core,Medium,https://eqlwiki.com/Mistmoore_Castle,https://wiki.project1999.com/Mistmoore_Castle,,Yes,1,,,ALL,ALL,,,Current EQL Wiki-listed; direct-build unconfirmed,Add,Wiki,Wiki,Wiki,No identified change,No identified change,No identified change,No identified change,,Classic-retained,https://eqlwiki.com/Mistmoore_Castle,,2026-07-28,,,,Yes,Listed,Current Wiki evidence,No,C,Current EQL Wiki item/zone listing with classic comparison.,None identified,Yes,Classic,,Current EQL Wiki,Current fields from EQL Wiki zone/item/NPC pages; classic fields from Project 1999/classic-era baseline.,EQL-LOOT-1.0,loot,Active,,B21-MMC-037,,,Yes,Yes,,,Agents of Mistmoore -30; Mayong Mistmoore -30,King Tearis Thex +10; League of Antonican Bards +10; Ring of Scale +10,,,,Hostile,,,Humanoid Dark Elf,,a dark assistant librarian,,,Agents of Mistmoore / Mayong Mistmoore,Hostile,Mistmoore Castle,,Open-world indoor/outdoor dungeon,Castle library,,,Assistant librarian area,,,,,,a dark assistant librarian,Named / notable source,,,,,,,,,,,,,,,,,,,,,,Open World,Open World,,,,,,,,,,,NPC Corpse,,,,,,,,,,,,,,,,,,,,,,,,,,,,,,,,,,,,,,,,,,,,,,,,,,,,,,,,,No,,,,,,,,,,,,Quest or research document,,,,,,,,Available,Current EQL beta-era content,,,,Confirmed,Unconfirmed,,,,,,B21-MMC,
38,B21-MMC-038,21,Faydwer,Mistmoore Castle,Illegible Scroll: Vok Na Zov XI,Quest Component,,No,Yes,,Yes,Yes,Yes,,,ALL,ALL,,,,,,a dark librarian,,Caster,Humanoid Dark Elf,,,,,Librarian area,,,,,,,,,Classic Era,,Current EQL Wiki-listed,,,,,,,,"Notable equipment, quest item, utility item, or progression relationship.",Zone-specific,Core,Medium,https://eqlwiki.com/Mistmoore_Castle,https://wiki.project1999.com/Mistmoore_Castle,,Yes,1,,,ALL,ALL,,,Current EQL Wiki-listed; direct-build unconfirmed,Add,Wiki,Wiki,Wiki,No identified change,No identified change,No identified change,No identified change,,Classic-retained,https://eqlwiki.com/Mistmoore_Castle,,2026-07-28,,,,Yes,Listed,Current Wiki evidence,No,C,Current EQL Wiki item/zone listing with classic comparison.,None identified,Yes,Classic,,Current EQL Wiki,Current fields from EQL Wiki zone/item/NPC pages; classic fields from Project 1999/classic-era baseline.,EQL-LOOT-1.0,loot,Active,,B21-MMC-038,,,Yes,Yes,,,Agents of Mistmoore -30; Mayong Mistmoore -30,King Tearis Thex +10; League of Antonican Bards +10; Ring of Scale +10,,,,Hostile,,,Humanoid Dark Elf,,a dark librarian,,,Agents of Mistmoore / Mayong Mistmoore,Hostile,Mistmoore Castle,,Open-world indoor/outdoor dungeon,Castle library,,,Librarian area,,,,,,a dark librarian,Named / notable source,,,,,,,,,,,,,,,,,,,,,,Open World,Open World,,,,,,,,,,,NPC Corpse,,,,,,,,,,,,,,,,,,,,,,,,,,,,,,,,,,,,,,,,,,,,,,,,,,,,,,,,,No,,,,,,,,,,,,Quest or research document,,,,,,,,Available,Current EQL beta-era content,,,,Confirmed,Unconfirmed,,,,,,B21-MMC,
39,B21-MMC-META-001,21,Faydwer,Mistmoore Castle,Mistmoore current status,,,,,,,,,,,,,,,,,,,,,,,,20-45,,,,,,,,,,,,,,,,,,,,,,Zone-specific,Supplemental,Medium,https://eqlwiki.com/Mistmoore_Castle,https://wiki.project1999.com/Mistmoore_Castle,,Yes,1,,,,,,,Current EQL Wiki-supported; direct-build confirmation varies,Add,,,,,,,,,,https://eqlwiki.com/Mistmoore_Castle,,2026-07-28,,,,Yes,Listed,Current Wiki evidence,No,C,Current EQL zone/NPC documentation with classic comparison.,,,,,Current EQL Wiki,,EQL-LOOT-1.0,zone_metadata,Metadata,,B21-MMC-META-001,,,No,No,Available current EQL zone; substantially classic-retained and not established as a comprehensive revamp.,,,,,,,,,,,,,,,,,,,Open-world indoor/outdoor dungeon,,,,,,,,,,Mistmoore current status,,,,,,,,,,,,Available current EQL zone; substantially classic-retained and not established as a comprehensive revamp.,,,,,,,,,,,Open World,Open World,,,,,,,,,,,,,,,,,,,,,,,,,,,,,,,,,,,,,,,,,,,,,,,,,,,,,,,,,,,,,,,,,,,,No,,,,,,,,,,,,,,,,,,,,Available,Current EQL beta-era content,,,,Confirmed,Unconfirmed,,,,zone-status,,B21-MMC,
40,B21-MMC-META-002,21,Faydwer,Mistmoore Castle,Mistmoore castle structure,,,,,,,,,,,,,,,,,,,,,,,,,,,,,,,,,,,,,,,,,,,,,,Zone-specific,Supplemental,Medium,https://eqlwiki.com/Mistmoore_Castle,https://wiki.project1999.com/Mistmoore_Castle,,Yes,1,,,,,,,Current EQL Wiki-supported; direct-build confirmation varies,Add,,,,,,,,,,https://eqlwiki.com/Mistmoore_Castle,,2026-07-28,,,,Yes,Listed,Current Wiki evidence,No,C,Current EQL zone/NPC documentation with classic comparison.,,,,,Current EQL Wiki,,EQL-LOOT-1.0,zone_metadata,Metadata,,B21-MMC-META-002,,,No,No,"Entrance, pond, graveyard, courtyard, lower castle, upper castle, underground passages, jail, bath, ballroom, library, towers, and deep exceptional-content areas.",,,,,,,,,,,,,,,,,,,Open-world indoor/outdoor dungeon,,,,,,,,,,Mistmoore castle structure,,,,,,,,,,,,"Entrance, pond, graveyard, courtyard, lower castle, upper castle, underground passages, jail, bath, ballroom, library, towers, and deep exceptional-content areas.",,,,,,,,,,,Open World,Open World,,,,,,,,,,,,,,,,,,,,,,,,,,,,,,,,,,,,,,,,,,,,,,,,,,,,,,,,,,,,,,,,,,,,No,,,,,,,,,,,,,,,,,,,,Available,Current EQL beta-era content,,,,Confirmed,Unconfirmed,,,,zone-layout,,B21-MMC,
41,B21-MMC-META-003,21,Faydwer,Mistmoore Castle,Mistmoore day/night transition system,,,,,,,,,,,,,,,,,,,,,,,,,,,,Approximately 06:00 and 20:00 game time,,,,,,,,,,,,,,,,,,Zone-specific,Supplemental,Medium,https://eqlwiki.com/Mistmoore_Castle,https://wiki.project1999.com/Mistmoore_Castle,,Yes,1,,,,,,,Current EQL Wiki-supported; direct-build confirmation varies,Add,,,,,,,,,,https://eqlwiki.com/Mistmoore_Castle,,2026-07-28,,,,Yes,Listed,Current Wiki evidence,No,C,Current EQL zone/NPC documentation with classic comparison.,,,,,Current EQL Wiki,,EQL-LOOT-1.0,zone_metadata,Metadata,,B21-MMC-META-003,,,No,No,Current EQL documentation retains population refreshes at approximately 06:00 and 20:00 game time; full participating spawn census remains incomplete.,,,,,,,,,,,,,,,,,,,Open-world indoor/outdoor dungeon,,,,,,,,,,Mistmoore day/night transition system,,,,,,,,,,,,Current EQL documentation retains population refreshes at approximately 06:00 and 20:00 game time; full participating spawn census remains incomplete.,,,,,,,,,,,Open World,Open World,,,,,,,,,,,,,,,,,,,,,,,,,,,,,,,,,,,,,,,,,,,,,,,,,,,,,,,,,,,,,,,,,,,,No,,,,,,,,,,,,,,,,,,,,Available,Current EQL beta-era content,,,,Confirmed,Unconfirmed,,,,day-night,,B21-MMC,
42,B21-MMC-META-004,21,Faydwer,Mistmoore Castle,Mistmoore spawn framework,,,,,,,,,,,,,,,,,,,,,,,,,,,,,,,,,,,,,,,,,,,,,,Zone-specific,Supplemental,Medium,https://eqlwiki.com/Mistmoore_Castle,https://wiki.project1999.com/Mistmoore_Castle,,Yes,1,,,,,,,Current EQL Wiki-supported; direct-build confirmation varies,Add,,,,,,,,,,https://eqlwiki.com/Mistmoore_Castle,,2026-07-28,,,,Yes,Listed,Current Wiki evidence,No,C,Current EQL zone/NPC documentation with classic comparison.,,,,,Current EQL Wiki,,EQL-LOOT-1.0,zone_metadata,Metadata,,B21-MMC-META-004,,,No,No,"General current/classic baseline is approximately 22 minutes, with encounter-specific exceptions such as avenging caitiff and advisor-related content.",,,,,,,,,,,,,,,,,,,Open-world indoor/outdoor dungeon,,,,,,,,,,Mistmoore spawn framework,,,,,,,,,,,,"General current/classic baseline is approximately 22 minutes, with encounter-specific exceptions such as avenging caitiff and advisor-related content.",,,,,,,,,,,Open World,Open World,,,,,,,,,,,,,,,,,,,,,,,,,,,,,,,,,,,,,,,,,,,,,,,,,,,,,,,,,,,,,,,,,,,,No,,,,,,,,,,,,,,,,,,,,Available,Current EQL beta-era content,,,,Confirmed,Unconfirmed,,,,spawn-timer,,B21-MMC,
43,B21-MMC-META-005,21,Faydwer,Mistmoore Castle,Mistmoore faction framework,,,,,,,,,,,,,,,,,,,,,,,,,,,,,,,,,,,,,,,,,,,,,,Zone-specific,Supplemental,Medium,https://eqlwiki.com/Mistmoore_Castle,https://wiki.project1999.com/Mistmoore_Castle,,Yes,1,,,,,,,Current EQL Wiki-supported; direct-build confirmation varies,Add,,,,,,,,,,https://eqlwiki.com/Mistmoore_Castle,,2026-07-28,,,,Yes,Listed,Current Wiki evidence,No,C,Current EQL zone/NPC documentation with classic comparison.,,,,,Current EQL Wiki,,EQL-LOOT-1.0,zone_metadata,Metadata,,B21-MMC-META-005,,,No,No,"Many inhabitants use Agents of Mistmoore and Mayong Mistmoore, often granting King Tearis Thex, League of Antonican Bards, and Ring of Scale gains; exceptions require exact handling.",,,,,,,,,Common exact-page pattern: Agents of Mistmoore -30; Mayong Mistmoore -30; gains: King Tearis Thex +10; League of Antonican Bards +10; Ring of Scale +10.,,,,,,,,,,Open-world indoor/outdoor dungeon,,,,,,,,,,Mistmoore faction framework,,,,,,,,,,,,"Many inhabitants use Agents of Mistmoore and Mayong Mistmoore, often granting King Tearis Thex, League of Antonican Bards, and Ring of Scale gains; exceptions require exact handling.",,,,,,,,,,,Open World,Open World,,,,,,,,,,,,,,,,,,,,,,,,,,,,,,,,,,,,,,,,,,,,,,,,,,,,,,,,,,,,,,,,,,,,No,,,,,,,,,,,,,,,,,,,,Available,Current EQL beta-era content,,,,Confirmed,Unconfirmed,,,,faction,,B21-MMC,
44,B21-MMC-META-006,21,Faydwer,Mistmoore Castle,Mistmoore navigation and recovery hazards,,,,,,,,,,,,,,,,,,,,,,,,,,,,,,High,,,,,,,,,,,,,,,,Zone-specific,Supplemental,Medium,https://eqlwiki.com/Mistmoore_Castle,https://wiki.project1999.com/Mistmoore_Castle,,Yes,1,,,,,,,Current EQL Wiki-supported; direct-build confirmation varies,Add,,,,,,,,,,https://eqlwiki.com/Mistmoore_Castle,,2026-07-28,,,,Yes,Listed,Current Wiki evidence,No,C,Current EQL zone/NPC documentation with classic comparison.,,,,,Current EQL Wiki,,EQL-LOOT-1.0,zone_metadata,Metadata,,B21-MMC-META-006,,,No,No,"Frequent trains, maze-like corridors, crypt pits, bath line-of-sight issues, charm, see-invisibility, dense social aggro, and difficult deep-castle corpse recovery.",,,,,,,,,,,,,,,,,,,Open-world indoor/outdoor dungeon,,,,,,,,,,Mistmoore navigation and recovery hazards,,,,,,,,,,,,"Frequent trains, maze-like corridors, crypt pits, bath line-of-sight issues, charm, see-invisibility, dense social aggro, and difficult deep-castle corpse recovery.",,,,,,,,,,,Open World,Open World,,,,,,,,,,,,,,,,,,,,,,,,,,,,,,,,,,,,,,,,,,,,,,,,,,,,,,,,,,,,,,,,,,,,No,,,,,,,,,,,,,,,,,,,,Available,Current EQL beta-era content,,,,Confirmed,Unconfirmed,,,,hazards,,B21-MMC,
45,B21-MMC-ENC-001,21,Faydwer,Mistmoore Castle,Entrance and pond,,,,,,,,,,,,,,,,,,,,,,,,20-24,,,,,,Train exposure,,,,,,,,,,,,,,,,Zone-specific,Supplemental,Medium,https://eqlwiki.com/Mistmoore_Castle,https://wiki.project1999.com/Mistmoore_Castle,,Yes,1,,,,,,,Current EQL Wiki-supported; direct-build confirmation varies,Add,,,,,,,,,,https://eqlwiki.com/Mistmoore_Castle,,2026-07-28,,,,Yes,Listed,Current Wiki evidence,No,C,Current EQL zone/NPC documentation with classic comparison.,,,,,Current EQL Wiki,,EQL-LOOT-1.0,encounter_metadata,Metadata,,B21-MMC-ENC-001,,,No,No,"Lower-level guards, familiars, and roaming entrance population.",,,,,,,,,,,,,,,,,,,Open-world indoor/outdoor dungeon,Entrance,,,Zone line / pond,,,,,,Entrance and pond,Camp Population,,,,,,,,,,,"Lower-level guards, familiars, and roaming entrance population.",,,,,,,,,,,Open World,Open World,,,,,,,,,,,,,,,,,,,,,,,,,,,,,,,,,,,,,,,,,,,,,,,,,,,,,,,,,,,,,,,,,,,,No,,,,,,,,,,,,,,,,,,,,Available,Current EQL beta-era content,,,,Confirmed,Unconfirmed,,,,,,B21-MMC,
46,B21-MMC-ENC-002,21,Faydwer,Mistmoore Castle,Entrance guards and familiars,,,,,,,,,,,,,,,,,,,,,,,,20-26,,,,,,Social aggro,,,,,,,,,,,,,,,,Zone-specific,Supplemental,Medium,https://eqlwiki.com/Mistmoore_Castle,https://wiki.project1999.com/Mistmoore_Castle,,Yes,1,,,,,,,Current EQL Wiki-supported; direct-build confirmation varies,Add,,,,,,,,,,https://eqlwiki.com/Mistmoore_Castle,,2026-07-28,,,,Yes,Listed,Current Wiki evidence,No,C,Current EQL zone/NPC documentation with classic comparison.,,,,,Current EQL Wiki,,EQL-LOOT-1.0,encounter_metadata,Metadata,,B21-MMC-ENC-002,,,No,No,"Mistmoore guards, pledge familiars, initiate familiars, and early defenders.",,,,,,,,,,,,,,,,,,,Open-world indoor/outdoor dungeon,Entrance,,,Entrance path,,,,,,Entrance guards and familiars,Shared Population,,,,,,,,,,,"Mistmoore guards, pledge familiars, initiate familiars, and early defenders.",,,,,,,,,,,Open World,Open World,,,,,,,,,,,,,,,,,,,,,,,,,,,,,,,,,,,,,,,,,,,,,,,,,,,,,,,,,,,,,,,,,,,,No,,,,,,,,,,,,,,,,,,,,Available,Current EQL beta-era content,,,,Confirmed,Unconfirmed,,,,,,B21-MMC,
47,B21-MMC-ENC-003,21,Faydwer,Mistmoore Castle,Graveyard population,,,,,,,,,,,,,,,,,,,,,,,,24-32,,,,,,Crypt pits,,,,,,,,,,,,,,,,Zone-specific,Supplemental,Medium,https://eqlwiki.com/Mistmoore_Castle,https://wiki.project1999.com/Mistmoore_Castle,,Yes,1,,,,,,,Current EQL Wiki-supported; direct-build confirmation varies,Add,,,,,,,,,,https://eqlwiki.com/Mistmoore_Castle,,2026-07-28,,,,Yes,Listed,Current Wiki evidence,No,C,Current EQL zone/NPC documentation with classic comparison.,,,,,Current EQL Wiki,,EQL-LOOT-1.0,encounter_metadata,Metadata,,B21-MMC-ENC-003,,,No,No,"Gargoyles, glyphed ghoul, familiars, Ssynthi routes, and crypt access.",,,,,,,,,,,,,,,,,,,Open-world indoor/outdoor dungeon,Graveyard,,,Tombs / graveyard,,,,,,Graveyard population,Shared Population,,,,,,,,,,,"Gargoyles, glyphed ghoul, familiars, Ssynthi routes, and crypt access.",,,,,,,,,,,Open World,Open World,,,,,,,,,,,,,,,,,,,,,,,,,,,,,,,,,,,,,,,,,,,,,,,,,,,,,,,,,,,,,,,,,,,,No,,,,,,,,,,,,,,,,,,,,Available,Current EQL beta-era content,,,,Confirmed,Unconfirmed,,,,,,B21-MMC,
48,B21-MMC-ENC-004,21,Faydwer,Mistmoore Castle,Imp familiar graveyard camp,,,,,,,,,,,,,,,,,,,,,,,,29-35,,,,,,Rare spawn,,,,,,,,,,,,,,,,Zone-specific,Supplemental,Medium,https://eqlwiki.com/Mistmoore_Castle,https://wiki.project1999.com/Mistmoore_Castle,,Yes,1,,,,,,,Current EQL Wiki-supported; direct-build confirmation varies,Add,,,,,,,,,,https://eqlwiki.com/Mistmoore_Castle,,2026-07-28,,,,Yes,Listed,Current Wiki evidence,No,C,Current EQL zone/NPC documentation with classic comparison.,,,,,Current EQL Wiki,,EQL-LOOT-1.0,encounter_metadata,Metadata,,B21-MMC-ENC-004,,,No,No,Bloodstone Eyepatch and Sacrificial Dagger source; exact percentage unresolved.,,,,,,,,,,,,,,,,,,,Open-world indoor/outdoor dungeon,Graveyard,,,Imp camp,,,,,,Imp familiar graveyard camp,Rare Named,,,,,,,,,,,Bloodstone Eyepatch and Sacrificial Dagger source; exact percentage unresolved.,,,,,,,,,,,Open World,Open World,,,,,,,,,,,,,,,,,,,,,,,,,,,,,,,,,,,,,,,,,,,,,,,,,,,,,,,,,,,,,,,,,,,,No,,,,,,,,,,,,,,,,,,,,Available,Current EQL beta-era content,,,,Confirmed,Unconfirmed,,,,,,B21-MMC,
49,B21-MMC-ENC-005,21,Faydwer,Mistmoore Castle,Glyphed ghoul camp,,,,,,,,,,,,,,,,,,,,,,,,27-32,,,,,,Social aggro,,,,,,,,,,,,,,,,Zone-specific,Supplemental,Medium,https://eqlwiki.com/Mistmoore_Castle,https://wiki.project1999.com/Mistmoore_Castle,,Yes,1,,,,,,,Current EQL Wiki-supported; direct-build confirmation varies,Add,,,,,,,,,,https://eqlwiki.com/Mistmoore_Castle,,2026-07-28,,,,Yes,Listed,Current Wiki evidence,No,C,Current EQL zone/NPC documentation with classic comparison.,,,,,Current EQL Wiki,,EQL-LOOT-1.0,encounter_metadata,Metadata,,B21-MMC-ENC-005,,,No,No,Crested Mistmoore Shield and Vial of Vampire Blood source.,,,,,,,,,,,,,,,,,,,Open-world indoor/outdoor dungeon,Graveyard,,,Glyphed ghoul area,,,,,,Glyphed ghoul camp,Named / Notable,,,,,,,,,,,Crested Mistmoore Shield and Vial of Vampire Blood source.,,,,,,,,,,,Open World,Open World,,,,,,,,,,,,,,,,,,,,,,,,,,,,,,,,,,,,,,,,,,,,,,,,,,,,,,,,,,,,,,,,,,,,No,,,,,,,,,,,,,,,,,,,,Available,Current EQL beta-era content,,,,Confirmed,Unconfirmed,,,,,,B21-MMC,
50,B21-MMC-ENC-006,21,Faydwer,Mistmoore Castle,Ssynthi crypt and flower,,,,,,,,,,,,,,,,,,,,,,,,30-33,,,,,,Pit traps,,,,,,,,,,,,,,,,Zone-specific,Supplemental,Medium,https://eqlwiki.com/Mistmoore_Castle,https://wiki.project1999.com/Mistmoore_Castle,,Yes,1,,,,,,,Current EQL Wiki-supported; direct-build confirmation varies,Add,,,,,,,,,,https://eqlwiki.com/Mistmoore_Castle,,2026-07-28,,,,Yes,Listed,Current Wiki evidence,No,C,Current EQL zone/NPC documentation with classic comparison.,,,,,Current EQL Wiki,,EQL-LOOT-1.0,encounter_metadata,Metadata,,B21-MMC-ENC-006,,,No,No,"Ssynthi, Solusek's Flower ground spawn, and faction-dependent behavior.",,,,,,,,,,,,,,,,,,,Open-world indoor/outdoor dungeon,Graveyard,,,Coffin / crypt,,,,,,Ssynthi crypt and flower,Quest-sensitive Encounter,,,,,,,,,,,"Ssynthi, Solusek's Flower ground spawn, and faction-dependent behavior.",,,,,,,,,,,Open World,Open World,,,,,,,,,,,,,,,,,,,,,,,,,,,,,,,,,,,,,,,,,,,,,,,,,,,,,,,,,,,,,,,,,,,,No,,,,,,,,,,,,,,,,,,,,Available,Current EQL beta-era content,,,,Confirmed,Unconfirmed,,,,,,B21-MMC,
51,B21-MMC-ENC-007,21,Faydwer,Mistmoore Castle,Avenging caitiff passage,,,,,,,,,,,,,,,,,,,,,,,,30-33,,,,,,Faction/quest exception,,,,,,,,,,,,,,,,Zone-specific,Supplemental,Medium,https://eqlwiki.com/Mistmoore_Castle,https://wiki.project1999.com/Mistmoore_Castle,,Yes,1,,,,,,,Current EQL Wiki-supported; direct-build confirmation varies,Add,,,,,,,,,,https://eqlwiki.com/Mistmoore_Castle,,2026-07-28,,,,Yes,Listed,Current Wiki evidence,No,C,Current EQL zone/NPC documentation with classic comparison.,,,,,Current EQL Wiki,,EQL-LOOT-1.0,encounter_metadata,Metadata,,B21-MMC-ENC-007,,,No,No,Crested equipment source with separate approximately 23-minute cycle.,,,,,,,,,,,,,,,,,,,Open-world indoor/outdoor dungeon,Underground / Jail,,,Jail stairs,,,,,,Avenging caitiff passage,Placeholder Named,,,,,,,,,,,Crested equipment source with separate approximately 23-minute cycle.,,,,,,,,,,,Open World,Open World,,,,,,,,,,,,,,,,,,,,,,,,,,,,,,,,,,,,,,,,,,,,,,,,,,,,,,,,,,,,,,,,,,,,No,,,,,,,,,,,,,,,,,,,,Available,Current EQL beta-era content,,,,Confirmed,Unconfirmed,,,,,,B21-MMC,
52,B21-MMC-ENC-008,21,Faydwer,Mistmoore Castle,Courtyard gargoyle population,,,,,,,,,,,,,,,,,,,,,,,,24-34,,,,,,Fast adjacent spawns,,,,,,,,,,,,,,,,Zone-specific,Supplemental,Medium,https://eqlwiki.com/Mistmoore_Castle,https://wiki.project1999.com/Mistmoore_Castle,,Yes,1,,,,,,,Current EQL Wiki-supported; direct-build confirmation varies,Add,,,,,,,,,,https://eqlwiki.com/Mistmoore_Castle,,2026-07-28,,,,Yes,Listed,Current Wiki evidence,No,C,Current EQL zone/NPC documentation with classic comparison.,,,,,Current EQL Wiki,,EQL-LOOT-1.0,encounter_metadata,Metadata,,B21-MMC-ENC-008,,,No,No,Multiple gargoyle variants with eye and granite relationships.,,,,,,,,,,,,,,,,,,,Open-world indoor/outdoor dungeon,Courtyard,,,Courtyard / walls,,,,,,Courtyard gargoyle population,Shared Population,,,,,,,,,,,Multiple gargoyle variants with eye and granite relationships.,,,,,,,,,,,Open World,Open World,,,,,,,,,,,,,,,,,,,,,,,,,,,,,,,,,,,,,,,,,,,,,,,,,,,,,,,,,,,,,,,,,,,,No,,,,,,,,,,,,,,,,,,,,Available,Current EQL beta-era content,,,,Confirmed,Unconfirmed,,,,,,B21-MMC,
53,B21-MMC-ENC-009,21,Faydwer,Mistmoore Castle,Cloaked dhampyre fountain,,,,,,,,,,,,,,,,,,,,,,,,33,,,,06:00 and 20:00,,Shadow Knight abilities,,,,,,,,,,,,,,,,Zone-specific,Supplemental,Medium,https://eqlwiki.com/Mistmoore_Castle,https://wiki.project1999.com/Mistmoore_Castle,,Yes,1,,,,,,,Current EQL Wiki-supported; direct-build confirmation varies,Add,,,,,,,,,,https://eqlwiki.com/Mistmoore_Castle,,2026-07-28,,,,Yes,Listed,Current Wiki evidence,No,C,Current EQL zone/NPC documentation with classic comparison.,,,,,Current EQL Wiki,,EQL-LOOT-1.0,encounter_metadata,Metadata,,B21-MMC-ENC-009,,,No,No,Dhampyre source with documented dawn/dusk refreshes.,,,,,,,,,,,,,,,,,,,Open-world indoor/outdoor dungeon,Courtyard,,,Fountain,,,,,,Cloaked dhampyre fountain,Day/night Named,,,,,,,,,,,Dhampyre source with documented dawn/dusk refreshes.,,,,,,,,,,,Open World,Open World,,,,,,,,,,,,,,,,,,,,,,,,,,,,,,,,,,,,,,,,,,,,,,,,,,,,,,,,,,,,,,,,,,,,No,,,,,,,,,,,,,,,,,,,,Available,Current EQL beta-era content,,,,Confirmed,Unconfirmed,,,,,,B21-MMC,
54,B21-MMC-ENC-010,21,Faydwer,Mistmoore Castle,Courtyard gypsies,,,,,,,,,,,,,,,,,,,,,,,,25-32,,,,Day-biased population,,Charm/caster risk,,,,,,,,,,,,,,,,Zone-specific,Supplemental,Medium,https://eqlwiki.com/Mistmoore_Castle,https://wiki.project1999.com/Mistmoore_Castle,,Yes,1,,,,,,,Current EQL Wiki-supported; direct-build confirmation varies,Add,,,,,,,,,,https://eqlwiki.com/Mistmoore_Castle,,2026-07-28,,,,Yes,Listed,Current Wiki evidence,No,C,Current EQL zone/NPC documentation with classic comparison.,,,,,Current EQL Wiki,,EQL-LOOT-1.0,encounter_metadata,Metadata,,B21-MMC-ENC-010,,,No,No,"Dancers, musicians, ambassadors, and day/night-linked instrument relationships.",,,,,,,,,,,,,,,,,,,Open-world indoor/outdoor dungeon,Courtyard,,,Gypsy area,,,,,,Courtyard gypsies,Shared Population,,,,,,,,,,,"Dancers, musicians, ambassadors, and day/night-linked instrument relationships.",,,,,,,,,,,Open World,Open World,,,,,,,,,,,,,,,,,,,,,,,,,,,,,,,,,,,,,,,,,,,,,,,,,,,,,,,,,,,,,,,,,,,,No,,,,,,,,,,,,,,,,,,,,Available,Current EQL beta-era content,,,,Confirmed,Unconfirmed,,,,,,B21-MMC,
55,B21-MMC-ENC-011,21,Faydwer,Mistmoore Castle,Ballroom and music hall,,,,,,,,,,,,,,,,,,,,,,,,30-36,,,,Day/night-sensitive,,Charm and trains,,,,,,,,,,,,,,,,Zone-specific,Supplemental,Medium,https://eqlwiki.com/Mistmoore_Castle,https://wiki.project1999.com/Mistmoore_Castle,,Yes,1,,,,,,,Current EQL Wiki-supported; direct-build confirmation varies,Add,,,,,,,,,,https://eqlwiki.com/Mistmoore_Castle,,2026-07-28,,,,Yes,Listed,Current Wiki evidence,No,C,Current EQL zone/NPC documentation with classic comparison.,,,,,Current EQL Wiki,,EQL-LOOT-1.0,encounter_metadata,Metadata,,B21-MMC-ENC-011,,,No,No,"Mynthi, musicians, princess-related and werewolf replacement relationships.",,,,,,,,,,,,,,,,,,,Open-world indoor/outdoor dungeon,Castle upper level,,,Ballroom,,,,,,Ballroom and music hall,Camp Population,,,,,,,,,,,"Mynthi, musicians, princess-related and werewolf replacement relationships.",,,,,,,,,,,Open World,Open World,,,,,,,,,,,,,,,,,,,,,,,,,,,,,,,,,,,,,,,,,,,,,,,,,,,,,,,,,,,,,,,,,,,,No,,,,,,,,,,,,,,,,,,,,Available,Current EQL beta-era content,,,,Confirmed,Unconfirmed,,,,,,B21-MMC,
56,B21-MMC-ENC-012,21,Faydwer,Mistmoore Castle,Jail and prison stairs,,,,,,,,,,,,,,,,,,,,,,,,30-40,,,,,,Dense social aggro,,,,,,,,,,,,,,,,Zone-specific,Supplemental,Medium,https://eqlwiki.com/Mistmoore_Castle,https://wiki.project1999.com/Mistmoore_Castle,,Yes,1,,,,,,,Current EQL Wiki-supported; direct-build confirmation varies,Add,,,,,,,,,,https://eqlwiki.com/Mistmoore_Castle,,2026-07-28,,,,Yes,Listed,Current Wiki evidence,No,C,Current EQL zone/NPC documentation with classic comparison.,,,,,Current EQL Wiki,,EQL-LOOT-1.0,encounter_metadata,Metadata,,B21-MMC-ENC-012,,,No,No,"Caitiff, deathly usher, will pillager, and faction-exception undead knight.",,,,,,,,,,,,,,,,,,,Open-world indoor/outdoor dungeon,Castle lower level,,,Jail / prison stairs,,,,,,Jail and prison stairs,Camp Population,,,,,,,,,,,"Caitiff, deathly usher, will pillager, and faction-exception undead knight.",,,,,,,,,,,Open World,Open World,,,,,,,,,,,,,,,,,,,,,,,,,,,,,,,,,,,,,,,,,,,,,,,,,,,,,,,,,,,,,,,,,,,,No,,,,,,,,,,,,,,,,,,,,Available,Current EQL beta-era content,,,,Confirmed,Unconfirmed,,,,,,B21-MMC,
57,B21-MMC-ENC-013,21,Faydwer,Mistmoore Castle,Garton tower,,,,,,,,,,,,,,,,,,,,,,,,34-36,,,,,,Deep recovery,,,,,,,,,,,,,,,,Zone-specific,Supplemental,Medium,https://eqlwiki.com/Mistmoore_Castle,https://wiki.project1999.com/Mistmoore_Castle,,Yes,1,,,,,,,Current EQL Wiki-supported; direct-build confirmation varies,Add,,,,,,,,,,https://eqlwiki.com/Mistmoore_Castle,,2026-07-28,,,,Yes,Listed,Current Wiki evidence,No,C,Current EQL zone/NPC documentation with classic comparison.,,,,,Current EQL Wiki,,EQL-LOOT-1.0,encounter_metadata,Metadata,,B21-MMC-ENC-013,,,No,No,Garton Viswin and signature armor/weapon source.,,,,,,,,,,,,,,,,,,,Open-world indoor/outdoor dungeon,Castle upper level,,,Tower,,,,,,Garton tower,Named Encounter,,,,,,,,,,,Garton Viswin and signature armor/weapon source.,,,,,,,,,,,Open World,Open World,,,,,,,,,,,,,,,,,,,,,,,,,,,,,,,,,,,,,,,,,,,,,,,,,,,,,,,,,,,,,,,,,,,,No,,,,,,,,,,,,,,,,,,,,Available,Current EQL beta-era content,,,,Confirmed,Unconfirmed,,,,,,B21-MMC,
58,B21-MMC-ENC-014,21,Faydwer,Mistmoore Castle,Butler and Maid servant areas,,,,,,,,,,,,,,,,,,,,,,,,32-35,,,,,,Model variation,,,,,,,,,,,,,,,,Zone-specific,Supplemental,Medium,https://eqlwiki.com/Mistmoore_Castle,https://wiki.project1999.com/Mistmoore_Castle,,Yes,1,,,,,,,Current EQL Wiki-supported; direct-build confirmation varies,Add,,,,,,,,,,https://eqlwiki.com/Mistmoore_Castle,,2026-07-28,,,,Yes,Listed,Current Wiki evidence,No,C,Current EQL zone/NPC documentation with classic comparison.,,,,,Current EQL Wiki,,EQL-LOOT-1.0,encounter_metadata,Metadata,,B21-MMC-ENC-014,,,No,No,Butler Syncall and Maid Issis with deathly-usher placeholder relationships.,,,,,,,,,,,,,,,,,,,Open-world indoor/outdoor dungeon,Castle interior,,,Servant rooms,,,,,,Butler and Maid servant areas,Placeholder Named,,,,,,,,,,,Butler Syncall and Maid Issis with deathly-usher placeholder relationships.,,,,,,,,,,,Open World,Open World,,,,,,,,,,,,,,,,,,,,,,,,,,,,,,,,,,,,,,,,,,,,,,,,,,,,,,,,,,,,,,,,,,,,No,,,,,,,,,,,,,,,,,,,,Available,Current EQL beta-era content,,,,Confirmed,Unconfirmed,,,,,,B21-MMC,
59,B21-MMC-ENC-015,21,Faydwer,Mistmoore Castle,Lasna bath,,,,,,,,,,,,,,,,,,,,,,,,34-36,,,,,,Line-of-sight risk,,,,,,,,,,,,,,,,Zone-specific,Supplemental,Medium,https://eqlwiki.com/Mistmoore_Castle,https://wiki.project1999.com/Mistmoore_Castle,,Yes,1,,,,,,,Current EQL Wiki-supported; direct-build confirmation varies,Add,,,,,,,,,,https://eqlwiki.com/Mistmoore_Castle,,2026-07-28,,,,Yes,Listed,Current Wiki evidence,No,C,Current EQL zone/NPC documentation with classic comparison.,,,,,Current EQL Wiki,,EQL-LOOT-1.0,encounter_metadata,Metadata,,B21-MMC-ENC-015,,,No,No,Lasna source with pool line-of-sight issues.,,,,,,,,,,,,,,,,,,,Open-world indoor/outdoor dungeon,Castle upper level,,,Bath,,,,,,Lasna bath,Rare Named,,,,,,,,,,,Lasna source with pool line-of-sight issues.,,,,,,,,,,,Open World,Open World,,,,,,,,,,,,,,,,,,,,,,,,,,,,,,,,,,,,,,,,,,,,,,,,,,,,,,,,,,,,,,,,,,,,No,,,,,,,,,,,,,,,,,,,,Available,Current EQL beta-era content,,,,Confirmed,Unconfirmed,,,,,,B21-MMC,
60,B21-MMC-ENC-016,21,Faydwer,Mistmoore Castle,Princess Cherista room,,,,,,,,,,,,,,,,,,,,,,,,35,,,,,,Necromancer caster,,,,,,,,,,,,,,,,Zone-specific,Supplemental,Medium,https://eqlwiki.com/Mistmoore_Castle,https://wiki.project1999.com/Mistmoore_Castle,,Yes,1,,,,,,,Current EQL Wiki-supported; direct-build confirmation varies,Add,,,,,,,,,,https://eqlwiki.com/Mistmoore_Castle,,2026-07-28,,,,Yes,Listed,Current Wiki evidence,No,C,Current EQL zone/NPC documentation with classic comparison.,,,,,Current EQL Wiki,,EQL-LOOT-1.0,encounter_metadata,Metadata,,B21-MMC-ENC-016,,,No,No,"Dark ritualist placeholder, adjacent deathly heralds, see-invisibility, no flee.",,,,,,,,,,,,,,,,,,,Open-world indoor/outdoor dungeon,Castle upper level,,,Princess room,,,,,,Princess Cherista room,Placeholder Named,,,,,,,,,,,"Dark ritualist placeholder, adjacent deathly heralds, see-invisibility, no flee.",,,,,,,,,,,Open World,Open World,,,,,,,,,,,,,,,,,,,,,,,,,,,,,,,,,,,,,,,,,,,,,,,,,,,,,,,,,,,,,,,,,,,,No,,,,,,,,,,,,,,,,,,,,Available,Current EQL beta-era content,,,,Confirmed,Unconfirmed,,,,,,B21-MMC,
61,B21-MMC-ENC-017,21,Faydwer,Mistmoore Castle,Xicotl area,,,,,,,,,,,,,,,,,,,,,,,,40,,,,,,Shadow Knight risk,,,,,,,,,,,,,,,,Zone-specific,Supplemental,Medium,https://eqlwiki.com/Mistmoore_Castle,https://wiki.project1999.com/Mistmoore_Castle,,Yes,1,,,,,,,Current EQL Wiki-supported; direct-build confirmation varies,Add,,,,,,,,,,https://eqlwiki.com/Mistmoore_Castle,,2026-07-28,,,,Yes,Listed,Current Wiki evidence,No,C,Current EQL zone/NPC documentation with classic comparison.,,,,,Current EQL Wiki,,EQL-LOOT-1.0,encounter_metadata,Metadata,,B21-MMC-ENC-017,,,No,No,Mistmoore guard placeholder and Glowing Sword Hilt progression source.,,,,,,,,,,,,,,,,,,,Open-world indoor/outdoor dungeon,Castle upper level,,,Xicotl camp,,,,,,Xicotl area,Placeholder Named,,,,,,,,,,,Mistmoore guard placeholder and Glowing Sword Hilt progression source.,,,,,,,,,,,Open World,Open World,,,,,,,,,,,,,,,,,,,,,,,,,,,,,,,,,,,,,,,,,,,,,,,,,,,,,,,,,,,,,,,,,,,,No,,,,,,,,,,,,,,,,,,,,Available,Current EQL beta-era content,,,,Confirmed,Unconfirmed,,,,,,B21-MMC,
62,B21-MMC-ENC-018,21,Faydwer,Mistmoore Castle,Advisor and Black Dire later-era area,,,,,,,,,,,,,,,,,,,,,,,,35+,,,,,,Unavailable or unresolved,,,,,,,,,,,,,,,,Zone-specific,Supplemental,Medium,https://eqlwiki.com/Mistmoore_Castle,https://wiki.project1999.com/Mistmoore_Castle,,Yes,1,,,,,,,Current EQL Wiki-supported; direct-build confirmation varies,Add,,,,,,,,,,https://eqlwiki.com/Mistmoore_Castle,,2026-07-28,,,,Yes,Listed,Current Wiki evidence,No,C,Current EQL zone/NPC documentation with classic comparison.,,,,,Current EQL Wiki,,EQL-LOOT-1.0,encounter_metadata,Metadata,,B21-MMC-ENC-018,,,No,No,Advisor availability and Black Dire trigger are tied to later epic-era content.,,,,,,,,,,,,,,,,,,,Open-world indoor/outdoor dungeon,Castle library,,,Advisor area,,,,,,Advisor and Black Dire later-era area,Deferred Encounter,,,,,,,,,,,Advisor availability and Black Dire trigger are tied to later epic-era content.,,,,,,,,,,,Open World,Open World,,,,,,,,,,,,,,,,,,,,,,,,,,,,,,,,,,,,,,,,,,,,,,,,,,,,,,,,,,,,,,,,,,,,No,,,,,,,,,,,,,,,,,,,,Available,Current EQL beta-era content,,,,Confirmed,Unconfirmed,,,,,,B21-MMC,
63,B21-MMC-LOOTMETA-001,21,Faydwer,Mistmoore Castle,Mistmoore bard-instrument family,,,,,,,,,,,,,,,,,,,,,,,,,,,,,,,,,,,,,,,,,,,,,,Zone-specific,Supplemental,Medium,https://eqlwiki.com/Mistmoore_Castle,https://wiki.project1999.com/Mistmoore_Castle,,Yes,1,,,,,,,Current EQL Wiki-supported; direct-build confirmation varies,Add,,,,,,,,,,https://eqlwiki.com/Mistmoore_Castle,,2026-07-28,,,,Yes,Listed,Current Wiki evidence,No,C,Current EQL zone/NPC documentation with classic comparison.,,,,,Current EQL Wiki,,EQL-LOOT-1.0,metadata,Metadata,,B21-MMC-LOOTMETA-001,,,No,No,Gypsy Lute is promoted from gypsy musicians; Mynthi and werewolf sources for Lute of the Gypsy Princess and Mistmoore Battle Drums remain quarantined.,,,,,,,,,,,,,,,,,,,Open-world indoor/outdoor dungeon,,,,,,,,,,Mistmoore bard-instrument family,,,,,,,,,,,,Gypsy Lute is promoted from gypsy musicians; Mynthi and werewolf sources for Lute of the Gypsy Princess and Mistmoore Battle Drums remain quarantined.,,,,,,,,,,,Open World,Open World,,,,,,,,,,,,,,,,,,,,,,,,,,,,,,,,,,,,,,,,,,,,,,,,,,,,,,,,,,,,,,,,,,,,No,,,,,,,,,,,,,,,,,,,,Available,Current EQL beta-era content,,,,Confirmed,Unconfirmed,,,,loot-family;bard-instruments,,B21-MMC,
64,B21-MMC-LOOTMETA-002,21,Faydwer,Mistmoore Castle,Mistmoore day/night loot family,,,,,,,,,,,,,,,,,,,,,,,,,,,,,,,,,,,,,,,,,,,,,,Zone-specific,Supplemental,Medium,https://eqlwiki.com/Mistmoore_Castle,https://wiki.project1999.com/Mistmoore_Castle,,Yes,1,,,,,,,Current EQL Wiki-supported; direct-build confirmation varies,Add,,,,,,,,,,https://eqlwiki.com/Mistmoore_Castle,,2026-07-28,,,,Yes,Listed,Current Wiki evidence,No,C,Current EQL zone/NPC documentation with classic comparison.,,,,,Current EQL Wiki,,EQL-LOOT-1.0,metadata,Metadata,,B21-MMC-LOOTMETA-002,,,No,No,Living nobles and musicians may be replaced by vampire and werewolf populations; exact current source swaps remain under audit.,,,,,,,,,,,,,,,,,,,Open-world indoor/outdoor dungeon,,,,,,,,,,Mistmoore day/night loot family,,,,,,,,,,,,Living nobles and musicians may be replaced by vampire and werewolf populations; exact current source swaps remain under audit.,,,,,,,,,,,Open World,Open World,,,,,,,,,,,,,,,,,,,,,,,,,,,,,,,,,,,,,,,,,,,,,,,,,,,,,,,,,,,,,,,,,,,,No,,,,,,,,,,,,,,,,,,,,Available,Current EQL beta-era content,,,,Confirmed,Unconfirmed,,,,loot-family;day-night,,B21-MMC,
65,B21-MMC-LOOTMETA-003,21,Faydwer,Mistmoore Castle,Mistmoore gargoyle material family,,,,,,,,,,,,,,,,,,,,,,,,,,,,,,,,,,,,,,,,,,,,,,Zone-specific,Supplemental,Medium,https://eqlwiki.com/Mistmoore_Castle,https://wiki.project1999.com/Mistmoore_Castle,,Yes,1,,,,,,,Current EQL Wiki-supported; direct-build confirmation varies,Add,,,,,,,,,,https://eqlwiki.com/Mistmoore_Castle,,2026-07-28,,,,Yes,Listed,Current Wiki evidence,No,C,Current EQL zone/NPC documentation with classic comparison.,,,,,Current EQL Wiki,,EQL-LOOT-1.0,metadata,Metadata,,B21-MMC-LOOTMETA-003,,,No,No,Gargoyle Eye and Mistmoore Granite are represented only for supported exact variants; broad family generalization is avoided.,,,,,,,,,,,,,,,,,,,Open-world indoor/outdoor dungeon,,,,,,,,,,Mistmoore gargoyle material family,,,,,,,,,,,,Gargoyle Eye and Mistmoore Granite are represented only for supported exact variants; broad family generalization is avoided.,,,,,,,,,,,Open World,Open World,,,,,,,,,,,,,,,,,,,,,,,,,,,,,,,,,,,,,,,,,,,,,,,,,,,,,,,,,,,,,,,,,,,,No,,,,,,,,,,,,,,,,,,,,Available,Current EQL beta-era content,,,,Confirmed,Unconfirmed,,,,loot-family;gargoyle,,B21-MMC,
66,B21-MMC-LOOTMETA-004,21,Faydwer,Mistmoore Castle,Black Silk Gloves multi-source relationship,,,,,,,,,,,,,,,,,,,,,,,,,,,,,,,,,,,,,,,,,,,,,,Zone-specific,Supplemental,Medium,https://eqlwiki.com/Mistmoore_Castle,https://wiki.project1999.com/Mistmoore_Castle,,Yes,1,,,,,,,Current EQL Wiki-supported; direct-build confirmation varies,Add,,,,,,,,,,https://eqlwiki.com/Mistmoore_Castle,,2026-07-28,,,,Yes,Listed,Current Wiki evidence,No,C,Current EQL zone/NPC documentation with classic comparison.,,,,,Current EQL Wiki,,EQL-LOOT-1.0,metadata,Metadata,,B21-MMC-LOOTMETA-004,,,No,No,"Separate underlying rows retained for deathly usher, glyphed aegis, and will sapper; UI may group the item visually.",,,,,,,,,,,,,,,,,,,Open-world indoor/outdoor dungeon,,,,,,,,,,Black Silk Gloves multi-source relationship,,,,,,,,,,,,"Separate underlying rows retained for deathly usher, glyphed aegis, and will sapper; UI may group the item visually.",,,,,,,,,,,Open World,Open World,,,,,,,,,,,,,,,,,,,,,,,,,,,,,,,,,,,,,,,,,,,,,,,,,,,,,,,,,,,,,,,,,,,,No,,,,,,,,,,,,,,,,,,,,Available,Current EQL beta-era content,,,,Confirmed,Unconfirmed,,,,loot-family;duplicate-source,,B21-MMC,
67,B21-MMC-LOOTMETA-005,21,Faydwer,Mistmoore Castle,Mistmoore generic level-table loot,,,,,,,,,,,,,,,,,,,,,,,,,,,,,,,,,,,,,,,,,,,,,,Zone-specific,Supplemental,Medium,https://eqlwiki.com/Mistmoore_Castle,https://wiki.project1999.com/Mistmoore_Castle,,Yes,1,,,,,,,Current EQL Wiki-supported; direct-build confirmation varies,Add,,,,,,,,,,https://eqlwiki.com/Mistmoore_Castle,,2026-07-28,,,,Yes,Listed,Current Wiki evidence,No,C,Current EQL zone/NPC documentation with classic comparison.,,,,,Current EQL Wiki,,EQL-LOOT-1.0,metadata,Metadata,,B21-MMC-LOOTMETA-005,,,No,No,"Small Bronze, Fine Steel, Raw-hide, gems, generic words, and common runes are retained as population metadata rather than active notable-loot rows.",,,,,,,,,,,,,,,,,,,Open-world indoor/outdoor dungeon,,,,,,,,,,Mistmoore generic level-table loot,,,,,,,,,,,,"Small Bronze, Fine Steel, Raw-hide, gems, generic words, and common runes are retained as population metadata rather than active notable-loot rows.",,,,,,,,,,,Open World,Open World,,,,,,,,,,,,,,,,,,,,,,,,,,,,,,,,,,,,,,,,,,,,,,,,,,,,,,,,,,,,,,,,,,,,No,,,,,,,,,,,,,,,,,,,,Available,Current EQL beta-era content,,,,Confirmed,Unconfirmed,,,,global-loot;excluded,,B21-MMC,
68,B21-MMC-LOOTMETA-006,21,Faydwer,Mistmoore Castle,Mistmoore exceptional-content exclusions,,,,,,,,,,,,,,,,,,,,,,,,,,,,,,,,,,,,,,,,,,,,,,Zone-specific,Supplemental,Medium,https://eqlwiki.com/Mistmoore_Castle,https://wiki.project1999.com/Mistmoore_Castle,,Yes,1,,,,,,,Current EQL Wiki-supported; direct-build confirmation varies,Add,,,,,,,,,,https://eqlwiki.com/Mistmoore_Castle,,2026-07-28,,,,Yes,Listed,Current Wiki evidence,No,C,Current EQL zone/NPC documentation with classic comparison.,,,,,Current EQL Wiki,,EQL-LOOT-1.0,metadata,Metadata,,B21-MMC-LOOTMETA-006,,,No,No,"Mayong Mistmoore, Dark Huntress, Black Dire, Advisor farmability, and event-only or later-era loot remain outside normal active group content.",,,,,,,,,,,,,,,,,,,Open-world indoor/outdoor dungeon,,,,,,,,,,Mistmoore exceptional-content exclusions,,,,,,,,,,,,"Mayong Mistmoore, Dark Huntress, Black Dire, Advisor farmability, and event-only or later-era loot remain outside normal active group content.",,,,,,,,,,,Open World,Open World,,,,,,,,,,,,,,,,,,,,,,,,,,,,,,,,,,,,,,,,,,,,,,,,,,,,,,,,,,,,,,,,,,,,No,,,,,,,,,,,,,,,,,,,,Available,Current EQL beta-era content,,,,Confirmed,Unconfirmed,,,,exceptional-content;excluded,,B21-MMC,
69,B21-MMC-RES-001,21,Faydwer,Mistmoore Castle,Complete Mistmoore day/night replacement map,,,,,,,,,,,,,,,,,,,,,,,,,,,,,,,,,,,,,,,,,,,,,,Zone-specific,Supplemental,Low,https://eqlwiki.com/Mistmoore_Castle,https://wiki.project1999.com/Mistmoore_Castle,Identify every current EQL spawn point that changes at 06:00 or 20:00 and whether transitions reset dead placeholders.,Yes,1,,,,,,,Unresolved; direct-build or stronger current evidence required,Quarantine,,,,,,,,,,https://eqlwiki.com/Mistmoore_Castle,,2026-07-28,,,,Yes,Partial / conflicting,Unverified lead,No,D,Meaningful current or historical lead without sufficient support for active promotion.,Incomplete census,,,,Unverified EQL Wiki / inherited classic evidence,,EQL-LOOT-1.0,research,Quarantined,,B21-MMC-RES-001,,,No,Yes,Quarantined research record; hidden from default loot results.,,,,,,,,,,,,,,,,,,,Open-world indoor/outdoor dungeon,,,,,,,,,,,,,,,,,,,,,,,,,,,,,,,,,Open World,Open World,,,,,,,,,,,,,,,,,,,,,,,,,,,,,,,,,,,,,,,,,,,,,,,,,,,,,,,,,,,,,,,,,,,,No,,,,,,,,,,,,,,,,,,,,Available,Current EQL beta-era content,,,,Confirmed,Unconfirmed,,,,,,B21-MMC,
70,B21-MMC-RES-002,21,Faydwer,Mistmoore Castle,Mynthi Davissi current spawn cycle,,,,,,,,,,,,,,,,,,,,,,,,,,,,,,,,,,,,,,,,,,,,,,Zone-specific,Supplemental,Low,https://eqlwiki.com/Mistmoore_Castle,https://wiki.project1999.com/Mistmoore_Castle,"Resolve placeholders, exact room cycle, day/night dependency, charm behavior, and spawn probability.",Yes,1,,,,,,,Unresolved; direct-build or stronger current evidence required,Quarantine,,,,,,,,,,https://eqlwiki.com/Mistmoore_Castle,,2026-07-28,,,,Yes,Partial / conflicting,Unverified lead,No,D,Meaningful current or historical lead without sufficient support for active promotion.,Spawn conflict,,,,Unverified EQL Wiki / inherited classic evidence,,EQL-LOOT-1.0,research,Quarantined,,B21-MMC-RES-002,,,No,Yes,Quarantined research record; hidden from default loot results.,,,,,,,,,,,,,,,,,,,Open-world indoor/outdoor dungeon,,,,,,,,,,,,,,,,,,,,,,,,,,,,,,,,,Open World,Open World,,,,,,,,,,,,,,,,,,,,,,,,,,,,,,,,,,,,,,,,,,,,,,,,,,,,,,,,,,,,,,,,,,,,No,,,,,,,,,,,,,,,,,,,,Available,Current EQL beta-era content,,,,Confirmed,Unconfirmed,,,,,,B21-MMC,
71,B21-MMC-RES-003,21,Faydwer,Mistmoore Castle,Mynthi instrument drops,,,,,,,,,,,,,,,,,,,,,,,,,,,,,,,,,,,,,,,,,,,,,,Zone-specific,Supplemental,Low,https://eqlwiki.com/Mistmoore_Castle,https://wiki.project1999.com/Mistmoore_Castle,"Verify whether Mynthi currently drops Lute of the Gypsy Princess, Mistmoore Battle Drums, both, or neither.",Yes,1,,,,,,,Unresolved; direct-build or stronger current evidence required,Quarantine,,,,,,,,,,https://eqlwiki.com/Mistmoore_Castle,,2026-07-28,,,,Yes,Partial / conflicting,Unverified lead,No,D,Meaningful current or historical lead without sufficient support for active promotion.,Source conflict,,,,Unverified EQL Wiki / inherited classic evidence,,EQL-LOOT-1.0,research,Quarantined,,B21-MMC-RES-003,,,No,Yes,Quarantined research record; hidden from default loot results.,,,,,,,,,,,,,,,,,,,Open-world indoor/outdoor dungeon,,,,,,,,,,,,,,,,,,,,,,,,,,,,,,,,,Open World,Open World,,,,,,,,,,,,,,,,,,,,,,,,,,,,,,,,,,,,,,,,,,,,,,,,,,,,,,,,,,,,,,,,,,,,No,,,,,,,,,,,,,,,,,,,,Available,Current EQL beta-era content,,,,Confirmed,Unconfirmed,,,,,,B21-MMC,
72,B21-MMC-RES-004,21,Faydwer,Mistmoore Castle,Werewolf instrument drops,,,,,,,,,,,,,,,,,,,,,,,,,,,,,,,,,,,,,,,,,,,,,,Zone-specific,Supplemental,Low,https://eqlwiki.com/Mistmoore_Castle,https://wiki.project1999.com/Mistmoore_Castle,Verify current werewolf drops for Lute of the Gypsy Princess and Mistmoore Battle Drums.,Yes,1,,,,,,,Unresolved; direct-build or stronger current evidence required,Quarantine,,,,,,,,,,https://eqlwiki.com/Mistmoore_Castle,,2026-07-28,,,,Yes,Partial / conflicting,Unverified lead,No,D,Meaningful current or historical lead without sufficient support for active promotion.,Source conflict,,,,Unverified EQL Wiki / inherited classic evidence,,EQL-LOOT-1.0,research,Quarantined,,B21-MMC-RES-004,,,No,Yes,Quarantined research record; hidden from default loot results.,,,,,,,,,,,,,,,,,,,Open-world indoor/outdoor dungeon,,,,,,,,,,,,,,,,,,,,,,,,,,,,,,,,,Open World,Open World,,,,,,,,,,,,,,,,,,,,,,,,,,,,,,,,,,,,,,,,,,,,,,,,,,,,,,,,,,,,,,,,,,,,No,,,,,,,,,,,,,,,,,,,,Available,Current EQL beta-era content,,,,Confirmed,Unconfirmed,,,,,,B21-MMC,
73,B21-MMC-RES-005,21,Faydwer,Mistmoore Castle,Mistmoore Battle Drums exact sources,,,,,,,,,,,,,,,,,,,,,,,,,,,,,,,,,,,,,,,,,,,,,,Zone-specific,Supplemental,Low,https://eqlwiki.com/Mistmoore_Castle,https://wiki.project1999.com/Mistmoore_Castle,Resolve all current exact sources and whether they are night-dependent.,Yes,1,,,,,,,Unresolved; direct-build or stronger current evidence required,Quarantine,,,,,,,,,,https://eqlwiki.com/Mistmoore_Castle,,2026-07-28,,,,Yes,Partial / conflicting,Unverified lead,No,D,Meaningful current or historical lead without sufficient support for active promotion.,Source conflict,,,,Unverified EQL Wiki / inherited classic evidence,,EQL-LOOT-1.0,research,Quarantined,,B21-MMC-RES-005,,,No,Yes,Quarantined research record; hidden from default loot results.,,,,,,,,,,,,,,,,,,,Open-world indoor/outdoor dungeon,,,,,,,,,,,,,,,,,,,,,,,,,,,,,,,,,Open World,Open World,,,,,,,,,,,,,,,,,,,,,,,,,,,,,,,,,,,,,,,,,,,,,,,,,,,,,,,,,,,,,,,,,,,,No,,,,,,,,,,,,,,,,,,,,Available,Current EQL beta-era content,,,,Confirmed,Unconfirmed,,,,,,B21-MMC,
74,B21-MMC-RES-006,21,Faydwer,Mistmoore Castle,Lute of the Gypsy Princess exact sources,,,,,,,,,,,,,,,,,,,,,,,,,,,,,,,,,,,,,,,,,,,,,,Zone-specific,Supplemental,Low,https://eqlwiki.com/Mistmoore_Castle,https://wiki.project1999.com/Mistmoore_Castle,Resolve Mynthi versus werewolf source relationships and current rates.,Yes,1,,,,,,,Unresolved; direct-build or stronger current evidence required,Quarantine,,,,,,,,,,https://eqlwiki.com/Mistmoore_Castle,,2026-07-28,,,,Yes,Partial / conflicting,Unverified lead,No,D,Meaningful current or historical lead without sufficient support for active promotion.,Source conflict,,,,Unverified EQL Wiki / inherited classic evidence,,EQL-LOOT-1.0,research,Quarantined,,B21-MMC-RES-006,,,No,Yes,Quarantined research record; hidden from default loot results.,,,,,,,,,,,,,,,,,,,Open-world indoor/outdoor dungeon,,,,,,,,,,,,,,,,,,,,,,,,,,,,,,,,,Open World,Open World,,,,,,,,,,,,,,,,,,,,,,,,,,,,,,,,,,,,,,,,,,,,,,,,,,,,,,,,,,,,,,,,,,,,No,,,,,,,,,,,,,,,,,,,,Available,Current EQL beta-era content,,,,Confirmed,Unconfirmed,,,,,,B21-MMC,
75,B21-MMC-RES-007,21,Faydwer,Mistmoore Castle,Instrument slot normalization,,,,,,,,,,,,,,,,,,,,,,,,,,,,,,,,,,,,,,,,,,,,,,Zone-specific,Supplemental,Low,https://eqlwiki.com/Mistmoore_Castle,https://wiki.project1999.com/Mistmoore_Castle,Resolve PRIMARY/SECONDARY versus SECONDARY-only inconsistencies across current EQL pages.,Yes,1,,,,,,,Unresolved; direct-build or stronger current evidence required,Quarantine,,,,,,,,,,https://eqlwiki.com/Mistmoore_Castle,,2026-07-28,,,,Yes,Partial / conflicting,Unverified lead,No,D,Meaningful current or historical lead without sufficient support for active promotion.,Field conflict,,,,Unverified EQL Wiki / inherited classic evidence,,EQL-LOOT-1.0,research,Quarantined,,B21-MMC-RES-007,,,No,Yes,Quarantined research record; hidden from default loot results.,,,,,,,,,,,,,,,,,,,Open-world indoor/outdoor dungeon,,,,,,,,,,,,,,,,,,,,,,,,,,,,,,,,,Open World,Open World,,,,,,,,,,,,,,,,,,,,,,,,,,,,,,,,,,,,,,,,,,,,,,,,,,,,,,,,,,,,,,,,,,,,No,,,,,,,,,,,,,,,,,,,,Available,Current EQL beta-era content,,,,Confirmed,Unconfirmed,,,,,,B21-MMC,
76,B21-MMC-RES-008,21,Faydwer,Mistmoore Castle,Instrument class and race eligibility,,,,,,,,,,,,,,,,,,,,,,,,,,,,,,,,,,,,,,,,,,,,,,Zone-specific,Supplemental,Low,https://eqlwiki.com/Mistmoore_Castle,https://wiki.project1999.com/Mistmoore_Castle,Confirm current ALL-class/ALL-race eligibility and whether resonance requires Bard use.,Yes,1,,,,,,,Unresolved; direct-build or stronger current evidence required,Quarantine,,,,,,,,,,https://eqlwiki.com/Mistmoore_Castle,,2026-07-28,,,,Yes,Partial / conflicting,Unverified lead,No,D,Meaningful current or historical lead without sufficient support for active promotion.,Field conflict,,,,Unverified EQL Wiki / inherited classic evidence,,EQL-LOOT-1.0,research,Quarantined,,B21-MMC-RES-008,,,No,Yes,Quarantined research record; hidden from default loot results.,,,,,,,,,,,,,,,,,,,Open-world indoor/outdoor dungeon,,,,,,,,,,,,,,,,,,,,,,,,,,,,,,,,,Open World,Open World,,,,,,,,,,,,,,,,,,,,,,,,,,,,,,,,,,,,,,,,,,,,,,,,,,,,,,,,,,,,,,,,,,,,No,,,,,,,,,,,,,,,,,,,,Available,Current EQL beta-era content,,,,Confirmed,Unconfirmed,,,,,,B21-MMC,
77,B21-MMC-RES-009,21,Faydwer,Mistmoore Castle,Advisor current availability,,,,,,,,,,,,,,,,,,,,,,,,,,,,,,,,,,,,,,,,,,,,,,Zone-specific,Supplemental,Low,https://eqlwiki.com/Mistmoore_Castle,https://wiki.project1999.com/Mistmoore_Castle,Verify whether the advisor currently spawns before epic content is enabled.,Yes,1,,,,,,,Unresolved; direct-build or stronger current evidence required,Quarantine,,,,,,,,,,https://eqlwiki.com/Mistmoore_Castle,,2026-07-28,,,,Yes,Partial / conflicting,Unverified lead,No,D,Meaningful current or historical lead without sufficient support for active promotion.,Availability conflict,,,,Unverified EQL Wiki / inherited classic evidence,,EQL-LOOT-1.0,research,Quarantined,,B21-MMC-RES-009,,,No,Yes,Quarantined research record; hidden from default loot results.,,,,,,,,,,,,,,,,,,,Open-world indoor/outdoor dungeon,,,,,,,,,,,,,,,,,,,,,,,,,,,,,,,,,Open World,Open World,,,,,,,,,,,,,,,,,,,,,,,,,,,,,,,,,,,,,,,,,,,,,,,,,,,,,,,,,,,,,,,,,,,,No,,,,,,,,,,,,,,,,,,,,Available,Current EQL beta-era content,,,,Confirmed,Unconfirmed,,,,,,B21-MMC,
78,B21-MMC-RES-010,21,Faydwer,Mistmoore Castle,Black Dire and Shaman epic availability,,,,,,,,,,,,,,,,,,,,,,,,,,,,,,,,,,,,,,,,,,,,,,Zone-specific,Supplemental,Low,https://eqlwiki.com/Mistmoore_Castle,https://wiki.project1999.com/Mistmoore_Castle,"Confirm implementation status, trigger, and whether Black Dire Pelt can currently be obtained.",Yes,1,,,,,,,Unresolved; direct-build or stronger current evidence required,Quarantine,,,,,,,,,,https://eqlwiki.com/Mistmoore_Castle,,2026-07-28,,,,Yes,Partial / conflicting,Unverified lead,No,D,Meaningful current or historical lead without sufficient support for active promotion.,Later-era content,,,,Unverified EQL Wiki / inherited classic evidence,,EQL-LOOT-1.0,research,Quarantined,,B21-MMC-RES-010,,,No,Yes,Quarantined research record; hidden from default loot results.,,,,,,,,,,,,,,,,,,,Open-world indoor/outdoor dungeon,,,,,,,,,,,,,,,,,,,,,,,,,,,,,,,,,Open World,Open World,,,,,,,,,,,,,,,,,,,,,,,,,,,,,,,,,,,,,,,,,,,,,,,,,,,,,,,,,,,,,,,,,,,,No,,,,,,,,,,,,,,,,,,,,Available,Current EQL beta-era content,,,,Confirmed,Unconfirmed,,,,,,B21-MMC,
79,B21-MMC-RES-011,21,Faydwer,Mistmoore Castle,Mayong Mistmoore implementation,,,,,,,,,,,,,,,,,,,,,,,,,,,,,,,,,,,,,,,,,,,,,,Zone-specific,Supplemental,Low,https://eqlwiki.com/Mistmoore_Castle,https://wiki.project1999.com/Mistmoore_Castle,"Determine whether Mayong is ordinary, event-only, raid-like, inherited, or unavailable content.",Yes,1,,,,,,,Unresolved; direct-build or stronger current evidence required,Quarantine,,,,,,,,,,https://eqlwiki.com/Mistmoore_Castle,,2026-07-28,,,,Yes,Partial / conflicting,Unverified lead,No,D,Meaningful current or historical lead without sufficient support for active promotion.,Exceptional content,,,,Unverified EQL Wiki / inherited classic evidence,,EQL-LOOT-1.0,research,Quarantined,,B21-MMC-RES-011,,,No,Yes,Quarantined research record; hidden from default loot results.,,,,,,,,,,,,,,,,,,,Open-world indoor/outdoor dungeon,,,,,,,,,,,,,,,,,,,,,,,,,,,,,,,,,Open World,Open World,,,,,,,,,,,,,,,,,,,,,,,,,,,,,,,,,,,,,,,,,,,,,,,,,,,,,,,,,,,,,,,,,,,,No,,,,,,,,,,,,,,,,,,,,Available,Current EQL beta-era content,,,,Confirmed,Unconfirmed,,,,,,B21-MMC,
80,B21-MMC-RES-012,21,Faydwer,Mistmoore Castle,Dark Huntress implementation,,,,,,,,,,,,,,,,,,,,,,,,,,,,,,,,,,,,,,,,,,,,,,Zone-specific,Supplemental,Low,https://eqlwiki.com/Mistmoore_Castle,https://wiki.project1999.com/Mistmoore_Castle,Determine whether Dark Huntress is active and whether any loot belongs in non-raid coverage.,Yes,1,,,,,,,Unresolved; direct-build or stronger current evidence required,Quarantine,,,,,,,,,,https://eqlwiki.com/Mistmoore_Castle,,2026-07-28,,,,Yes,Partial / conflicting,Unverified lead,No,D,Meaningful current or historical lead without sufficient support for active promotion.,Exceptional content,,,,Unverified EQL Wiki / inherited classic evidence,,EQL-LOOT-1.0,research,Quarantined,,B21-MMC-RES-012,,,No,Yes,Quarantined research record; hidden from default loot results.,,,,,,,,,,,,,,,,,,,Open-world indoor/outdoor dungeon,,,,,,,,,,,,,,,,,,,,,,,,,,,,,,,,,Open World,Open World,,,,,,,,,,,,,,,,,,,,,,,,,,,,,,,,,,,,,,,,,,,,,,,,,,,,,,,,,,,,,,,,,,,,No,,,,,,,,,,,,,,,,,,,,Available,Current EQL beta-era content,,,,Confirmed,Unconfirmed,,,,,,B21-MMC,
81,B21-MMC-RES-013,21,Faydwer,Mistmoore Castle,Imp familiar spawn probability,,,,,,,,,,,,,,,,,,,,,,,,,,,,,,,,,,,,,,,,,,,,,,Zone-specific,Supplemental,Low,https://eqlwiki.com/Mistmoore_Castle,https://wiki.project1999.com/Mistmoore_Castle,Resolve the meaning of the current 50% notation and exact placeholder.,Yes,1,,,,,,,Unresolved; direct-build or stronger current evidence required,Quarantine,,,,,,,,,,https://eqlwiki.com/Mistmoore_Castle,,2026-07-28,,,,Yes,Partial / conflicting,Unverified lead,No,D,Meaningful current or historical lead without sufficient support for active promotion.,Spawn conflict,,,,Unverified EQL Wiki / inherited classic evidence,,EQL-LOOT-1.0,research,Quarantined,,B21-MMC-RES-013,,,No,Yes,Quarantined research record; hidden from default loot results.,,,,,,,,,,,,,,,,,,,Open-world indoor/outdoor dungeon,,,,,,,,,,,,,,,,,,,,,,,,,,,,,,,,,Open World,Open World,,,,,,,,,,,,,,,,,,,,,,,,,,,,,,,,,,,,,,,,,,,,,,,,,,,,,,,,,,,,,,,,,,,,No,,,,,,,,,,,,,,,,,,,,Available,Current EQL beta-era content,,,,Confirmed,Unconfirmed,,,,,,B21-MMC,
82,B21-MMC-RES-014,21,Faydwer,Mistmoore Castle,Cloaked dhampyre spawn probability,,,,,,,,,,,,,,,,,,,,,,,,,,,,,,,,,,,,,,,,,,,,,,Zone-specific,Supplemental,Low,https://eqlwiki.com/Mistmoore_Castle,https://wiki.project1999.com/Mistmoore_Castle,Resolve ordinary placeholder probability separately from documented dawn/dusk refresh behavior.,Yes,1,,,,,,,Unresolved; direct-build or stronger current evidence required,Quarantine,,,,,,,,,,https://eqlwiki.com/Mistmoore_Castle,,2026-07-28,,,,Yes,Partial / conflicting,Unverified lead,No,D,Meaningful current or historical lead without sufficient support for active promotion.,Spawn conflict,,,,Unverified EQL Wiki / inherited classic evidence,,EQL-LOOT-1.0,research,Quarantined,,B21-MMC-RES-014,,,No,Yes,Quarantined research record; hidden from default loot results.,,,,,,,,,,,,,,,,,,,Open-world indoor/outdoor dungeon,,,,,,,,,,,,,,,,,,,,,,,,,,,,,,,,,Open World,Open World,,,,,,,,,,,,,,,,,,,,,,,,,,,,,,,,,,,,,,,,,,,,,,,,,,,,,,,,,,,,,,,,,,,,No,,,,,,,,,,,,,,,,,,,,Available,Current EQL beta-era content,,,,Confirmed,Unconfirmed,,,,,,B21-MMC,
83,B21-MMC-RES-015,21,Faydwer,Mistmoore Castle,Butler Syncall placeholder cycle,,,,,,,,,,,,,,,,,,,,,,,,,,,,,,,,,,,,,,,,,,,,,,Zone-specific,Supplemental,Low,https://eqlwiki.com/Mistmoore_Castle,https://wiki.project1999.com/Mistmoore_Castle,"Identify exact placeholder, location, model variants, and timing.",Yes,1,,,,,,,Unresolved; direct-build or stronger current evidence required,Quarantine,,,,,,,,,,https://eqlwiki.com/Mistmoore_Castle,,2026-07-28,,,,Yes,Partial / conflicting,Unverified lead,No,D,Meaningful current or historical lead without sufficient support for active promotion.,Incomplete spawn data,,,,Unverified EQL Wiki / inherited classic evidence,,EQL-LOOT-1.0,research,Quarantined,,B21-MMC-RES-015,,,No,Yes,Quarantined research record; hidden from default loot results.,,,,,,,,,,,,,,,,,,,Open-world indoor/outdoor dungeon,,,,,,,,,,,,,,,,,,,,,,,,,,,,,,,,,Open World,Open World,,,,,,,,,,,,,,,,,,,,,,,,,,,,,,,,,,,,,,,,,,,,,,,,,,,,,,,,,,,,,,,,,,,,No,,,,,,,,,,,,,,,,,,,,Available,Current EQL beta-era content,,,,Confirmed,Unconfirmed,,,,,,B21-MMC,
84,B21-MMC-RES-016,21,Faydwer,Mistmoore Castle,Maid Issis placeholder cycle,,,,,,,,,,,,,,,,,,,,,,,,,,,,,,,,,,,,,,,,,,,,,,Zone-specific,Supplemental,Low,https://eqlwiki.com/Mistmoore_Castle,https://wiki.project1999.com/Mistmoore_Castle,"Identify exact placeholder, location, model variants, and timing.",Yes,1,,,,,,,Unresolved; direct-build or stronger current evidence required,Quarantine,,,,,,,,,,https://eqlwiki.com/Mistmoore_Castle,,2026-07-28,,,,Yes,Partial / conflicting,Unverified lead,No,D,Meaningful current or historical lead without sufficient support for active promotion.,Incomplete spawn data,,,,Unverified EQL Wiki / inherited classic evidence,,EQL-LOOT-1.0,research,Quarantined,,B21-MMC-RES-016,,,No,Yes,Quarantined research record; hidden from default loot results.,,,,,,,,,,,,,,,,,,,Open-world indoor/outdoor dungeon,,,,,,,,,,,,,,,,,,,,,,,,,,,,,,,,,Open World,Open World,,,,,,,,,,,,,,,,,,,,,,,,,,,,,,,,,,,,,,,,,,,,,,,,,,,,,,,,,,,,,,,,,,,,No,,,,,,,,,,,,,,,,,,,,Available,Current EQL beta-era content,,,,Confirmed,Unconfirmed,,,,,,B21-MMC,
85,B21-MMC-RES-017,21,Faydwer,Mistmoore Castle,Avenging caitiff faction and quest behavior,,,,,,,,,,,,,,,,,,,,,,,,,,,,,,,,,,,,,,,,,,,,,,Zone-specific,Supplemental,Low,https://eqlwiki.com/Mistmoore_Castle,https://wiki.project1999.com/Mistmoore_Castle,"Verify initial disposition, faction, fang turn-in behavior, and exact current quest implementation.",Yes,1,,,,,,,Unresolved; direct-build or stronger current evidence required,Quarantine,,,,,,,,,,https://eqlwiki.com/Mistmoore_Castle,,2026-07-28,,,,Yes,Partial / conflicting,Unverified lead,No,D,Meaningful current or historical lead without sufficient support for active promotion.,Faction/quest conflict,,,,Unverified EQL Wiki / inherited classic evidence,,EQL-LOOT-1.0,research,Quarantined,,B21-MMC-RES-017,,,No,Yes,Quarantined research record; hidden from default loot results.,,,,,,,,,,,,,,,,,,,Open-world indoor/outdoor dungeon,,,,,,,,,,,,,,,,,,,,,,,,,,,,,,,,,Open World,Open World,,,,,,,,,,,,,,,,,,,,,,,,,,,,,,,,,,,,,,,,,,,,,,,,,,,,,,,,,,,,,,,,,,,,No,,,,,,,,,,,,,,,,,,,,Available,Current EQL beta-era content,,,,Confirmed,Unconfirmed,,,,,,B21-MMC,
86,B21-MMC-RES-018,21,Faydwer,Mistmoore Castle,Robe of the Keeper current quest availability,,,,,,,,,,,,,,,,,,,,,,,,,,,,,,,,,,,,,,,,,,,,,,Zone-specific,Supplemental,Low,https://eqlwiki.com/Mistmoore_Castle,https://wiki.project1999.com/Mistmoore_Castle,Confirm Ssynthi source and the current Solusek's Flower quest chain.,Yes,1,,,,,,,Unresolved; direct-build or stronger current evidence required,Quarantine,,,,,,,,,,https://eqlwiki.com/Mistmoore_Castle,,2026-07-28,,,,Yes,Partial / conflicting,Unverified lead,No,D,Meaningful current or historical lead without sufficient support for active promotion.,Quest availability,,,,Unverified EQL Wiki / inherited classic evidence,,EQL-LOOT-1.0,research,Quarantined,,B21-MMC-RES-018,,,No,Yes,Quarantined research record; hidden from default loot results.,,,,,,,,,,,,,,,,,,,Open-world indoor/outdoor dungeon,,,,,,,,,,,,,,,,,,,,,,,,,,,,,,,,,Open World,Open World,,,,,,,,,,,,,,,,,,,,,,,,,,,,,,,,,,,,,,,,,,,,,,,,,,,,,,,,,,,,,,,,,,,,No,,,,,,,,,,,,,,,,,,,,Available,Current EQL beta-era content,,,,Confirmed,Unconfirmed,,,,,,B21-MMC,
87,B21-MMC-RES-019,21,Faydwer,Mistmoore Castle,Xicotl and SoulFire implementation,,,,,,,,,,,,,,,,,,,,,,,,,,,,,,,,,,,,,,,,,,,,,,Zone-specific,Supplemental,Low,https://eqlwiki.com/Mistmoore_Castle,https://wiki.project1999.com/Mistmoore_Castle,Verify current Glowing Sword Hilt drop and complete SoulFire quest availability.,Yes,1,,,,,,,Unresolved; direct-build or stronger current evidence required,Quarantine,,,,,,,,,,https://eqlwiki.com/Mistmoore_Castle,,2026-07-28,,,,Yes,Partial / conflicting,Unverified lead,No,D,Meaningful current or historical lead without sufficient support for active promotion.,Quest availability,,,,Unverified EQL Wiki / inherited classic evidence,,EQL-LOOT-1.0,research,Quarantined,,B21-MMC-RES-019,,,No,Yes,Quarantined research record; hidden from default loot results.,,,,,,,,,,,,,,,,,,,Open-world indoor/outdoor dungeon,,,,,,,,,,,,,,,,,,,,,,,,,,,,,,,,,Open World,Open World,,,,,,,,,,,,,,,,,,,,,,,,,,,,,,,,,,,,,,,,,,,,,,,,,,,,,,,,,,,,,,,,,,,,No,,,,,,,,,,,,,,,,,,,,Available,Current EQL beta-era content,,,,Confirmed,Unconfirmed,,,,,,B21-MMC,
88,B21-MMC-RES-020,21,Faydwer,Mistmoore Castle,Complete librarian scroll census,,,,,,,,,,,,,,,,,,,,,,,,,,,,,,,,,,,,,,,,,,,,,,Zone-specific,Supplemental,Low,https://eqlwiki.com/Mistmoore_Castle,https://wiki.project1999.com/Mistmoore_Castle,"Confirm all Illegible Scroll variants, exact librarians, and current progression uses.",Yes,1,,,,,,,Unresolved; direct-build or stronger current evidence required,Quarantine,,,,,,,,,,https://eqlwiki.com/Mistmoore_Castle,,2026-07-28,,,,Yes,Partial / conflicting,Unverified lead,No,D,Meaningful current or historical lead without sufficient support for active promotion.,Incomplete census,,,,Unverified EQL Wiki / inherited classic evidence,,EQL-LOOT-1.0,research,Quarantined,,B21-MMC-RES-020,,,No,Yes,Quarantined research record; hidden from default loot results.,,,,,,,,,,,,,,,,,,,Open-world indoor/outdoor dungeon,,,,,,,,,,,,,,,,,,,,,,,,,,,,,,,,,Open World,Open World,,,,,,,,,,,,,,,,,,,,,,,,,,,,,,,,,,,,,,,,,,,,,,,,,,,,,,,,,,,,,,,,,,,,No,,,,,,,,,,,,,,,,,,,,Available,Current EQL beta-era content,,,,Confirmed,Unconfirmed,,,,,,B21-MMC,
89,B21-MMC-RES-021,21,Faydwer,Mistmoore Castle,Exact Gargoyle Eye source variants,,,,,,,,,,,,,,,,,,,,,,,,,,,,,,,,,,,,,,,,,,,,,,Zone-specific,Supplemental,Low,https://eqlwiki.com/Mistmoore_Castle,https://wiki.project1999.com/Mistmoore_Castle,Confirm every current gargoyle subtype that drops Gargoyle Eye and avoid broad family inheritance.,Yes,1,,,,,,,Unresolved; direct-build or stronger current evidence required,Quarantine,,,,,,,,,,https://eqlwiki.com/Mistmoore_Castle,,2026-07-28,,,,Yes,Partial / conflicting,Unverified lead,No,D,Meaningful current or historical lead without sufficient support for active promotion.,Incomplete census,,,,Unverified EQL Wiki / inherited classic evidence,,EQL-LOOT-1.0,research,Quarantined,,B21-MMC-RES-021,,,No,Yes,Quarantined research record; hidden from default loot results.,,,,,,,,,,,,,,,,,,,Open-world indoor/outdoor dungeon,,,,,,,,,,,,,,,,,,,,,,,,,,,,,,,,,Open World,Open World,,,,,,,,,,,,,,,,,,,,,,,,,,,,,,,,,,,,,,,,,,,,,,,,,,,,,,,,,,,,,,,,,,,,No,,,,,,,,,,,,,,,,,,,,Available,Current EQL beta-era content,,,,Confirmed,Unconfirmed,,,,,,B21-MMC,
90,B21-MMC-RES-022,21,Faydwer,Mistmoore Castle,Exact Mistmoore Granite source variants,,,,,,,,,,,,,,,,,,,,,,,,,,,,,,,,,,,,,,,,,,,,,,Zone-specific,Supplemental,Low,https://eqlwiki.com/Mistmoore_Castle,https://wiki.project1999.com/Mistmoore_Castle,Confirm every current gargoyle subtype that drops Mistmoore Granite and exact rates.,Yes,1,,,,,,,Unresolved; direct-build or stronger current evidence required,Quarantine,,,,,,,,,,https://eqlwiki.com/Mistmoore_Castle,,2026-07-28,,,,Yes,Partial / conflicting,Unverified lead,No,D,Meaningful current or historical lead without sufficient support for active promotion.,Incomplete census,,,,Unverified EQL Wiki / inherited classic evidence,,EQL-LOOT-1.0,research,Quarantined,,B21-MMC-RES-022,,,No,Yes,Quarantined research record; hidden from default loot results.,,,,,,,,,,,,,,,,,,,Open-world indoor/outdoor dungeon,,,,,,,,,,,,,,,,,,,,,,,,,,,,,,,,,Open World,Open World,,,,,,,,,,,,,,,,,,,,,,,,,,,,,,,,,,,,,,,,,,,,,,,,,,,,,,,,,,,,,,,,,,,,No,,,,,,,,,,,,,,,,,,,,Available,Current EQL beta-era content,,,,Confirmed,Unconfirmed,,,,,,B21-MMC,
91,B21-MMC-RES-023,21,Faydwer,Mistmoore Castle,Special-population faction audit,,,,,,,,,,,,,,,,,,,,,,,,,,,,,,,,,,,,,,,,,,,,,,Zone-specific,Supplemental,Low,https://eqlwiki.com/Mistmoore_Castle,https://wiki.project1999.com/Mistmoore_Castle,"Verify exact factions and disposition for Ssynthi, avenging caitiff, undead knight, gypsy dancer, advisor, and other exceptions.",Yes,1,,,,,,,Unresolved; direct-build or stronger current evidence required,Quarantine,,,,,,,,,,https://eqlwiki.com/Mistmoore_Castle,,2026-07-28,,,,Yes,Partial / conflicting,Unverified lead,No,D,Meaningful current or historical lead without sufficient support for active promotion.,Faction unresolved,,,,Unverified EQL Wiki / inherited classic evidence,,EQL-LOOT-1.0,research,Quarantined,,B21-MMC-RES-023,,,No,Yes,Quarantined research record; hidden from default loot results.,,,,,,,,,,,,,,,,,,,Open-world indoor/outdoor dungeon,,,,,,,,,,,,,,,,,,,,,,,,,,,,,,,,,Open World,Open World,,,,,,,,,,,,,,,,,,,,,,,,,,,,,,,,,,,,,,,,,,,,,,,,,,,,,,,,,,,,,,,,,,,,No,,,,,,,,,,,,,,,,,,,,Available,Current EQL beta-era content,,,,Confirmed,Unconfirmed,,,,,,B21-MMC,
