record_id,batch,continent,zone,item_name,item_category,slot,equippable,inventory_only,magic,lore,no_drop,quest_item,weight,size,classes_classic,races_classic,stats_raw,damage,delay,weapon_skill,proc_click_focus,source_npc,source_npc_level,source_npc_class,source_npc_race_type,placeholder,placeholder_level_range,nearby_enemy_level_range,spawn_type,spawn_location,respawn_timer,time_condition,special_abilities,social_or_add_risk,faction_consequences,drop_frequency,drop_rate_reported,drop_notes,era_status,tlp_status,legends_status,best_for_classes,best_for_archetypes,general_value_notes,personal_build_notes,effect_transfer_value,target_priority_general,duplicate_item_group,inclusion_reason,source_scope,core_or_supplemental,data_confidence,source_primary,source_secondary,research_notes,approved,revision,stats_classic,stats_eql,classes_eql,races_eql,source_npc_level_classic,source_npc_level_eql,eql_verification_status,eql_audit_action,eql_npc_confirmed,eql_item_confirmed,eql_drop_source_confirmed,eql_stats_match,eql_classes_match,eql_races_match,eql_effect_match,eql_spawn_match,eql_era_status,eql_wiki_source,eql_official_source,eql_last_checked,eql_changes_summary,eql_verification_notes,official_override_status,official_source_checked,eql_wiki_listing_status,eql_wiki_verification_state,current_build_confirmed,evidence_grade,evidence_strength,conflict_status,classic_original_launch,classic_historical_era,last_directly_observed,primary_evidence_layer,per_field_provenance_notes,schema_version,record_type,record_status,source_record_id,canonical_record_id,parent_record_id,related_record_ids,display_default,searchable,record_notes,faction_risk_level,faction_hits_known,faction_gains_known,city_access_risk,merchant_access_risk,quest_access_risk,initial_disposition,protected_npc_type,faction_behavior_notes,creature_family,creature_subfamily,normalized_source_name,source_name_aliases,shared_loot_family,family_faction,family_hostility,family_zone_scope,source_variant_notes,zone_type,zone_subarea,zone_wing,zone_floor,camp_or_room,location_coordinates,location_description,navigation_notes,escape_or_exit_risk,environmental_hazards,encounter_name,encounter_type,encounter_tier,encounter_group_size,encounter_raid_size,encounter_difficulty,encounter_trigger,encounter_scripted,encounter_phases,encounter_adds,encounter_failure_condition,encounter_reset_behavior,encounter_notes,placeholder_npc,placeholder_cycle,spawn_probability,spawn_count,spawn_window,respawn_variance,despawn_condition,spawn_dependencies,spawn_guaranteed,spawn_mechanics_notes,instance_status,instance_type,instance_name,instance_entry_method,instance_reuse_timer,loot_lockout_type,loot_lockout_duration,lockout_scope,lockout_applies_per_npc,lockout_applies_per_instance,lockout_bypass_conditions,instance_notes,loot_delivery_method,loot_container_name,loot_table_name,loot_table_tier,loot_pool_type,loot_roll_type,loot_quantity_min,loot_quantity_max,loot_slots_reported,loot_selection_behavior,shared_loot_notes,currency_drop,loot_delivery_notes,drop_rate_type,drop_rate_numerator,drop_rate_denominator,drop_rate_sample_size,drop_rate_pool_probability,drop_rate_item_probability,drop_rate_source,drop_rate_confidence,drop_rate_conditions,access_requirement,access_key_item,access_key_consumed,access_quest,minimum_recommended_level,minimum_group_size,minimum_raid_size,class_role_requirements,door_or_lock_requirement,levitation_required,underwater_required,resist_requirements,corpse_recovery_difficulty,bind_or_reentry_notes,access_notes,encounter_hp,encounter_ac,damage_per_hit_min,damage_per_hit_max,attacks_per_round,aoe_effects,single_target_effects,debuffs,summons_players,enrages,rampage,flurry,banishes,mem_blur,charm,fear,death_touch,resist_profile,immunity_profile,combat_mechanics_notes,raid_target,raid_classification,raid_progression_role,raid_prerequisite,contested_status,racing_or_engagement_rules,racing_line,open_world_competition,recommended_composition,raid_notes,quest_name,quest_step,quest_role,epic_class,progression_category,required_for_access,required_for_spawn,required_for_turn_in,reward_type,quest_dependency_notes,content_availability,availability_context,availability_start,availability_end,availability_condition,beta_availability_status,launch_availability_status,instance_availability_status,compatibility_action,compatibility_reason,custom_tags,alternate_names,content_group_id,data_extension_json
B19-NAJ-001,19,Antonica,Najena,Guard's Keyring,Access Key,,No,Yes,,,,,,,NONE,NONE,,,,,,A Guard Officer,,,,,,,,,,,,,,,,,Classic-retained,,Current EQL research batch,,,,,,,,"Notable equipment, access item, quest component, tradeskill item, or EQL-added drop.",Exact documented source,Core,High for active rows; incomplete or disputed rows quarantined,https://eqlwiki.com/Category%3ANajena,https://eqlwiki.com/Najena_(NPC); classic EverQuest baseline,,Yes,1,Access key; inventory-only,Access key; inventory-only,NONE,NONE,,,Current EQL documentation audited,Add,,Yes,Yes,,Compared,Compared,Compared,,,,,2026-07-28,,,,Yes,,Reviewed,No direct-build observation,C,Exact current item/source relationship with mandatory completeness audit.,None identified,,Classic-retained,,Official EQL patches and current EQL Wiki with classic comparison,Current EQL values populated from exact item/NPC pages or official patch notes. Classic fields populated only for matched classic-retained items.,EQL-LOOT-1.0,loot,Active,,B19-NAJ-001,,,No,Yes,,,,,,,,,,,,,A Guard Officer,,,,,,,Indoor Dungeon / Laboratory / Prison,,,,,,,,,,,,,,,,,,,,,,,,,,,,,,,,,Open World,Open World,,,,,,,,,,,NPC Corpse,,,,,,,,,,,,,,,,,,,,,,,Guard's Keyring,,,,,,,,,,,,,,,,,,,,,,,,,,,,,,,,,,No,,,,,,,,,,,,,,,Yes,,,,,Available,,,,,Confirmed,Unconfirmed,,Keep,Current and classic key function retained.,,,B19-NAJ,
B19-NAJ-002,19,Antonica,Najena,Guard's Keyring,Access Key,,No,Yes,,,,,,,NONE,NONE,,,,,,Moosh,,,,,,,,,,,,,,,,,Classic-retained,,Current EQL research batch,,,,,,,,"Notable equipment, access item, quest component, tradeskill item, or EQL-added drop.",Exact documented source,Core,High for active rows; incomplete or disputed rows quarantined,https://eqlwiki.com/Category%3ANajena,https://eqlwiki.com/Najena_(NPC); classic EverQuest baseline,,Yes,1,Access key; inventory-only,Access key; inventory-only,NONE,NONE,,,Current EQL documentation audited,Add,,Yes,Yes,,Compared,Compared,Compared,,,,,2026-07-28,,,,Yes,,Reviewed,No direct-build observation,C,Exact current item/source relationship with mandatory completeness audit.,None identified,,Classic-retained,,Official EQL patches and current EQL Wiki with classic comparison,Current EQL values populated from exact item/NPC pages or official patch notes. Classic fields populated only for matched classic-retained items.,EQL-LOOT-1.0,loot,Active,,B19-NAJ-002,,,No,Yes,,,,,,,,,,,,,Moosh,,,,,,,Indoor Dungeon / Laboratory / Prison,,,,,,,,,,,,,,,,,,,,,,,,,,,,,,,,,Open World,Open World,,,,,,,,,,,NPC Corpse,,,,,,,,,,,,,,,,,,,,,,,Guard's Keyring,,,,,,,,,,,,,,,,,,,,,,,,,,,,,,,,,,No,,,,,,,,,,,,,,,Yes,,,,,Available,,,,,Confirmed,Unconfirmed,,Keep,Current and classic key function retained.,,,B19-NAJ,
B19-NAJ-003,19,Antonica,Najena,Shiny Metal Key,Access Key,,No,Yes,,,,,,,NONE,NONE,,,,,,The Guard Captain,,,,,,,,,,,,,,,,,Classic-retained,,Current EQL research batch,,,,,,,,"Notable equipment, access item, quest component, tradeskill item, or EQL-added drop.",Exact documented source,Core,High for active rows; incomplete or disputed rows quarantined,https://eqlwiki.com/Category%3ANajena,https://eqlwiki.com/Najena_(NPC); classic EverQuest baseline,,Yes,1,Access key; inventory-only,Access key; inventory-only,NONE,NONE,,,Current EQL documentation audited,Add,,Yes,Yes,,Compared,Compared,Compared,,,,,2026-07-28,,,,Yes,,Reviewed,No direct-build observation,C,Exact current item/source relationship with mandatory completeness audit.,None identified,,Classic-retained,,Official EQL patches and current EQL Wiki with classic comparison,Current EQL values populated from exact item/NPC pages or official patch notes. Classic fields populated only for matched classic-retained items.,EQL-LOOT-1.0,loot,Active,,B19-NAJ-003,,,No,Yes,,,,,,,,,,,,,The Guard Captain,,,,,,,Indoor Dungeon / Laboratory / Prison,,,,,,,,,,,,,,,,,,,,,,,,,,,,,,,,,Open World,Open World,,,,,,,,,,,NPC Corpse,,,,,,,,,,,,,,,,,,,,,,,Shiny Metal Key,,,,,,,,,,,,,,,,,,,,,,,,,,,,,,,,,,No,,,,,,,,,,,,,,,Yes,,,,,Available,,,,,Confirmed,Unconfirmed,,Keep,Current and classic key function retained.,,,B19-NAJ,
B19-NAJ-004,19,Antonica,Najena,Dull Bone Key,Access Key,,No,Yes,,,,,,,NONE,NONE,,,,,,BoneCracker,,,,,,,,,,,,,,,,,Classic-retained,,Current EQL research batch,,,,,,,,"Notable equipment, access item, quest component, tradeskill item, or EQL-added drop.",Exact documented source,Core,High for active rows; incomplete or disputed rows quarantined,https://eqlwiki.com/Category%3ANajena,https://eqlwiki.com/Najena_(NPC); classic EverQuest baseline,,Yes,1,Access key; inventory-only,Access key; inventory-only,NONE,NONE,,,Current EQL documentation audited,Add,,Yes,Yes,,Compared,Compared,Compared,,,,,2026-07-28,,,,Yes,,Reviewed,No direct-build observation,C,Exact current item/source relationship with mandatory completeness audit.,None identified,,Classic-retained,,Official EQL patches and current EQL Wiki with classic comparison,Current EQL values populated from exact item/NPC pages or official patch notes. Classic fields populated only for matched classic-retained items.,EQL-LOOT-1.0,loot,Active,,B19-NAJ-004,,,No,Yes,,,,,,,,,,,,,BoneCracker,,,,,,,Indoor Dungeon / Laboratory / Prison,,,,,,,,,,,,,,,,,,,,,,,,,,,,,,,,,Open World,Open World,,,,,,,,,,,NPC Corpse,,,,,,,,,,,,,,,,,,,,,,,Dull Bone Key,,,,,,,,,,,,,,,,,,,,,,,,,,,,,,,,,,No,,,,,,,,,,,,,,,Yes,,,,,Available,,,,,Confirmed,Unconfirmed,,Keep,Current and classic key function retained.,,,B19-NAJ,
B19-NAJ-005,19,Antonica,Najena,Bloodstained Key,Access Key,,No,Yes,,,,,,,NONE,NONE,,,,,,Rathyl,,,,,,,,,,,,,,,,,Classic-retained,,Current EQL research batch,,,,,,,,"Notable equipment, access item, quest component, tradeskill item, or EQL-added drop.",Exact documented source,Core,High for active rows; incomplete or disputed rows quarantined,https://eqlwiki.com/Category%3ANajena,https://eqlwiki.com/Najena_(NPC); classic EverQuest baseline,,Yes,1,Access key; inventory-only,Access key; inventory-only,NONE,NONE,,,Current EQL documentation audited,Add,,Yes,Yes,,Compared,Compared,Compared,,,,,2026-07-28,,,,Yes,,Reviewed,No direct-build observation,C,Exact current item/source relationship with mandatory completeness audit.,None identified,,Classic-retained,,Official EQL patches and current EQL Wiki with classic comparison,Current EQL values populated from exact item/NPC pages or official patch notes. Classic fields populated only for matched classic-retained items.,EQL-LOOT-1.0,loot,Active,,B19-NAJ-005,,,No,Yes,,,,,,,,,,,,,Rathyl,,,,,,,Indoor Dungeon / Laboratory / Prison,,,,,,,,,,,,,,,,,,,,,,,,,,,,,,,,,Open World,Open World,,,,,,,,,,,NPC Corpse,,,,,,,,,,,,,,,,,,,,,,,Bloodstained Key,,,,,,,,,,,,,,,,,,,,,,,,,,,,,,,,,,No,,,,,,,,,,,,,,,Yes,,,,,Available,,,,,Confirmed,Unconfirmed,,Keep,Current and classic key function retained.,,,B19-NAJ,
B19-NAJ-006,19,Antonica,Najena,Bloodstained Key,Access Key,,No,Yes,,,,,,,NONE,NONE,,,,,,Drelzna,,,,,,,,,,,,,,,,,Classic-retained,,Current EQL research batch,,,,,,,,"Notable equipment, access item, quest component, tradeskill item, or EQL-added drop.",Exact documented source,Core,High for active rows; incomplete or disputed rows quarantined,https://eqlwiki.com/Category%3ANajena,https://eqlwiki.com/Najena_(NPC); classic EverQuest baseline,,Yes,1,Access key; inventory-only,Access key; inventory-only,NONE,NONE,,,Current EQL documentation audited,Add,,Yes,Yes,,Compared,Compared,Compared,,,,,2026-07-28,,,,Yes,,Reviewed,No direct-build observation,C,Exact current item/source relationship with mandatory completeness audit.,None identified,,Classic-retained,,Official EQL patches and current EQL Wiki with classic comparison,Current EQL values populated from exact item/NPC pages or official patch notes. Classic fields populated only for matched classic-retained items.,EQL-LOOT-1.0,loot,Active,,B19-NAJ-006,,,No,Yes,,,,,,,,,,,,,Drelzna,,,,,,,Indoor Dungeon / Laboratory / Prison,,,,,,,,,,,,,,,,,,,,,,,,,,,,,,,,,Open World,Open World,,,,,,,,,,,NPC Corpse,,,,,,,,,,,,,,,,,,,,,,,Bloodstained Key,,,,,,,,,,,,,,,,,,,,,,,,,,,,,,,,,,No,,,,,,,,,,,,,,,Yes,,,,,Available,,,,,Confirmed,Unconfirmed,,Keep,Current and classic key function retained.,,,B19-NAJ,
B19-NAJ-007,19,Antonica,Najena,Golden Crescent Key,Access Key,,No,Yes,,,,,,,NONE,NONE,,,,,,Drelzna,,,,,,,,,,,,,,,,,Current EQL-modified,,Current EQL research batch,,,,,,,,"Notable equipment, access item, quest component, tradeskill item, or EQL-added drop.",Exact documented source,Core,High for active rows; incomplete or disputed rows quarantined,https://eqlwiki.com/Category%3ANajena,https://eqlwiki.com/Najena_(NPC); classic EverQuest baseline,,Yes,1,Access key; inventory-only,Access key; inventory-only,NONE,NONE,,,Current EQL documentation audited,Add,,Yes,Yes,,Compared,Compared,Compared,,,,https://www.everquestlegends.com/patch-notes/eql-update-notes-7-7-2026,2026-07-28,,,Official EQL behavior change,Yes,,Reviewed,No direct-build observation,C,Exact current item/source relationship with mandatory completeness audit.,None identified,,Current EQL-modified,,Official EQL patches and current EQL Wiki with classic comparison,Current EQL values populated from exact item/NPC pages or official patch notes. Classic fields populated only for matched classic-retained items.,EQL-LOOT-1.0,loot,Active,,B19-NAJ-007,,,No,Yes,,,,,,,,,,,,,Drelzna,,,,,,,Indoor Dungeon / Laboratory / Prison,,,,,,,,,,,,,,,,,,,,,,,,,,,,,,,,,Open World,Open World,,,,,,,,,,,NPC Corpse,,,,,,,,,,,,,,,,,,,,,,,Golden Crescent Key,,,,,,,,,,,,,,,,,,,,,,,,,,,,,,,,,,No,,,,,,,,,,,,,,,Yes,,,,,Available,,,,,Confirmed,Unconfirmed,,Correct,"Official July 7, 2026 EQL patch removed Temporary/NO RENT behavior.",,,B19-NAJ,"{""eql_key_no_rent"": ""No"", ""eql_key_temporary"": ""No""}"
B19-NAJ-008,19,Antonica,Najena,Black Tome with Silver Runes,Equipment,Primary,Yes,No,,,,,,,NEC WIZ MAG ENC,All,,,,,Focus: Burning Affliction II,Najena,,,,,,,,,,,,,,,,,Classic-retained,,Current EQL research batch,,,,,,,,"Notable equipment, access item, quest component, tradeskill item, or EQL-added drop.",Exact documented source,Core,High for active rows; incomplete or disputed rows quarantined,https://eqlwiki.com/Category%3ANajena,https://eqlwiki.com/Najena_(NPC); classic EverQuest baseline,,Yes,1,INT 4; Mana 30,INT 4; Mana 30,NEC WIZ MAG ENC,All,,,Current EQL documentation audited,Add,,Yes,Yes,,Compared,Compared,Compared,,,,,2026-07-28,,,,Yes,,Reviewed,No direct-build observation,C,Exact current item/source relationship with mandatory completeness audit.,None identified,,Classic-retained,,Official EQL patches and current EQL Wiki with classic comparison,Current EQL values populated from exact item/NPC pages or official patch notes. Classic fields populated only for matched classic-retained items.,EQL-LOOT-1.0,loot,Active,,B19-NAJ-008,,,Yes,Yes,,,,,,,,,,,,,Najena,,,,,,,Indoor Dungeon / Laboratory / Prison,,,,,,,,,,,,,,,,,,,,,,,,,,,,,,,,,Open World,Open World,,,,,,,,,,,NPC Corpse,,,,,,,,,,,,,,,,,,,,,,,,,,,,,,,,,,,,,,,,,,,,,,,,,,,,,,,,,No,,,,,,,,,,,,,,,,,,,,Available,,,,,Confirmed,Unconfirmed,,Keep,Current EQL and classic restrictions compared.,,,B19-NAJ,
B19-NAJ-009,19,Antonica,Najena,Clawed Knuckle-Ring,Equipment,Finger,Yes,No,,,,,,,All,All,,,,,Focus: Extended Enhancement II,Najena,,,,,,,,,,,,,,,,,Classic-retained,,Current EQL research batch,,,,,,,,"Notable equipment, access item, quest component, tradeskill item, or EQL-added drop.",Exact documented source,Core,High for active rows; incomplete or disputed rows quarantined,https://eqlwiki.com/Category%3ANajena,https://eqlwiki.com/Najena_(NPC); classic EverQuest baseline,,Yes,1,HP 20,HP 20,All,All,,,Current EQL documentation audited,Add,,Yes,Yes,,Compared,Compared,Compared,,,,,2026-07-28,,,,Yes,,Reviewed,No direct-build observation,C,Exact current item/source relationship with mandatory completeness audit.,None identified,,Classic-retained,,Official EQL patches and current EQL Wiki with classic comparison,Current EQL values populated from exact item/NPC pages or official patch notes. Classic fields populated only for matched classic-retained items.,EQL-LOOT-1.0,loot,Active,,B19-NAJ-009,,,Yes,Yes,,,,,,,,,,,,,Najena,,,,,,,Indoor Dungeon / Laboratory / Prison,,,,,,,,,,,,,,,,,,,,,,,,,,,,,,,,,Open World,Open World,,,,,,,,,,,NPC Corpse,,,,,,,,,,,,,,,,,,,,,,,,,,,,,,,,,,,,,,,,,,,,,,,,,,,,,,,,,No,,,,,,,,,,,,,,,,,,,,Available,,,,,Confirmed,Unconfirmed,,Keep,Current EQL and classic restrictions compared.,,,B19-NAJ,
B19-NAJ-010,19,Antonica,Najena,Flowing Black Robe,Equipment,Chest,Yes,No,,,,,,,NEC WIZ MAG ENC,All,,,,,Focus: Reanimation Efficiency I,Najena,,,,,,,,,,,,,,,,,Classic-retained,,Current EQL research batch,,,,,,,,"Notable equipment, access item, quest component, tradeskill item, or EQL-added drop.",Exact documented source,Core,High for active rows; incomplete or disputed rows quarantined,https://eqlwiki.com/Category%3ANajena,https://eqlwiki.com/Najena_(NPC); classic EverQuest baseline,,Yes,1,AC 8; STA 5; INT 3,AC 8; STA 5; INT 3,NEC WIZ MAG ENC,All,,,Current EQL documentation audited,Add,,Yes,Yes,,Compared,Compared,Compared,,,,,2026-07-28,,,,Yes,,Reviewed,No direct-build observation,C,Exact current item/source relationship with mandatory completeness audit.,None identified,,Classic-retained,,Official EQL patches and current EQL Wiki with classic comparison,Current EQL values populated from exact item/NPC pages or official patch notes. Classic fields populated only for matched classic-retained items.,EQL-LOOT-1.0,loot,Active,,B19-NAJ-010,,,Yes,Yes,,,,,,,,,,,,,Najena,,,,,,,Indoor Dungeon / Laboratory / Prison,,,,,,,,,,,,,,,,,,,,,,,,,,,,,,,,,Open World,Open World,,,,,,,,,,,NPC Corpse,,,,,,,,,,,,,,,,,,,,,,,,,,,,,,,,,,,,,,,,,,,,,,,,,,,,,,,,,No,,,,,,,,,,,,,,,,,,,,Available,,,,,Confirmed,Unconfirmed,,Keep,Current EQL and classic restrictions compared.,,,B19-NAJ,
B19-NAJ-011,19,Antonica,Najena,Tentacle Whip,Equipment,Primary; Secondary,Yes,No,,,,,,,WAR PAL RNG SHD BRD ROG,All,,4,25,1H Slashing,Proc: Lifetap at level 1,Drelzna,,,,,,,,,,,,,,,,,Classic-retained,,Current EQL research batch,,,,,,,,"Notable equipment, access item, quest component, tradeskill item, or EQL-added drop.",Exact documented source,Core,High for active rows; incomplete or disputed rows quarantined,https://eqlwiki.com/Category%3ANajena,https://eqlwiki.com/Najena_(NPC); classic EverQuest baseline,,Yes,1,No additional stats documented,No additional stats documented,WAR PAL RNG SHD BRD ROG,All,,,Current EQL documentation audited,Add,,Yes,Yes,,Compared,Compared,Compared,,,,,2026-07-28,,,,Yes,,Reviewed,No direct-build observation,C,Exact current item/source relationship with mandatory completeness audit.,None identified,,Classic-retained,,Official EQL patches and current EQL Wiki with classic comparison,Current EQL values populated from exact item/NPC pages or official patch notes. Classic fields populated only for matched classic-retained items.,EQL-LOOT-1.0,loot,Active,,B19-NAJ-011,,,Yes,Yes,,,,,,,,,,,,,Drelzna,,,,,,,Indoor Dungeon / Laboratory / Prison,,,,,,,,,,,,,,,,,,,,,,,,,,,,,,,,,Open World,Open World,,,,,,,,,,,NPC Corpse,,,,,,,,,,,,,,,,,,,,,,,,,,,,,,,,,,,,,,,,,,,,,,,,,,,,,,,,,No,,,,,,,,,,,,,,,,,,,,Available,,,,,Confirmed,Unconfirmed,,Keep,Current EQL and classic restrictions compared.,,,B19-NAJ,
B19-NAJ-012,19,Antonica,Najena,Ashenwood Short Spear,Equipment,Primary,Yes,No,,,,,,,WAR RNG SHD BRD ROG BST,All,,6,22,Piercing,Combat Haste at level 25,Drelzna,,,,,,,,,,,,,,,,,Classic-retained,,Current EQL research batch,,,,,,,,"Notable equipment, access item, quest component, tradeskill item, or EQL-added drop.",Exact documented source,Core,High for active rows; incomplete or disputed rows quarantined,https://eqlwiki.com/Category%3ANajena,https://eqlwiki.com/Najena_(NPC); classic EverQuest baseline,,Yes,1,Backstab 6,Backstab 6,WAR RNG SHD BRD ROG BST,All,,,Current EQL documentation audited,Add,,Yes,Yes,,Compared,Compared,Compared,,,,,2026-07-28,,,,Yes,,Reviewed,No direct-build observation,C,Exact current item/source relationship with mandatory completeness audit.,None identified,,Classic-retained,,Official EQL patches and current EQL Wiki with classic comparison,Current EQL values populated from exact item/NPC pages or official patch notes. Classic fields populated only for matched classic-retained items.,EQL-LOOT-1.0,loot,Active,,B19-NAJ-012,,,Yes,Yes,,,,,,,,,,,,,Drelzna,,,,,,,Indoor Dungeon / Laboratory / Prison,,,,,,,,,,,,,,,,,,,,,,,,,,,,,,,,,Open World,Open World,,,,,,,,,,,NPC Corpse,,,,,,,,,,,,,,,,,,,,,,,,,,,,,,,,,,,,,,,,,,,,,,,,,,,,,,,,,No,,,,,,,,,,,,,,,,,,,,Available,,,,,Confirmed,Unconfirmed,,Keep,Current EQL and classic restrictions compared.,,,B19-NAJ,
B19-NAJ-013,19,Antonica,Najena,Stiletto of the Bloodclaw,Equipment,Primary; Secondary,Yes,No,,,,,,,SHD ROG NEC,All,,6,23,Piercing,Proc: Blood Claw at level 18,Drelzna,,,,,,,,,,,,,,,,,Classic-retained,,Current EQL research batch,,,,,,,,"Notable equipment, access item, quest component, tradeskill item, or EQL-added drop.",Exact documented source,Core,High for active rows; incomplete or disputed rows quarantined,https://eqlwiki.com/Category%3ANajena,https://eqlwiki.com/Najena_(NPC); classic EverQuest baseline,,Yes,1,Backstab 6,Backstab 6,SHD ROG NEC,All,,,Current EQL documentation audited,Add,,Yes,Yes,,Compared,Compared,Compared,,,,,2026-07-28,,,,Yes,,Reviewed,No direct-build observation,C,Exact current item/source relationship with mandatory completeness audit.,None identified,,Classic-retained,,Official EQL patches and current EQL Wiki with classic comparison,Current EQL values populated from exact item/NPC pages or official patch notes. Classic fields populated only for matched classic-retained items.,EQL-LOOT-1.0,loot,Active,,B19-NAJ-013,,,No,Yes,,,,,,,,,,,,,Drelzna,,,,,,,Indoor Dungeon / Laboratory / Prison,,,,,,,,,,,,,,,,,,,,,,,,,,,,,,,,,Open World,Open World,,,,,,,,,,,NPC Corpse,,,,,,,,,,,,,,,,,,,,,,,,,,,,,,,,,,,,,,,,,,,,,,,,,,,,,,,,,No,,,,,,,,,,,,,,,,,,,,Available,,,,,Confirmed,Unconfirmed,,Keep,Current EQL and classic restrictions compared.,,,B19-NAJ,
B19-NAJ-014,19,Antonica,Najena,Earring of Disease Reflection,Equipment,Ear,Yes,No,,,,,,,All,All,,,,,,Drelzna,,,,,,,,,,,,,,,,,Classic-retained,,Current EQL research batch,,,,,,,,"Notable equipment, access item, quest component, tradeskill item, or EQL-added drop.",Exact documented source,Core,High for active rows; incomplete or disputed rows quarantined,https://eqlwiki.com/Category%3ANajena,https://eqlwiki.com/Najena_(NPC); classic EverQuest baseline,,Yes,1,AC 1; DR 5,AC 1; DR 5,All,All,,,Current EQL documentation audited,Add,,Yes,Yes,,Compared,Compared,Compared,,,,,2026-07-28,,,,Yes,,Reviewed,No direct-build observation,C,Exact current item/source relationship with mandatory completeness audit.,None identified,,Classic-retained,,Official EQL patches and current EQL Wiki with classic comparison,Current EQL values populated from exact item/NPC pages or official patch notes. Classic fields populated only for matched classic-retained items.,EQL-LOOT-1.0,loot,Active,,B19-NAJ-014,,,Yes,Yes,,,,,,,,,,,,,Drelzna,,,,,,,Indoor Dungeon / Laboratory / Prison,,,,,,,,,,,,,,,,,,,,,,,,,,,,,,,,,Open World,Open World,,,,,,,,,,,NPC Corpse,,,,,,,,,,,,,,,,,,,,,,,,,,,,,,,,,,,,,,,,,,,,,,,,,,,,,,,,,No,,,,,,,,,,,,,,,,,,,,Available,,,,,Confirmed,Unconfirmed,,Keep,Current EQL and classic restrictions compared.,,,B19-NAJ,
B19-NAJ-015,19,Antonica,Najena,Bronze Greaves,Equipment,Legs,Yes,No,,,,,,,WAR CLR PAL SHD BRD,All,,,,,,Drelzna,,,,,,,,,,,,,,,,,Classic-retained,,Current EQL research batch,,,,,,,,"Notable equipment, access item, quest component, tradeskill item, or EQL-added drop.",Exact documented source,Core,High for active rows; incomplete or disputed rows quarantined,https://eqlwiki.com/Category%3ANajena,https://eqlwiki.com/Najena_(NPC); classic EverQuest baseline,,Yes,1,AC 10,AC 10,WAR CLR PAL SHD BRD,All,,,Current EQL documentation audited,Add,,Yes,Yes,,Compared,Compared,Compared,,,,,2026-07-28,,,,Yes,,Reviewed,No direct-build observation,C,Exact current item/source relationship with mandatory completeness audit.,None identified,,Classic-retained,,Official EQL patches and current EQL Wiki with classic comparison,Current EQL values populated from exact item/NPC pages or official patch notes. Classic fields populated only for matched classic-retained items.,EQL-LOOT-1.0,loot,Active,,B19-NAJ-015,,,No,Yes,,,,,,,,,,,,,Drelzna,,,,,,,Indoor Dungeon / Laboratory / Prison,,,,,,,,,,,,,,,,,,,,,,,,,,,,,,,,,Open World,Open World,,,,,,,,,,,NPC Corpse,,,,,,,,,,,,,,,,,,,,,,,,,,,,,,,,,,,,,,,,,,,,,,,,,,,,,,,,,No,,,,,,,,,,,,,,,,,,,,Available,,,,,Confirmed,Unconfirmed,,Keep,Current EQL and classic restrictions compared.,,,B19-NAJ,
B19-NAJ-016,19,Antonica,Najena,Leering Mask,Equipment,Face,Yes,No,,,,,,,All,All,,,,,,BoneCracker,,,,,,,,,,,,,,,,,Classic-retained,,Current EQL research batch,,,,,,,,"Notable equipment, access item, quest component, tradeskill item, or EQL-added drop.",Exact documented source,Core,High for active rows; incomplete or disputed rows quarantined,https://eqlwiki.com/Category%3ANajena,https://eqlwiki.com/Najena_(NPC); classic EverQuest baseline,,Yes,1,AC 3; DEX 3,AC 3; DEX 3,All,All,,,Current EQL documentation audited,Add,,Yes,Yes,,Compared,Compared,Compared,,,,,2026-07-28,,,,Yes,,Reviewed,No direct-build observation,C,Exact current item/source relationship with mandatory completeness audit.,None identified,,Classic-retained,,Official EQL patches and current EQL Wiki with classic comparison,Current EQL values populated from exact item/NPC pages or official patch notes. Classic fields populated only for matched classic-retained items.,EQL-LOOT-1.0,loot,Active,,B19-NAJ-016,,,Yes,Yes,,,,,,,,,,,,,BoneCracker,,,,,,,Indoor Dungeon / Laboratory / Prison,,,,,,,,,,,,,,,,,,,,,,,,,,,,,,,,,Open World,Open World,,,,,,,,,,,NPC Corpse,,,,,,,,,,,,,,,,,,,,,,,,,,,,,,,,,,,,,,,,,,,,,,,,,,,,,,,,,No,,,,,,,,,,,,,,,,,,,,Available,,,,,Confirmed,Unconfirmed,,Keep,Current EQL and classic restrictions compared.,,,B19-NAJ,
B19-NAJ-017,19,Antonica,Najena,Barbed Leather Whip,Equipment,Primary; Secondary,Yes,No,,,,,,,WAR PAL RNG SHD BRD ROG,All,,7,28,1H Slashing,,BoneCracker,,,,,,,,,,,,,,,,,Classic-retained,,Current EQL research batch,,,,,,,,"Notable equipment, access item, quest component, tradeskill item, or EQL-added drop.",Exact documented source,Core,High for active rows; incomplete or disputed rows quarantined,https://eqlwiki.com/Category%3ANajena,https://eqlwiki.com/Najena_(NPC); classic EverQuest baseline,,Yes,1,No additional stats documented,No additional stats documented,WAR PAL RNG SHD BRD ROG,All,,,Current EQL documentation audited,Add,,Yes,Yes,,Compared,Compared,Compared,,,,,2026-07-28,,,,Yes,,Reviewed,No direct-build observation,C,Exact current item/source relationship with mandatory completeness audit.,None identified,,Classic-retained,,Official EQL patches and current EQL Wiki with classic comparison,Current EQL values populated from exact item/NPC pages or official patch notes. Classic fields populated only for matched classic-retained items.,EQL-LOOT-1.0,loot,Active,,B19-NAJ-017,,,Yes,Yes,,,,,,,,,,,,,BoneCracker,,,,,,,Indoor Dungeon / Laboratory / Prison,,,,,,,,,,,,,,,,,,,,,,,,,,,,,,,,,Open World,Open World,,,,,,,,,,,NPC Corpse,,,,,,,,,,,,,,,,,,,,,,,,,,,,,,,,,,,,,,,,,,,,,,,,,,,,,,,,,No,,,,,,,,,,,,,,,,,,,,Available,,,,,Confirmed,Unconfirmed,,Keep,Current EQL and classic restrictions compared.,,,B19-NAJ,
B19-NAJ-018,19,Antonica,Najena,Warped Great Staff,Equipment,Primary,Yes,No,,,,,,,All except BRD ROG,All,,7,40,2H Blunt,,BoneCracker,,,,,,,,,,,,,,,,,Classic-retained,,Current EQL research batch,,,,,,,,"Notable equipment, access item, quest component, tradeskill item, or EQL-added drop.",Exact documented source,Core,High for active rows; incomplete or disputed rows quarantined,https://eqlwiki.com/Category%3ANajena,https://eqlwiki.com/Najena_(NPC); classic EverQuest baseline,,Yes,1,No additional stats documented,No additional stats documented,All except BRD ROG,All,,,Current EQL documentation audited,Add,,Yes,Yes,,Compared,Compared,Compared,,,,,2026-07-28,,,,Yes,,Reviewed,No direct-build observation,C,Exact current item/source relationship with mandatory completeness audit.,None identified,,Classic-retained,,Official EQL patches and current EQL Wiki with classic comparison,Current EQL values populated from exact item/NPC pages or official patch notes. Classic fields populated only for matched classic-retained items.,EQL-LOOT-1.0,loot,Active,,B19-NAJ-018,,,Yes,Yes,,,,,,,,,,,,,BoneCracker,,,,,,,Indoor Dungeon / Laboratory / Prison,,,,,,,,,,,,,,,,,,,,,,,,,,,,,,,,,Open World,Open World,,,,,,,,,,,NPC Corpse,,,,,,,,,,,,,,,,,,,,,,,,,,,,,,,,,,,,,,,,,,,,,,,,,,,,,,,,,No,,,,,,,,,,,,,,,,,,,,Available,,,,,Confirmed,Unconfirmed,,Keep,Current EQL and classic restrictions compared.,,,B19-NAJ,
B19-NAJ-019,19,Antonica,Najena,Band of Flesh,Equipment,Finger,Yes,No,,,,,,,All,All,,,,,Focus: Summoning Efficiency I,BoneCracker,,,,,,,,,,,,,,,,,Classic-retained,,Current EQL research batch,,,,,,,,"Notable equipment, access item, quest component, tradeskill item, or EQL-added drop.",Exact documented source,Core,High for active rows; incomplete or disputed rows quarantined,https://eqlwiki.com/Category%3ANajena,https://eqlwiki.com/Najena_(NPC); classic EverQuest baseline,,Yes,1,STR 2,STR 2,All,All,,,Current EQL documentation audited,Add,,Yes,Yes,,Compared,Compared,Compared,,,,,2026-07-28,,,,Yes,,Reviewed,No direct-build observation,C,Exact current item/source relationship with mandatory completeness audit.,None identified,,Classic-retained,,Official EQL patches and current EQL Wiki with classic comparison,Current EQL values populated from exact item/NPC pages or official patch notes. Classic fields populated only for matched classic-retained items.,EQL-LOOT-1.0,loot,Active,,B19-NAJ-019,,,Yes,Yes,,,,,,,,,,,,,BoneCracker,,,,,,,Indoor Dungeon / Laboratory / Prison,,,,,,,,,,,,,,,,,,,,,,,,,,,,,,,,,Open World,Open World,,,,,,,,,,,NPC Corpse,,,,,,,,,,,,,,,,,,,,,,,,,,,,,,,,,,,,,,,,,,,,,,,,,,,,,,,,,No,,,,,,,,,,,,,,,,,,,,Available,,,,,Confirmed,Unconfirmed,,Keep,Current EQL and classic restrictions compared.,,,B19-NAJ,
B19-NAJ-020,19,Antonica,Najena,Undead Froglok Tongue,Quest / Utility,,No,Yes,,,Yes,Yes,,,NONE,NONE,,,,,,BoneCracker,,,,,,,,,,,,,,,,,Classic-retained,,Current EQL research batch,,,,,,,,"Notable equipment, access item, quest component, tradeskill item, or EQL-added drop.",Exact documented source,Core,High for active rows; incomplete or disputed rows quarantined,https://eqlwiki.com/Category%3ANajena,https://eqlwiki.com/Najena_(NPC); classic EverQuest baseline,,Yes,1,Quest component,Quest component,NONE,NONE,,,Current EQL documentation audited,Add,,Yes,Yes,,Compared,Compared,Compared,,,,,2026-07-28,,,,Yes,,Reviewed,No direct-build observation,C,Exact current item/source relationship with mandatory completeness audit.,None identified,,Classic-retained,,Official EQL patches and current EQL Wiki with classic comparison,Current EQL values populated from exact item/NPC pages or official patch notes. Classic fields populated only for matched classic-retained items.,EQL-LOOT-1.0,loot,Active,,B19-NAJ-020,,,No,Yes,,,,,,,,,,,,,BoneCracker,,,,,,,Indoor Dungeon / Laboratory / Prison,,,,,,,,,,,,,,,,,,,,,,,,,,,,,,,,,Open World,Open World,,,,,,,,,,,NPC Corpse,,,,,,,,,,,,,,,,,,,,,,,,,,,,,,,,,,,,,,,,,,,,,,,,,,,,,,,,,No,,,,,,,,,,,,,,,,,,,,Available,,,,,Confirmed,Unconfirmed,,Keep,Current EQL and classic restrictions compared.,,,B19-NAJ,
B19-NAJ-021,19,Antonica,Najena,Crimson Cape,Equipment,Back,Yes,No,,,,,,,,,,,,,,Rathyl,,,,,,,,,,,,,,,,,Current EQL-expanded,,Current EQL research batch,,,,,,,,"Notable equipment, access item, quest component, tradeskill item, or EQL-added drop.",Exact documented source,Core,High for active rows; incomplete or disputed rows quarantined,https://eqlwiki.com/Category%3ANajena,https://eqlwiki.com/Najena_(NPC); classic EverQuest baseline,,Yes,1,,Caster cape; exact current item-page stats retained in provenance,NEC WIZ MAG ENC,All,,,Current EQL documentation audited,Add,,Yes,Yes,,Not applicable,Not applicable,Not applicable,,,,,2026-07-28,,,,Yes,,Reviewed,No direct-build observation,C,Exact current item/source relationship with mandatory completeness audit.,None identified,,Current EQL-expanded,,Official EQL patches and current EQL Wiki with classic comparison,Current EQL values populated from exact item/NPC pages or official patch notes. Classic fields populated only for matched classic-retained items.,EQL-LOOT-1.0,loot,Active,,B19-NAJ-021,,,Yes,Yes,,,,,,,,,,,,,Rathyl,,,,,,,Indoor Dungeon / Laboratory / Prison,,,,,,,,,,,,,,,,,,,,,,,,,,,,,,,,,Open World,Open World,,,,,,,,,,,NPC Corpse,,,,,,,,,,,,,,,,,,,,,,,,,,,,,,,,,,,,,,,,,,,,,,,,,,,,,,,,,No,,,,,,,,,,,,,,,,,,,,Available,,,,,Confirmed,Unconfirmed,,Add,No matched classic counterpart used; EQL-added or current-only record.,,,B19-NAJ,"{""attunable"": ""Yes""}"
B19-NAJ-022,19,Antonica,Najena,Damask Robe,Equipment,Chest,Yes,No,,,,,,,NEC WIZ MAG ENC,All,,,,,Focus: Extended Enhancement I,Rathyl,,,,,,,,,,,,,,,,,Classic-retained,,Current EQL research batch,,,,,,,,"Notable equipment, access item, quest component, tradeskill item, or EQL-added drop.",Exact documented source,Core,High for active rows; incomplete or disputed rows quarantined,https://eqlwiki.com/Category%3ANajena,https://eqlwiki.com/Najena_(NPC); classic EverQuest baseline,,Yes,1,AC 6,AC 6,NEC WIZ MAG ENC,All,,,Current EQL documentation audited,Add,,Yes,Yes,,Compared,Compared,Compared,,,,,2026-07-28,,,,Yes,,Reviewed,No direct-build observation,C,Exact current item/source relationship with mandatory completeness audit.,None identified,,Classic-retained,,Official EQL patches and current EQL Wiki with classic comparison,Current EQL values populated from exact item/NPC pages or official patch notes. Classic fields populated only for matched classic-retained items.,EQL-LOOT-1.0,loot,Active,,B19-NAJ-022,,,Yes,Yes,,,,,,,,,,,,,Rathyl,,,,,,,Indoor Dungeon / Laboratory / Prison,,,,,,,,,,,,,,,,,,,,,,,,,,,,,,,,,Open World,Open World,,,,,,,,,,,NPC Corpse,,,,,,,,,,,,,,,,,,,,,,,,,,,,,,,,,,,,,,,,,,,,,,,,,,,,,,,,,No,,,,,,,,,,,,,,,,,,,,Available,,,,,Confirmed,Unconfirmed,,Keep,Current EQL and classic restrictions compared.,,,B19-NAJ,
B19-NAJ-023,19,Antonica,Najena,Sleeves of the Spurned Necromancer,Equipment,Arms,Yes,No,,,,,,,,,,,,,,Rathyl,,,,,,,,,,,,,,,,,Current EQL-expanded,,Current EQL research batch,,,,,,,,"Notable equipment, access item, quest component, tradeskill item, or EQL-added drop.",Exact documented source,Core,High for active rows; incomplete or disputed rows quarantined,https://eqlwiki.com/Category%3ANajena,https://eqlwiki.com/Najena_(NPC); classic EverQuest baseline,,Yes,1,,Current EQL necromancer-themed caster sleeves,NEC WIZ MAG ENC,All,,,Current EQL documentation audited,Add,,Yes,Yes,,Not applicable,Not applicable,Not applicable,,,,,2026-07-28,,,,Yes,,Reviewed,No direct-build observation,C,Exact current item/source relationship with mandatory completeness audit.,None identified,,Current EQL-expanded,,Official EQL patches and current EQL Wiki with classic comparison,Current EQL values populated from exact item/NPC pages or official patch notes. Classic fields populated only for matched classic-retained items.,EQL-LOOT-1.0,loot,Active,,B19-NAJ-023,,,Yes,Yes,,,,,,,,,,,,,Rathyl,,,,,,,Indoor Dungeon / Laboratory / Prison,,,,,,,,,,,,,,,,,,,,,,,,,,,,,,,,,Open World,Open World,,,,,,,,,,,NPC Corpse,,,,,,,,,,,,,,,,,,,,,,,,,,,,,,,,,,,,,,,,,,,,,,,,,,,,,,,,,No,,,,,,,,,,,,,,,,,,,,Available,,,,,Confirmed,Unconfirmed,,Add,No matched classic counterpart used; EQL-added or current-only record.,,,B19-NAJ,"{""attunable"": ""Yes""}"
B19-NAJ-024,19,Antonica,Najena,Travelers Pouch,Quest / Utility,,No,Yes,,,,,,,All,All,,,,,,Rathyl,,,,,,,,,,,,,,,,,Classic-retained,,Current EQL research batch,,,,,,,,"Notable equipment, access item, quest component, tradeskill item, or EQL-added drop.",Exact documented source,Core,High for active rows; incomplete or disputed rows quarantined,https://eqlwiki.com/Category%3ANajena,https://eqlwiki.com/Najena_(NPC); classic EverQuest baseline,,Yes,1,Container,Container,All,All,,,Current EQL documentation audited,Add,,Yes,Yes,,Compared,Compared,Compared,,,,,2026-07-28,,,,Yes,,Reviewed,No direct-build observation,C,Exact current item/source relationship with mandatory completeness audit.,None identified,,Classic-retained,,Official EQL patches and current EQL Wiki with classic comparison,Current EQL values populated from exact item/NPC pages or official patch notes. Classic fields populated only for matched classic-retained items.,EQL-LOOT-1.0,loot,Active,,B19-NAJ-024,,,No,Yes,,,,,,,,,,,,,Rathyl,,,,,,,Indoor Dungeon / Laboratory / Prison,,,,,,,,,,,,,,,,,,,,,,,,,,,,,,,,,Open World,Open World,,,,,,,,,,,NPC Corpse,,,,,,,,,,,,,,,,,,,,,,,,,,,,,,,,,,,,,,,,,,,,,,,,,,,,,,,,,No,,,,,,,,,,,,,,,,,,,,Available,,,,,Confirmed,Unconfirmed,,Keep,Current EQL and classic restrictions compared.,,,B19-NAJ,
B19-NAJ-025,19,Antonica,Najena,Travelers Pack,Quest / Utility,,No,Yes,,,,,,,All,All,,,,,,Rathyl,,,,,,,,,,,,,,,,,Classic-retained,,Current EQL research batch,,,,,,,,"Notable equipment, access item, quest component, tradeskill item, or EQL-added drop.",Exact documented source,Core,High for active rows; incomplete or disputed rows quarantined,https://eqlwiki.com/Category%3ANajena,https://eqlwiki.com/Najena_(NPC); classic EverQuest baseline,,Yes,1,Container,Container,All,All,,,Current EQL documentation audited,Add,,Yes,Yes,,Compared,Compared,Compared,,,,,2026-07-28,,,,Yes,,Reviewed,No direct-build observation,C,Exact current item/source relationship with mandatory completeness audit.,None identified,,Classic-retained,,Official EQL patches and current EQL Wiki with classic comparison,Current EQL values populated from exact item/NPC pages or official patch notes. Classic fields populated only for matched classic-retained items.,EQL-LOOT-1.0,loot,Active,,B19-NAJ-025,,,No,Yes,,,,,,,,,,,,,Rathyl,,,,,,,Indoor Dungeon / Laboratory / Prison,,,,,,,,,,,,,,,,,,,,,,,,,,,,,,,,,Open World,Open World,,,,,,,,,,,NPC Corpse,,,,,,,,,,,,,,,,,,,,,,,,,,,,,,,,,,,,,,,,,,,,,,,,,,,,,,,,,No,,,,,,,,,,,,,,,,,,,,Available,,,,,Confirmed,Unconfirmed,,Keep,Current EQL and classic restrictions compared.,,,B19-NAJ,
B19-NAJ-026,19,Antonica,Najena,Hollowed Bone Bracers,Equipment,Arms,Yes,No,,Yes,,,,,,,,,,,Focus: Burning Affliction I,Rathyl Reincarnate,,,,,,,,,,,,,,,,,Current EQL-confirmed,,Current EQL research batch,,,,,,,,"Notable equipment, access item, quest component, tradeskill item, or EQL-added drop.",Exact documented source,Core,High for active rows; incomplete or disputed rows quarantined,https://eqlwiki.com/Category%3ANajena,https://eqlwiki.com/Najena_(NPC); classic EverQuest baseline,,Yes,1,,AC 6; Mana 15; MR 7,CLR DRU BRD SHM NEC WIZ MAG ENC,All,,,Current EQL documentation audited,Add,,Yes,Yes,,Not applicable,Not applicable,Not applicable,,,,,2026-07-28,,,,Yes,,Reviewed,No direct-build observation,C,Exact current item/source relationship with mandatory completeness audit.,None identified,,Current EQL-confirmed,,Official EQL patches and current EQL Wiki with classic comparison,Current EQL values populated from exact item/NPC pages or official patch notes. Classic fields populated only for matched classic-retained items.,EQL-LOOT-1.0,loot,Active,,B19-NAJ-026,,,Yes,Yes,,,,,,,,,,,,,Rathyl Reincarnate,,,,,,,Indoor Dungeon / Laboratory / Prison,,,,,,,,,,,,,,,,,,,,,,,,,,,,,,,,,Open World,Open World,,,,,,,,,,,NPC Corpse,,,,,,,,,,,,,,,,,,,,,,,,,,,,,,,,,,,,,,,,,,,,,,,,,,,,,,,,,No,,,,,,,,,,,,,,,,,,,,Available,,,,,Confirmed,Unconfirmed,,Add,No matched classic counterpart used; EQL-added or current-only record.,,,B19-NAJ,
B19-NAJ-027,19,Antonica,Najena,Darkspun Shroud,Equipment,Shoulders,Yes,No,,,,,,,,,,,,,,The Widowmistress,,,,,,,,,,,,,,,,,Current EQL-expanded,,Current EQL research batch,,,,,,,,"Notable equipment, access item, quest component, tradeskill item, or EQL-added drop.",Exact documented source,Core,High for active rows; incomplete or disputed rows quarantined,https://eqlwiki.com/Category%3ANajena,https://eqlwiki.com/Najena_(NPC); classic EverQuest baseline,,Yes,1,,AC 3; AGI 7; CHA 5; MR 3; CR 3; PR 3; Void Resist 1,NEC WIZ MAG ENC,All,,,Current EQL documentation audited,Add,,Yes,Yes,,Not applicable,Not applicable,Not applicable,,,,,2026-07-28,,,,Yes,,Reviewed,No direct-build observation,C,Exact current item/source relationship with mandatory completeness audit.,None identified,,Current EQL-expanded,,Official EQL patches and current EQL Wiki with classic comparison,Current EQL values populated from exact item/NPC pages or official patch notes. Classic fields populated only for matched classic-retained items.,EQL-LOOT-1.0,loot,Active,,B19-NAJ-027,,,Yes,Yes,,,,,,,,,,,,,The Widowmistress,,,,,,,Indoor Dungeon / Laboratory / Prison,,,,,,,,,,,,,,,,,,,,,,,,,,,,,,,,,Open World,Open World,,,,,,,,,,,NPC Corpse,,,,,,,,,,,,,,,,,,,,,,,,,,,,,,,,,,,,,,,,,,,,,,,,,,,,,,,,,No,,,,,,,,,,,,,,,,,,,,Available,,,,,Confirmed,Unconfirmed,,Add,No matched classic counterpart used; EQL-added or current-only record.,,,B19-NAJ,"{""attunable"": ""Yes""}"
B19-NAJ-028,19,Antonica,Najena,Spider Silk Cap,Equipment,Head,Yes,No,,,,,,,,,,,,,,The Widowmistress,,,,,,,,,,,,,,,,,Current EQL-expanded,,Current EQL research batch,,,,,,,,"Notable equipment, access item, quest component, tradeskill item, or EQL-added drop.",Exact documented source,Core,High for active rows; incomplete or disputed rows quarantined,https://eqlwiki.com/Category%3ANajena,https://eqlwiki.com/Najena_(NPC); classic EverQuest baseline,,Yes,1,,AC 4; STA 3; MR 10; PR 10,NEC WIZ MAG ENC,All,,,Current EQL documentation audited,Add,,Yes,Yes,,Not applicable,Not applicable,Not applicable,,,,,2026-07-28,,,,Yes,,Reviewed,No direct-build observation,C,Exact current item/source relationship with mandatory completeness audit.,None identified,,Current EQL-expanded,,Official EQL patches and current EQL Wiki with classic comparison,Current EQL values populated from exact item/NPC pages or official patch notes. Classic fields populated only for matched classic-retained items.,EQL-LOOT-1.0,loot,Active,,B19-NAJ-028,,,No,Yes,,,,,,,,,,,,,The Widowmistress,,,,,,,Indoor Dungeon / Laboratory / Prison,,,,,,,,,,,,,,,,,,,,,,,,,,,,,,,,,Open World,Open World,,,,,,,,,,,NPC Corpse,,,,,,,,,,,,,,,,,,,,,,,,,,,,,,,,,,,,,,,,,,,,,,,,,,,,,,,,,No,,,,,,,,,,,,,,,,,,,,Available,,,,,Confirmed,Unconfirmed,,Add,No matched classic counterpart used; EQL-added or current-only record.,,,B19-NAJ,"{""attunable"": ""Yes""}"
B19-NAJ-029,19,Antonica,Najena,Widowmistress Hair,Quest / Utility,,No,Yes,,,Yes,Yes,,,NONE,NONE,,,,,,The Widowmistress,,,,,,,,,,,,,,,,,Classic-retained,,Current EQL research batch,,,,,,,,"Notable equipment, access item, quest component, tradeskill item, or EQL-added drop.",Exact documented source,Core,High for active rows; incomplete or disputed rows quarantined,https://eqlwiki.com/Category%3ANajena,https://eqlwiki.com/Najena_(NPC); classic EverQuest baseline,,Yes,1,Lore/No Drop quest component,Lore/No Drop quest component,NONE,NONE,,,Current EQL documentation audited,Add,,Yes,Yes,,Compared,Compared,Compared,,,,,2026-07-28,,,,Yes,,Reviewed,No direct-build observation,C,Exact current item/source relationship with mandatory completeness audit.,None identified,,Classic-retained,,Official EQL patches and current EQL Wiki with classic comparison,Current EQL values populated from exact item/NPC pages or official patch notes. Classic fields populated only for matched classic-retained items.,EQL-LOOT-1.0,loot,Active,,B19-NAJ-029,,,No,Yes,,,,,,,,,,,,,The Widowmistress,,,,,,,Indoor Dungeon / Laboratory / Prison,,,,,,,,,,,,,,,,,,,,,,,,,,,,,,,,,Open World,Open World,,,,,,,,,,,NPC Corpse,,,,,,,,,,,,,,,,,,,,,,,,,,,,,,,,,,,,,,,,,,,,,,,,,,,,,,,,,No,,,,,,,,,,,,,,,,,,,,Available,,,,,Confirmed,Unconfirmed,,Keep,Current EQL and classic restrictions compared.,,,B19-NAJ,
B19-NAJ-030,19,Antonica,Najena,Leather Wristbands,Equipment,Wrist,Yes,No,,,,,,,All,All,,,,,,Ekeros,,,,,,,,,,,,,,,,,Classic-retained,,Current EQL research batch,,,,,,,,"Notable equipment, access item, quest component, tradeskill item, or EQL-added drop.",Exact documented source,Core,High for active rows; incomplete or disputed rows quarantined,https://eqlwiki.com/Category%3ANajena,https://eqlwiki.com/Najena_(NPC); classic EverQuest baseline,,Yes,1,Generic leather wrist armor,Generic leather wrist armor,All,All,,,Current EQL documentation audited,Add,,Yes,Yes,,Compared,Compared,Compared,,,,,2026-07-28,,,,Yes,,Reviewed,No direct-build observation,C,Exact current item/source relationship with mandatory completeness audit.,None identified,,Classic-retained,,Official EQL patches and current EQL Wiki with classic comparison,Current EQL values populated from exact item/NPC pages or official patch notes. Classic fields populated only for matched classic-retained items.,EQL-LOOT-1.0,loot,Active,,B19-NAJ-030,,,Yes,Yes,,,,,,,,,,,,,Ekeros,,,,,,,Indoor Dungeon / Laboratory / Prison,,,,,,,,,,,,,,,,,,,,,,,,,,,,,,,,,Open World,Open World,,,,,,,,,,,NPC Corpse,,,,,,,,,,,,,,,,,,,,,,,,,,,,,,,,,,,,,,,,,,,,,,,,,,,,,,,,,No,,,,,,,,,,,,,,,,,,,,Available,,,,,Confirmed,Unconfirmed,,Keep,Current EQL and classic restrictions compared.,,,B19-NAJ,
B19-NAJ-031,19,Antonica,Najena,Throwing Knife,Equipment,Range,Yes,No,,,,,,,All,All,,,,,,Ekeros,,,,,,,,,,,,,,,,,Classic-retained,,Current EQL research batch,,,,,,,,"Notable equipment, access item, quest component, tradeskill item, or EQL-added drop.",Exact documented source,Core,High for active rows; incomplete or disputed rows quarantined,https://eqlwiki.com/Category%3ANajena,https://eqlwiki.com/Najena_(NPC); classic EverQuest baseline,,Yes,1,Thrown weapon; current exact numeric fields not required for non-melee inventory use,Thrown weapon; current exact numeric fields not required for non-melee inventory use,All,All,,,Current EQL documentation audited,Add,,Yes,Yes,,Compared,Compared,Compared,,,,,2026-07-28,,,,Yes,,Reviewed,No direct-build observation,C,Exact current item/source relationship with mandatory completeness audit.,None identified,,Classic-retained,,Official EQL patches and current EQL Wiki with classic comparison,Current EQL values populated from exact item/NPC pages or official patch notes. Classic fields populated only for matched classic-retained items.,EQL-LOOT-1.0,loot,Active,,B19-NAJ-031,,,Yes,Yes,,,,,,,,,,,,,Ekeros,,,,,,,Indoor Dungeon / Laboratory / Prison,,,,,,,,,,,,,,,,,,,,,,,,,,,,,,,,,Open World,Open World,,,,,,,,,,,NPC Corpse,,,,,,,,,,,,,,,,,,,,,,,,,,,,,,,,,,,,,,,,,,,,,,,,,,,,,,,,,No,,,,,,,,,,,,,,,,,,,,Available,,,,,Confirmed,Unconfirmed,,Keep,Current EQL and classic restrictions compared.,,,B19-NAJ,
B19-NAJ-032,19,Antonica,Najena,Blackened Sapphire,Equipment,Primary; Secondary,Yes,No,,,,,,,CLR SHD DRU NEC WIZ MAG ENC,All,,,,,,Ekeros,,,,,,,,,,,,,,,,,Classic-retained,,Current EQL research batch,,,,,,,,"Notable equipment, access item, quest component, tradeskill item, or EQL-added drop.",Exact documented source,Core,High for active rows; incomplete or disputed rows quarantined,https://eqlwiki.com/Category%3ANajena,https://eqlwiki.com/Najena_(NPC); classic EverQuest baseline,,Yes,1,STA 3; Mana 5,STA 3; Mana 5,CLR SHD DRU NEC WIZ MAG ENC,All,,,Current EQL documentation audited,Add,,Yes,Yes,,Compared,Compared,Compared,,,,,2026-07-28,,,,Yes,,Reviewed,No direct-build observation,C,Exact current item/source relationship with mandatory completeness audit.,None identified,,Classic-retained,,Official EQL patches and current EQL Wiki with classic comparison,Current EQL values populated from exact item/NPC pages or official patch notes. Classic fields populated only for matched classic-retained items.,EQL-LOOT-1.0,loot,Active,,B19-NAJ-032,,,Yes,Yes,,,,,,,,,,,,,Ekeros,,,,,,,Indoor Dungeon / Laboratory / Prison,,,,,,,,,,,,,,,,,,,,,,,,,,,,,,,,,Open World,Open World,,,,,,,,,,,NPC Corpse,,,,,,,,,,,,,,,,,,,,,,,,,,,,,,,,,,,,,,,,,,,,,,,,,,,,,,,,,No,,,,,,,,,,,,,,,,,,,,Available,,,,,Confirmed,Unconfirmed,,Keep,Current EQL and classic restrictions compared.,,,B19-NAJ,
B19-NAJ-033,19,Antonica,Najena,A Broom,Equipment,Primary,Yes,No,,,,,,,All,All,,3,35,1H Blunt,,Ekeros,,,,,,,,,,,,,,,,,Classic-retained,,Current EQL research batch,,,,,,,,"Notable equipment, access item, quest component, tradeskill item, or EQL-added drop.",Exact documented source,Core,High for active rows; incomplete or disputed rows quarantined,https://eqlwiki.com/Category%3ANajena,https://eqlwiki.com/Najena_(NPC); classic EverQuest baseline,,Yes,1,Magician focus component,Magician focus component,All,All,,,Current EQL documentation audited,Add,,Yes,Yes,,Compared,Compared,Compared,,,,,2026-07-28,,,,Yes,,Reviewed,No direct-build observation,C,Exact current item/source relationship with mandatory completeness audit.,None identified,,Classic-retained,,Official EQL patches and current EQL Wiki with classic comparison,Current EQL values populated from exact item/NPC pages or official patch notes. Classic fields populated only for matched classic-retained items.,EQL-LOOT-1.0,loot,Active,,B19-NAJ-033,,,Yes,Yes,,,,,,,,,,,,,Ekeros,,,,,,,Indoor Dungeon / Laboratory / Prison,,,,,,,,,,,,,,,,,,,,,,,,,,,,,,,,,Open World,Open World,,,,,,,,,,,NPC Corpse,,,,,,,,,,,,,,,,,,,,,,,,,,,,,,,,,,,,,,,,,,,,,,,,,,,,,,,,,No,,,,,,,,,,,,,,,,,,,,Available,,,,,Confirmed,Unconfirmed,,Keep,Current EQL and classic restrictions compared.,,,B19-NAJ,
B19-NAJ-034,19,Antonica,Najena,Torn Page of Mastery Fire,Quest / Utility,,No,Yes,,,Yes,,,,NONE,NONE,,,,,,Ekeros,,,,,,,,,,,,,,,,,Classic-retained,,Current EQL research batch,,,,,,,,"Notable equipment, access item, quest component, tradeskill item, or EQL-added drop.",Exact documented source,Core,High for active rows; incomplete or disputed rows quarantined,https://eqlwiki.com/Category%3ANajena,https://eqlwiki.com/Najena_(NPC); classic EverQuest baseline,,Yes,1,Lore/No Drop magician quest component,Lore/No Drop magician quest component,NONE,NONE,,,Current EQL documentation audited,Add,,Yes,Yes,,Compared,Compared,Compared,,,,,2026-07-28,,,,Yes,,Reviewed,No direct-build observation,C,Exact current item/source relationship with mandatory completeness audit.,None identified,,Classic-retained,,Official EQL patches and current EQL Wiki with classic comparison,Current EQL values populated from exact item/NPC pages or official patch notes. Classic fields populated only for matched classic-retained items.,EQL-LOOT-1.0,loot,Active,,B19-NAJ-034,,,No,Yes,,,,,,,,,,,,,Ekeros,,,,,,,Indoor Dungeon / Laboratory / Prison,,,,,,,,,,,,,,,,,,,,,,,,,,,,,,,,,Open World,Open World,,,,,,,,,,,NPC Corpse,,,,,,,,,,,,,,,,,,,,,,,,,,,,,,,,,,,,,,,,,,,,,,,,,,,,,,,,,No,,,,,,,,,,,,,,,,,,,,Available,,,,,Confirmed,Unconfirmed,,Keep,Current EQL and classic restrictions compared.,,,B19-NAJ,
B19-NAJ-035,19,Antonica,Najena,Torn Page of Mastery Wind,Quest / Utility,,No,Yes,,,Yes,,,,NONE,NONE,,,,,,Ekeros,,,,,,,,,,,,,,,,,Classic-retained,,Current EQL research batch,,,,,,,,"Notable equipment, access item, quest component, tradeskill item, or EQL-added drop.",Exact documented source,Core,High for active rows; incomplete or disputed rows quarantined,https://eqlwiki.com/Category%3ANajena,https://eqlwiki.com/Najena_(NPC); classic EverQuest baseline,,Yes,1,Lore/No Drop magician quest component,Lore/No Drop magician quest component,NONE,NONE,,,Current EQL documentation audited,Add,,Yes,Yes,,Compared,Compared,Compared,,,,,2026-07-28,,,,Yes,,Reviewed,No direct-build observation,C,Exact current item/source relationship with mandatory completeness audit.,None identified,,Classic-retained,,Official EQL patches and current EQL Wiki with classic comparison,Current EQL values populated from exact item/NPC pages or official patch notes. Classic fields populated only for matched classic-retained items.,EQL-LOOT-1.0,loot,Active,,B19-NAJ-035,,,No,Yes,,,,,,,,,,,,,Ekeros,,,,,,,Indoor Dungeon / Laboratory / Prison,,,,,,,,,,,,,,,,,,,,,,,,,,,,,,,,,Open World,Open World,,,,,,,,,,,NPC Corpse,,,,,,,,,,,,,,,,,,,,,,,,,,,,,,,,,,,,,,,,,,,,,,,,,,,,,,,,,No,,,,,,,,,,,,,,,,,,,,Available,,,,,Confirmed,Unconfirmed,,Keep,Current EQL and classic restrictions compared.,,,B19-NAJ,
B19-NAJ-036,19,Antonica,Najena,Words of Absorption,Quest / Utility,,No,Yes,,,,,,,NONE,NONE,,,,,,Ekeros,,,,,,,,,,,,,,,,,Classic-retained,,Current EQL research batch,,,,,,,,"Notable equipment, access item, quest component, tradeskill item, or EQL-added drop.",Exact documented source,Core,High for active rows; incomplete or disputed rows quarantined,https://eqlwiki.com/Category%3ANajena,https://eqlwiki.com/Najena_(NPC); classic EverQuest baseline,,Yes,1,Spell research component,Spell research component,NONE,NONE,,,Current EQL documentation audited,Add,,Yes,Yes,,Compared,Compared,Compared,,,,,2026-07-28,,,,Yes,,Reviewed,No direct-build observation,C,Exact current item/source relationship with mandatory completeness audit.,None identified,,Classic-retained,,Official EQL patches and current EQL Wiki with classic comparison,Current EQL values populated from exact item/NPC pages or official patch notes. Classic fields populated only for matched classic-retained items.,EQL-LOOT-1.0,loot,Active,,B19-NAJ-036,,,No,Yes,,,,,,,,,,,,,Ekeros,,,,,,,Indoor Dungeon / Laboratory / Prison,,,,,,,,,,,,,,,,,,,,,,,,,,,,,,,,,Open World,Open World,,,,,,,,,,,NPC Corpse,,,,,,,,,,,,,,,,,,,,,,,,,,,,,,,,,,,,,,,,,,,,,,,,,,,,,,,,,No,,,,,,,,,,,,,,,,,,,,Available,,,,,Confirmed,Unconfirmed,,Keep,Current EQL and classic restrictions compared.,,,B19-NAJ,
B19-NAJ-037,19,Antonica,Najena,Damask Leggings,Equipment,Legs,Yes,No,,,,,,,NEC WIZ MAG ENC,All,,,,,,Ekeros,,,,,,,,,,,,,,,,,Classic-retained,,Current EQL research batch,,,,,,,,"Notable equipment, access item, quest component, tradeskill item, or EQL-added drop.",Exact documented source,Core,High for active rows; incomplete or disputed rows quarantined,https://eqlwiki.com/Category%3ANajena,https://eqlwiki.com/Najena_(NPC); classic EverQuest baseline,,Yes,1,AC 4,AC 4,NEC WIZ MAG ENC,All,,,Current EQL documentation audited,Add,,Yes,Yes,,Compared,Compared,Compared,,,,,2026-07-28,,,,Yes,,Reviewed,No direct-build observation,C,Exact current item/source relationship with mandatory completeness audit.,None identified,,Classic-retained,,Official EQL patches and current EQL Wiki with classic comparison,Current EQL values populated from exact item/NPC pages or official patch notes. Classic fields populated only for matched classic-retained items.,EQL-LOOT-1.0,loot,Active,,B19-NAJ-037,,,Yes,Yes,,,,,,,,,,,,,Ekeros,,,,,,,Indoor Dungeon / Laboratory / Prison,,,,,,,,,,,,,,,,,,,,,,,,,,,,,,,,,Open World,Open World,,,,,,,,,,,NPC Corpse,,,,,,,,,,,,,,,,,,,,,,,,,,,,,,,,,,,,,,,,,,,,,,,,,,,,,,,,,No,,,,,,,,,,,,,,,,,,,,Available,,,,,Confirmed,Unconfirmed,,Keep,Current EQL and classic restrictions compared.,,,B19-NAJ,
B19-NAJ-038,19,Antonica,Najena,Hilt of the Nobleman,Quest / Utility,,No,Yes,,Yes,Yes,Yes,,,NONE,NONE,,,,,,Ekeros,,,,,,,,,,,,,,,,,Classic-retained,,Current EQL research batch,,,,,,,,"Notable equipment, access item, quest component, tradeskill item, or EQL-added drop.",Exact documented source,Core,High for active rows; incomplete or disputed rows quarantined,https://eqlwiki.com/Category%3ANajena,https://eqlwiki.com/Najena_(NPC); classic EverQuest baseline,,Yes,1,Lore/No Drop quest component,Lore/No Drop quest component,NONE,NONE,,,Current EQL documentation audited,Add,,Yes,Yes,,Compared,Compared,Compared,,,,,2026-07-28,,,,Yes,,Reviewed,No direct-build observation,C,Exact current item/source relationship with mandatory completeness audit.,None identified,,Classic-retained,,Official EQL patches and current EQL Wiki with classic comparison,Current EQL values populated from exact item/NPC pages or official patch notes. Classic fields populated only for matched classic-retained items.,EQL-LOOT-1.0,loot,Active,,B19-NAJ-038,,,No,Yes,,,,,,,,,,,,,Ekeros,,,,,,,Indoor Dungeon / Laboratory / Prison,,,,,,,,,,,,,,,,,,,,,,,,,,,,,,,,,Open World,Open World,,,,,,,,,,,NPC Corpse,,,,,,,,,,,,,,,,,,,,,,,,,,,,,,,,,,,,,,,,,,,,,,,,,,,,,,,,,No,,,,,,,,,,,,,,,,,,,,Available,,,,,Confirmed,Unconfirmed,,Keep,Current EQL and classic restrictions compared.,,,B19-NAJ,
B19-NAJ-039,19,Antonica,Najena,Tentacle Whip,Equipment,Primary; Secondary,Yes,No,,,,,,,WAR PAL RNG SHD BRD ROG,All,,4,25,1H Slashing,Proc: Lifetap at level 1,Tentacle Terror,,,,,,,,,,,,,,,,,Classic-retained,,Current EQL research batch,,,,,,,,"Notable equipment, access item, quest component, tradeskill item, or EQL-added drop.",Exact documented source,Core,High for active rows; incomplete or disputed rows quarantined,https://eqlwiki.com/Category%3ANajena,https://eqlwiki.com/Najena_(NPC); classic EverQuest baseline,,Yes,1,No additional stats documented,No additional stats documented,WAR PAL RNG SHD BRD ROG,All,,,Current EQL documentation audited,Add,,Yes,Yes,,Compared,Compared,Compared,,,,,2026-07-28,,,,Yes,,Reviewed,No direct-build observation,C,Exact current item/source relationship with mandatory completeness audit.,None identified,,Classic-retained,,Official EQL patches and current EQL Wiki with classic comparison,Current EQL values populated from exact item/NPC pages or official patch notes. Classic fields populated only for matched classic-retained items.,EQL-LOOT-1.0,loot,Active,,B19-NAJ-039,,,Yes,Yes,,,,,,,,,,,,,Tentacle Terror,,,,,,,Indoor Dungeon / Laboratory / Prison,,,,,,,,,,,,,,,,,,,,,,,,,,,,,,,,,Open World,Open World,,,,,,,,,,,NPC Corpse,,,,,,,,,,,,,,,,,,,,,,,,,,,,,,,,,,,,,,,,,,,,,,,,,,,,,,,,,No,,,,,,,,,,,,,,,,,,,,Available,,,,,Confirmed,Unconfirmed,,Keep,Current EQL and classic restrictions compared.,,,B19-NAJ,
B19-NAJ-040,19,Antonica,Najena,Terror Spines,Quest / Utility,,No,Yes,,,,,,,All,All,,,,,,Tentacle Terror,,,,,,,,,,,,,,,,,Classic-retained,,Current EQL research batch,,,,,,,,"Notable equipment, access item, quest component, tradeskill item, or EQL-added drop.",Exact documented source,Core,High for active rows; incomplete or disputed rows quarantined,https://eqlwiki.com/Category%3ANajena,https://eqlwiki.com/Najena_(NPC); classic EverQuest baseline,,Yes,1,Lore/No Drop quest or tradeskill item,Lore/No Drop quest or tradeskill item,All,All,,,Current EQL documentation audited,Add,,Yes,Yes,,Compared,Compared,Compared,,,,,2026-07-28,,,,Yes,,Reviewed,No direct-build observation,C,Exact current item/source relationship with mandatory completeness audit.,None identified,,Classic-retained,,Official EQL patches and current EQL Wiki with classic comparison,Current EQL values populated from exact item/NPC pages or official patch notes. Classic fields populated only for matched classic-retained items.,EQL-LOOT-1.0,loot,Active,,B19-NAJ-040,,,No,Yes,,,,,,,,,,,,,Tentacle Terror,,,,,,,Indoor Dungeon / Laboratory / Prison,,,,,,,,,,,,,,,,,,,,,,,,,,,,,,,,,Open World,Open World,,,,,,,,,,,NPC Corpse,,,,,,,,,,,,,,,,,,,,,,,,,,,,,,,,,,,,,,,,,,,,,,,,,,,,,,,,,No,,,,,,,,,,,,,,,,,,,,Available,,,,,Confirmed,Unconfirmed,,Keep,Current EQL and classic restrictions compared.,,,B19-NAJ,
B19-NAJ-041,19,Antonica,Najena,Wand,Quest / Utility,,No,Yes,,,,,,,All,All,,,,,,Tentacle Terror,,,,,,,,,,,,,,,,,Classic-retained,,Current EQL research batch,,,,,,,,"Notable equipment, access item, quest component, tradeskill item, or EQL-added drop.",Exact documented source,Core,High for active rows; incomplete or disputed rows quarantined,https://eqlwiki.com/Category%3ANajena,https://eqlwiki.com/Najena_(NPC); classic EverQuest baseline,,Yes,1,Inventory item,Inventory item,All,All,,,Current EQL documentation audited,Add,,Yes,Yes,,Compared,Compared,Compared,,,,,2026-07-28,,,,Yes,,Reviewed,No direct-build observation,C,Exact current item/source relationship with mandatory completeness audit.,None identified,,Classic-retained,,Official EQL patches and current EQL Wiki with classic comparison,Current EQL values populated from exact item/NPC pages or official patch notes. Classic fields populated only for matched classic-retained items.,EQL-LOOT-1.0,loot,Active,,B19-NAJ-041,,,No,Yes,,,,,,,,,,,,,Tentacle Terror,,,,,,,Indoor Dungeon / Laboratory / Prison,,,,,,,,,,,,,,,,,,,,,,,,,,,,,,,,,Open World,Open World,,,,,,,,,,,NPC Corpse,,,,,,,,,,,,,,,,,,,,,,,,,,,,,,,,,,,,,,,,,,,,,,,,,,,,,,,,,No,,,,,,,,,,,,,,,,,,,,Available,,,,,Confirmed,Unconfirmed,,Keep,Current EQL and classic restrictions compared.,,,B19-NAJ,
B19-NAJ-042,19,Antonica,Najena,Dark Mail Coat,Equipment,Chest,Yes,No,,,,,,,,,,,,,,The Guard Captain,,,,,,,,,,,,,,,,,Current EQL-expanded,,Current EQL research batch,,,,,,,,"Notable equipment, access item, quest component, tradeskill item, or EQL-added drop.",Exact documented source,Core,High for active rows; incomplete or disputed rows quarantined,https://eqlwiki.com/Category%3ANajena,https://eqlwiki.com/Najena_(NPC); classic EverQuest baseline,,Yes,1,,AC 10; HP 10; Endurance 10; STR 3; STA 3,WAR CLR PAL RNG SHD BRD ROG SHM BER,All,,,Current EQL documentation audited,Add,,Yes,Yes,,Not applicable,Not applicable,Not applicable,,,,,2026-07-28,,,,Yes,,Reviewed,No direct-build observation,C,Exact current item/source relationship with mandatory completeness audit.,None identified,,Current EQL-expanded,,Official EQL patches and current EQL Wiki with classic comparison,Current EQL values populated from exact item/NPC pages or official patch notes. Classic fields populated only for matched classic-retained items.,EQL-LOOT-1.0,loot,Active,,B19-NAJ-042,,,Yes,Yes,,,,,,,,,,,,,The Guard Captain,,,,,,,Indoor Dungeon / Laboratory / Prison,,,,,,,,,,,,,,,,,,,,,,,,,,,,,,,,,Open World,Open World,,,,,,,,,,,NPC Corpse,,,,,,,,,,,,,,,,,,,,,,,,,,,,,,,,,,,,,,,,,,,,,,,,,,,,,,,,,No,,,,,,,,,,,,,,,,,,,,Available,,,,,Confirmed,Unconfirmed,,Add,No matched classic counterpart used; EQL-added or current-only record.,,,B19-NAJ,"{""attunable"": ""Yes""}"
B19-NAJ-043,19,Antonica,Najena,Dark Mail Mittens,Equipment,Hands,Yes,No,,,,,,,,,,,,,,The Guard Captain,,,,,,,,,,,,,,,,,Current EQL-expanded,,Current EQL research batch,,,,,,,,"Notable equipment, access item, quest component, tradeskill item, or EQL-added drop.",Exact documented source,Core,High for active rows; incomplete or disputed rows quarantined,https://eqlwiki.com/Category%3ANajena,https://eqlwiki.com/Najena_(NPC); classic EverQuest baseline,,Yes,1,,AC 7; HP 5; STA 2; FR 5,WAR CLR PAL RNG SHD BRD ROG SHM BER,All,,,Current EQL documentation audited,Add,,Yes,Yes,,Not applicable,Not applicable,Not applicable,,,,,2026-07-28,,,,Yes,,Reviewed,No direct-build observation,C,Exact current item/source relationship with mandatory completeness audit.,None identified,,Current EQL-expanded,,Official EQL patches and current EQL Wiki with classic comparison,Current EQL values populated from exact item/NPC pages or official patch notes. Classic fields populated only for matched classic-retained items.,EQL-LOOT-1.0,loot,Active,,B19-NAJ-043,,,Yes,Yes,,,,,,,,,,,,,The Guard Captain,,,,,,,Indoor Dungeon / Laboratory / Prison,,,,,,,,,,,,,,,,,,,,,,,,,,,,,,,,,Open World,Open World,,,,,,,,,,,NPC Corpse,,,,,,,,,,,,,,,,,,,,,,,,,,,,,,,,,,,,,,,,,,,,,,,,,,,,,,,,,No,,,,,,,,,,,,,,,,,,,,Available,,,,,Confirmed,Unconfirmed,,Add,No matched classic counterpart used; EQL-added or current-only record.,,,B19-NAJ,"{""attunable"": ""Yes""}"
B19-NAJ-044,19,Antonica,Najena,Dark Mail Gauntlets,Equipment,Hands,Yes,No,,,,,,,,,,,,,,The Guard Captain,,,,,,,,,,,,,,,,,Current EQL-expanded,,Current EQL research batch,,,,,,,,"Notable equipment, access item, quest component, tradeskill item, or EQL-added drop.",Exact documented source,Core,High for active rows; incomplete or disputed rows quarantined,https://eqlwiki.com/Category%3ANajena,https://eqlwiki.com/Najena_(NPC); classic EverQuest baseline,,Yes,1,,AC 7; HP 5; STA 2; FR 5,WAR CLR PAL RNG SHD BRD ROG SHM BER,All,,,Current EQL documentation audited,Add,,Yes,Yes,,Not applicable,Not applicable,Not applicable,,,,,2026-07-28,,,,Yes,,Reviewed,No direct-build observation,C,Exact current item/source relationship with mandatory completeness audit.,None identified,,Current EQL-expanded,,Official EQL patches and current EQL Wiki with classic comparison,Current EQL values populated from exact item/NPC pages or official patch notes. Classic fields populated only for matched classic-retained items.,EQL-LOOT-1.0,loot,Active,,B19-NAJ-044,,,Yes,Yes,,,,,,,,,,,,,The Guard Captain,,,,,,,Indoor Dungeon / Laboratory / Prison,,,,,,,,,,,,,,,,,,,,,,,,,,,,,,,,,Open World,Open World,,,,,,,,,,,NPC Corpse,,,,,,,,,,,,,,,,,,,,,,,,,,,,,,,,,,,,,,,,,,,,,,,,,,,,,,,,,No,,,,,,,,,,,,,,,,,,,,Available,,,,,Confirmed,Unconfirmed,,Add,No matched classic counterpart used; EQL-added or current-only record.,,,B19-NAJ,"{""attunable"": ""Yes""}"
B19-NAJ-045,19,Antonica,Najena,Ogre War Maul,Equipment,Primary,Yes,No,,,,,,,All except BRD ROG NEC WIZ MAG ENC,All,,17,50,2H Blunt,,The Guard Captain,,,,,,,,,,,,,,,,,Classic-retained,,Current EQL research batch,,,,,,,,"Notable equipment, access item, quest component, tradeskill item, or EQL-added drop.",Exact documented source,Core,High for active rows; incomplete or disputed rows quarantined,https://eqlwiki.com/Category%3ANajena,https://eqlwiki.com/Najena_(NPC); classic EverQuest baseline,,Yes,1,No additional stats documented,No additional stats documented,All except BRD ROG NEC WIZ MAG ENC,All,,,Current EQL documentation audited,Add,,Yes,Yes,,Compared,Compared,Compared,,,,,2026-07-28,,,,Yes,,Reviewed,No direct-build observation,C,Exact current item/source relationship with mandatory completeness audit.,None identified,,Classic-retained,,Official EQL patches and current EQL Wiki with classic comparison,Current EQL values populated from exact item/NPC pages or official patch notes. Classic fields populated only for matched classic-retained items.,EQL-LOOT-1.0,loot,Active,,B19-NAJ-045,,,Yes,Yes,,,,,,,,,,,,,The Guard Captain,,,,,,,Indoor Dungeon / Laboratory / Prison,,,,,,,,,,,,,,,,,,,,,,,,,,,,,,,,,Open World,Open World,,,,,,,,,,,NPC Corpse,,,,,,,,,,,,,,,,,,,,,,,,,,,,,,,,,,,,,,,,,,,,,,,,,,,,,,,,,No,,,,,,,,,,,,,,,,,,,,Available,,,,,Confirmed,Unconfirmed,,Keep,Current EQL and classic restrictions compared.,,,B19-NAJ,
B19-NAJ-046,19,Antonica,Najena,Whore's Bane,Quest / Utility,,No,Yes,,,,,,,NONE,NONE,,,,,,The Guard Captain,,,,,,,,,,,,,,,,,Classic-retained,,Current EQL research batch,,,,,,,,"Notable equipment, access item, quest component, tradeskill item, or EQL-added drop.",Exact documented source,Core,High for active rows; incomplete or disputed rows quarantined,https://eqlwiki.com/Category%3ANajena,https://eqlwiki.com/Najena_(NPC); classic EverQuest baseline,,Yes,1,Quest / poison-making component,Quest / poison-making component,NONE,NONE,,,Current EQL documentation audited,Add,,Yes,Yes,,Compared,Compared,Compared,,,,,2026-07-28,,,,Yes,,Reviewed,No direct-build observation,C,Exact current item/source relationship with mandatory completeness audit.,None identified,,Classic-retained,,Official EQL patches and current EQL Wiki with classic comparison,Current EQL values populated from exact item/NPC pages or official patch notes. Classic fields populated only for matched classic-retained items.,EQL-LOOT-1.0,loot,Active,,B19-NAJ-046,,,No,Yes,,,,,,,,,,,,,The Guard Captain,,,,,,,Indoor Dungeon / Laboratory / Prison,,,,,,,,,,,,,,,,,,,,,,,,,,,,,,,,,Open World,Open World,,,,,,,,,,,NPC Corpse,,,,,,,,,,,,,,,,,,,,,,,,,,,,,,,,,,,,,,,,,,,,,,,,,,,,,,,,,No,,,,,,,,,,,,,,,,,,,,Available,,,,,Confirmed,Unconfirmed,,Keep,Current EQL and classic restrictions compared.,,,B19-NAJ,
B19-NAJ-047,19,Antonica,Najena,Whore's Bane,Quest / Utility,,No,Yes,,,,,,,NONE,NONE,,,,,,A Guard Officer,,,,,,,,,,,,,,,,,Classic-retained,,Current EQL research batch,,,,,,,,"Notable equipment, access item, quest component, tradeskill item, or EQL-added drop.",Exact documented source,Core,High for active rows; incomplete or disputed rows quarantined,https://eqlwiki.com/Category%3ANajena,https://eqlwiki.com/Najena_(NPC); classic EverQuest baseline,,Yes,1,Quest / poison-making component,Quest / poison-making component,NONE,NONE,,,Current EQL documentation audited,Add,,Yes,Yes,,Compared,Compared,Compared,,,,,2026-07-28,,,,Yes,,Reviewed,No direct-build observation,C,Exact current item/source relationship with mandatory completeness audit.,None identified,,Classic-retained,,Official EQL patches and current EQL Wiki with classic comparison,Current EQL values populated from exact item/NPC pages or official patch notes. Classic fields populated only for matched classic-retained items.,EQL-LOOT-1.0,loot,Active,,B19-NAJ-047,,,No,Yes,,,,,,,,,,,,,A Guard Officer,,,,,,,Indoor Dungeon / Laboratory / Prison,,,,,,,,,,,,,,,,,,,,,,,,,,,,,,,,,Open World,Open World,,,,,,,,,,,NPC Corpse,,,,,,,,,,,,,,,,,,,,,,,,,,,,,,,,,,,,,,,,,,,,,,,,,,,,,,,,,No,,,,,,,,,,,,,,,,,,,,Available,,,,,Confirmed,Unconfirmed,,Keep,Current EQL and classic restrictions compared.,,,B19-NAJ,
B19-NAJ-048,19,Antonica,Najena,Whore's Bane,Quest / Utility,,No,Yes,,,,,,,NONE,NONE,,,,,,Moosh,,,,,,,,,,,,,,,,,Classic-retained,,Current EQL research batch,,,,,,,,"Notable equipment, access item, quest component, tradeskill item, or EQL-added drop.",Exact documented source,Core,High for active rows; incomplete or disputed rows quarantined,https://eqlwiki.com/Category%3ANajena,https://eqlwiki.com/Najena_(NPC); classic EverQuest baseline,,Yes,1,Quest / poison-making component,Quest / poison-making component,NONE,NONE,,,Current EQL documentation audited,Add,,Yes,Yes,,Compared,Compared,Compared,,,,,2026-07-28,,,,Yes,,Reviewed,No direct-build observation,C,Exact current item/source relationship with mandatory completeness audit.,None identified,,Classic-retained,,Official EQL patches and current EQL Wiki with classic comparison,Current EQL values populated from exact item/NPC pages or official patch notes. Classic fields populated only for matched classic-retained items.,EQL-LOOT-1.0,loot,Active,,B19-NAJ-048,,,No,Yes,,,,,,,,,,,,,Moosh,,,,,,,Indoor Dungeon / Laboratory / Prison,,,,,,,,,,,,,,,,,,,,,,,,,,,,,,,,,Open World,Open World,,,,,,,,,,,NPC Corpse,,,,,,,,,,,,,,,,,,,,,,,,,,,,,,,,,,,,,,,,,,,,,,,,,,,,,,,,,No,,,,,,,,,,,,,,,,,,,,Available,,,,,Confirmed,Unconfirmed,,Keep,Current EQL and classic restrictions compared.,,,B19-NAJ,
B19-NAJ-049,19,Antonica,Najena,Large Ringmail Coif,Equipment,Head,Yes,No,,,,,,,WAR CLR PAL RNG SHD BRD ROG SHM BER,All,,,,,,A Guard Officer,,,,,,,,,,,,,,,,,Classic-retained,,Current EQL research batch,,,,,,,,"Notable equipment, access item, quest component, tradeskill item, or EQL-added drop.",Exact documented source,Core,High for active rows; incomplete or disputed rows quarantined,https://eqlwiki.com/Category%3ANajena,https://eqlwiki.com/Najena_(NPC); classic EverQuest baseline,,Yes,1,Generic large ringmail head armor,Generic large ringmail head armor,WAR CLR PAL RNG SHD BRD ROG SHM BER,All,,,Current EQL documentation audited,Add,,Yes,Yes,,Compared,Compared,Compared,,,,,2026-07-28,,,,Yes,,Reviewed,No direct-build observation,C,Exact current item/source relationship with mandatory completeness audit.,None identified,,Classic-retained,,Official EQL patches and current EQL Wiki with classic comparison,Current EQL values populated from exact item/NPC pages or official patch notes. Classic fields populated only for matched classic-retained items.,EQL-LOOT-1.0,loot,Active,,B19-NAJ-049,,,No,Yes,,,,,,,,,,,,,A Guard Officer,,,,,,,Indoor Dungeon / Laboratory / Prison,,,,,,,,,,,,,,,,,,,,,,,,,,,,,,,,,Open World,Open World,,,,,,,,,,,NPC Corpse,,,,,,,,,,,,,,,,,,,,,,,,,,,,,,,,,,,,,,,,,,,,,,,,,,,,,,,,,No,,,,,,,,,,,,,,,,,,,,Available,,,,,Confirmed,Unconfirmed,,Keep,Current EQL and classic restrictions compared.,,,B19-NAJ,
B19-NAJ-050,19,Antonica,Najena,Emissary Mask,Equipment,Face,Yes,No,,,,,,,,,,,,,Focus: Improved Healing I,A Visiting Priestess,,,,,,,,,,,,,,,,,Current EQL-expanded,,Current EQL research batch,,,,,,,,"Notable equipment, access item, quest component, tradeskill item, or EQL-added drop.",Exact documented source,Core,High for active rows; incomplete or disputed rows quarantined,https://eqlwiki.com/Category%3ANajena,https://eqlwiki.com/Najena_(NPC); classic EverQuest baseline,,Yes,1,,AC 4; WIS 3; FR 3,WAR CLR PAL SHD BRD,All,,,Current EQL documentation audited,Add,,Yes,Yes,,Not applicable,Not applicable,Not applicable,,,,,2026-07-28,,,,Yes,,Reviewed,No direct-build observation,C,Exact current item/source relationship with mandatory completeness audit.,None identified,,Current EQL-expanded,,Official EQL patches and current EQL Wiki with classic comparison,Current EQL values populated from exact item/NPC pages or official patch notes. Classic fields populated only for matched classic-retained items.,EQL-LOOT-1.0,loot,Active,,B19-NAJ-050,,,Yes,Yes,,,,,,,,,,,,,A Visiting Priestess,,,,,,,Indoor Dungeon / Laboratory / Prison,,,,,,,,,,,,,,,,,,,,,,,,,,,,,,,,,Open World,Open World,,,,,,,,,,,NPC Corpse,,,,,,,,,,,,,,,,,,,,,,,,,,,,,,,,,,,,,,,,,,,,,,,,,,,,,,,,,No,,,,,,,,,,,,,,,,,,,,Available,,,,,Confirmed,Unconfirmed,,Add,No matched classic counterpart used; EQL-added or current-only record.,,,B19-NAJ,"{""attunable"": ""Yes""}"
B19-NAJ-051,19,Antonica,Najena,Traveling Greaves,Equipment,Feet,Yes,No,,,,,,,,,,,,,,A Visiting Priestess,,,,,,,,,,,,,,,,,Current EQL-expanded,,Current EQL research batch,,,,,,,,"Notable equipment, access item, quest component, tradeskill item, or EQL-added drop.",Exact documented source,Core,High for active rows; incomplete or disputed rows quarantined,https://eqlwiki.com/Category%3ANajena,https://eqlwiki.com/Najena_(NPC); classic EverQuest baseline,,Yes,1,,AC 9; Endurance 10; STA 2; AGI 2; CR 5,WAR CLR PAL SHD BRD BER,All,,,Current EQL documentation audited,Add,,Yes,Yes,,Not applicable,Not applicable,Not applicable,,,,,2026-07-28,,,,Yes,,Reviewed,No direct-build observation,C,Exact current item/source relationship with mandatory completeness audit.,None identified,,Current EQL-expanded,,Official EQL patches and current EQL Wiki with classic comparison,Current EQL values populated from exact item/NPC pages or official patch notes. Classic fields populated only for matched classic-retained items.,EQL-LOOT-1.0,loot,Active,,B19-NAJ-051,,,Yes,Yes,,,,,,,,,,,,,A Visiting Priestess,,,,,,,Indoor Dungeon / Laboratory / Prison,,,,,,,,,,,,,,,,,,,,,,,,,,,,,,,,,Open World,Open World,,,,,,,,,,,NPC Corpse,,,,,,,,,,,,,,,,,,,,,,,,,,,,,,,,,,,,,,,,,,,,,,,,,,,,,,,,,No,,,,,,,,,,,,,,,,,,,,Available,,,,,Confirmed,Unconfirmed,,Add,No matched classic counterpart used; EQL-added or current-only record.,,,B19-NAJ,"{""attunable"": ""Yes""}"
B19-NAJ-052,19,Antonica,Najena,Dull Wooden Spear,Equipment,Primary,Yes,No,,,,,,,,,,8,33,Piercing,,Officer Grush,,,,,,,,,,,,,,,,,Current EQL-expanded,,Current EQL research batch,,,,,,,,"Notable equipment, access item, quest component, tradeskill item, or EQL-added drop.",Exact documented source,Core,High for active rows; incomplete or disputed rows quarantined,https://eqlwiki.com/Category%3ANajena,https://eqlwiki.com/Najena_(NPC); classic EverQuest baseline,,Yes,1,,WIS 2; AGI 2; CR 5,SHM,All,,,Current EQL documentation audited,Add,,Yes,Yes,,Not applicable,Not applicable,Not applicable,,,,,2026-07-28,,,,Yes,,Reviewed,No direct-build observation,C,Exact current item/source relationship with mandatory completeness audit.,None identified,,Current EQL-expanded,,Official EQL patches and current EQL Wiki with classic comparison,Current EQL values populated from exact item/NPC pages or official patch notes. Classic fields populated only for matched classic-retained items.,EQL-LOOT-1.0,loot,Active,,B19-NAJ-052,,,Yes,Yes,,,,,,,,,,,,,Officer Grush,,,,,,,Indoor Dungeon / Laboratory / Prison,,,,,,,,,,,,,,,,,,,,,,,,,,,,,,,,,Open World,Open World,,,,,,,,,,,NPC Corpse,,,,,,,,,,,,,,,,,,,,,,,,,,,,,,,,,,,,,,,,,,,,,,,,,,,,,,,,,No,,,,,,,,,,,,,,,,,,,,Available,,,,,Confirmed,Unconfirmed,,Add,No matched classic counterpart used; EQL-added or current-only record.,,,B19-NAJ,"{""attunable"": ""Yes""}"
B19-NAJ-053,19,Antonica,Najena,Officer's Gauntlets,Equipment,Hands,Yes,No,,,,,,,,,,,,,,Officer Grush,,,,,,,,,,,,,,,,,Current EQL-expanded,,Current EQL research batch,,,,,,,,"Notable equipment, access item, quest component, tradeskill item, or EQL-added drop.",Exact documented source,Core,High for active rows; incomplete or disputed rows quarantined,https://eqlwiki.com/Category%3ANajena,https://eqlwiki.com/Najena_(NPC); classic EverQuest baseline,,Yes,1,,AC 10; Endurance 5; AGI 2; DEX 1,WAR CLR PAL SHD BRD,All,,,Current EQL documentation audited,Add,,Yes,Yes,,Not applicable,Not applicable,Not applicable,,,,,2026-07-28,,,,Yes,,Reviewed,No direct-build observation,C,Exact current item/source relationship with mandatory completeness audit.,None identified,,Current EQL-expanded,,Official EQL patches and current EQL Wiki with classic comparison,Current EQL values populated from exact item/NPC pages or official patch notes. Classic fields populated only for matched classic-retained items.,EQL-LOOT-1.0,loot,Active,,B19-NAJ-053,,,Yes,Yes,,,,,,,,,,,,,Officer Grush,,,,,,,Indoor Dungeon / Laboratory / Prison,,,,,,,,,,,,,,,,,,,,,,,,,,,,,,,,,Open World,Open World,,,,,,,,,,,NPC Corpse,,,,,,,,,,,,,,,,,,,,,,,,,,,,,,,,,,,,,,,,,,,,,,,,,,,,,,,,,No,,,,,,,,,,,,,,,,,,,,Available,,,,,Confirmed,Unconfirmed,,Add,No matched classic counterpart used; EQL-added or current-only record.,,,B19-NAJ,"{""attunable"": ""Yes""}"
B19-NAJ-054,19,Antonica,Najena,Splinted Bronze Cloak,Equipment,Back,Yes,No,,,,,,,WAR CLR PAL SHD BRD,All,,,,,,Officer Grush,,,,,,,,,,,,,,,,,Classic-retained,,Current EQL research batch,,,,,,,,"Notable equipment, access item, quest component, tradeskill item, or EQL-added drop.",Exact documented source,Core,High for active rows; incomplete or disputed rows quarantined,https://eqlwiki.com/Category%3ANajena,https://eqlwiki.com/Najena_(NPC); classic EverQuest baseline,,Yes,1,Generic splinted bronze cloak,Generic splinted bronze cloak,WAR CLR PAL SHD BRD,All,,,Current EQL documentation audited,Add,,Yes,Yes,,Compared,Compared,Compared,,,,,2026-07-28,,,,Yes,,Reviewed,No direct-build observation,C,Exact current item/source relationship with mandatory completeness audit.,None identified,,Classic-retained,,Official EQL patches and current EQL Wiki with classic comparison,Current EQL values populated from exact item/NPC pages or official patch notes. Classic fields populated only for matched classic-retained items.,EQL-LOOT-1.0,loot,Active,,B19-NAJ-054,,,No,Yes,,,,,,,,,,,,,Officer Grush,,,,,,,Indoor Dungeon / Laboratory / Prison,,,,,,,,,,,,,,,,,,,,,,,,,,,,,,,,,Open World,Open World,,,,,,,,,,,NPC Corpse,,,,,,,,,,,,,,,,,,,,,,,,,,,,,,,,,,,,,,,,,,,,,,,,,,,,,,,,,No,,,,,,,,,,,,,,,,,,,,Available,,,,,Confirmed,Unconfirmed,,Keep,Current EQL and classic restrictions compared.,,,B19-NAJ,
B19-NAJ-055,19,Antonica,Najena,Dark Circlet,Equipment,Head,Yes,No,,Yes,Yes,,,,NEC,All,,,,,Focus: Reanimation Efficiency I,Trazdon,,,,,,,,,,,,,,,,,Classic-retained,,Current EQL research batch,,,,,,,,"Notable equipment, access item, quest component, tradeskill item, or EQL-added drop.",Exact documented source,Core,High for active rows; incomplete or disputed rows quarantined,https://eqlwiki.com/Category%3ANajena,https://eqlwiki.com/Najena_(NPC); classic EverQuest baseline,,Yes,1,AC 4; CHA -2; INT 4; HP 10,AC 4; CHA -2; INT 4; HP 10,NEC,All,,,Current EQL documentation audited,Add,,Yes,Yes,,Compared,Compared,Compared,,,,,2026-07-28,,,,Yes,,Reviewed,No direct-build observation,C,Exact current item/source relationship with mandatory completeness audit.,None identified,,Classic-retained,,Official EQL patches and current EQL Wiki with classic comparison,Current EQL values populated from exact item/NPC pages or official patch notes. Classic fields populated only for matched classic-retained items.,EQL-LOOT-1.0,loot,Active,,B19-NAJ-055,,,Yes,Yes,,,,,,,,,,,,,Trazdon,,,,,,,Indoor Dungeon / Laboratory / Prison,,,,,,,,,,,,,,,,,,,,,,,,,,,,,,,,,Open World,Open World,,,,,,,,,,,NPC Corpse,,,,,,,,,,,,,,,,,,,,,,,,,,,,,,,,,,,,,,,,,,,,,,,,,,,,,,,,,No,,,,,,,,,,,,,,,,,,,,Available,,,,,Confirmed,Unconfirmed,,Keep,Current EQL and classic restrictions compared.,,,B19-NAJ,
B19-NAJ-056,19,Antonica,Najena,Binding Bracelets,Equipment,Wrist,Yes,No,,,,,,,,,,,,,,Trazdon,,,,,,,,,,,,,,,,,Current EQL-expanded,,Current EQL research batch,,,,,,,,"Notable equipment, access item, quest component, tradeskill item, or EQL-added drop.",Exact documented source,Core,High for active rows; incomplete or disputed rows quarantined,https://eqlwiki.com/Category%3ANajena,https://eqlwiki.com/Najena_(NPC); classic EverQuest baseline,,Yes,1,,AC 3; Mana 5; INT 1,NEC WIZ MAG ENC,All,,,Current EQL documentation audited,Add,,Yes,Yes,,Not applicable,Not applicable,Not applicable,,,,,2026-07-28,,,,Yes,,Reviewed,No direct-build observation,C,Exact current item/source relationship with mandatory completeness audit.,None identified,,Current EQL-expanded,,Official EQL patches and current EQL Wiki with classic comparison,Current EQL values populated from exact item/NPC pages or official patch notes. Classic fields populated only for matched classic-retained items.,EQL-LOOT-1.0,loot,Active,,B19-NAJ-056,,,Yes,Yes,,,,,,,,,,,,,Trazdon,,,,,,,Indoor Dungeon / Laboratory / Prison,,,,,,,,,,,,,,,,,,,,,,,,,,,,,,,,,Open World,Open World,,,,,,,,,,,NPC Corpse,,,,,,,,,,,,,,,,,,,,,,,,,,,,,,,,,,,,,,,,,,,,,,,,,,,,,,,,,No,,,,,,,,,,,,,,,,,,,,Available,,,,,Confirmed,Unconfirmed,,Add,No matched classic counterpart used; EQL-added or current-only record.,,,B19-NAJ,"{""attunable"": ""Yes""}"
B19-NAJ-057,19,Antonica,Najena,Flaming Fist,Equipment,Primary; Secondary,Yes,No,,Yes,,,,,,,,6,18,Hand to Hand,,Unbound Flame,,,,,,,,,,,,,,,,,Not applicable — EQL-added item,,Current EQL research batch,,,,,,,,"Notable equipment, access item, quest component, tradeskill item, or EQL-added drop.",Exact documented source,Core,High for active rows; incomplete or disputed rows quarantined,https://eqlwiki.com/Category%3ANajena,https://eqlwiki.com/Najena_(NPC); classic EverQuest baseline,,Yes,1,,FR 20,MNK BST,All,,,Current EQL documentation audited,Add,,Yes,Yes,,Not applicable,Not applicable,Not applicable,,,,,2026-07-28,,,,Yes,,Reviewed,No direct-build observation,C,Exact current item/source relationship with mandatory completeness audit.,None identified,,Not applicable — EQL-added item,,Official EQL patches and current EQL Wiki with classic comparison,Current EQL values populated from exact item/NPC pages or official patch notes. Classic fields populated only for matched classic-retained items.,EQL-LOOT-1.0,loot,Active,,B19-NAJ-057,,,Yes,Yes,,,,,,,,,,,,,Unbound Flame,,,,,,,Indoor Dungeon / Laboratory / Prison,,,,,,,,,,,,,,,,,,,,,,,,,,,,,,,,,Open World,Open World,,,,,,,,,,,NPC Corpse,,,,,,,,,,,,,,,,,,,,,,,,,,,,,,,,,,,,,,,,,,,,,,,,,,,,,,,,,No,,,,,,,,,,,,,,,,,,,,Available,,,,,Confirmed,Unconfirmed,,Add,No matched classic counterpart used; EQL-added or current-only record.,,,B19-NAJ,"{""attunable"": ""Yes""}"
B19-NAJ-058,19,Antonica,Najena,Drop of Crystallized Flame,Equipment,Ear,Yes,No,,Yes,,Yes,,,,,,,,,,Unbound Flame,,,,,,,,,,,,,,,,,Not applicable — EQL-added item,,Current EQL research batch,,,,,,,,"Notable equipment, access item, quest component, tradeskill item, or EQL-added drop.",Exact documented source,Core,High for active rows; incomplete or disputed rows quarantined,https://eqlwiki.com/Category%3ANajena,https://eqlwiki.com/Najena_(NPC); classic EverQuest baseline,,Yes,1,,AC 1; Mana 10; INT 1,PAL SHD NEC WIZ MAG ENC,All,,,Current EQL documentation audited,Add,,Yes,Yes,,Not applicable,Not applicable,Not applicable,,,,,2026-07-28,,,,Yes,,Reviewed,No direct-build observation,C,Exact current item/source relationship with mandatory completeness audit.,None identified,,Not applicable — EQL-added item,,Official EQL patches and current EQL Wiki with classic comparison,Current EQL values populated from exact item/NPC pages or official patch notes. Classic fields populated only for matched classic-retained items.,EQL-LOOT-1.0,loot,Active,,B19-NAJ-058,,,Yes,Yes,,,,,,,,,,,,,Unbound Flame,,,,,,,Indoor Dungeon / Laboratory / Prison,,,,,,,,,,,,,,,,,,,,,,,,,,,,,,,,,Open World,Open World,,,,,,,,,,,NPC Corpse,,,,,,,,,,,,,,,,,,,,,,,,,,,,,,,,,,,,,,,,,,,,,,,,,,,,,,,,,No,,,,,,,,,,,,,,,,,,,,Available,,,,,Confirmed,Unconfirmed,,Add,No matched classic counterpart used; EQL-added or current-only record.,,,B19-NAJ,"{""attunable"": ""Yes""}"
B19-NAJ-059,19,Antonica,Najena,Sword of the Lost,Equipment,Primary,Yes,No,,Yes,,,,,,,,15,40,1H Slashing,,Lost Crusader,,,,,,,,,,,,,,,,,Not applicable — EQL-added item,,Current EQL research batch,,,,,,,,"Notable equipment, access item, quest component, tradeskill item, or EQL-added drop.",Exact documented source,Core,High for active rows; incomplete or disputed rows quarantined,https://eqlwiki.com/Category%3ANajena,https://eqlwiki.com/Najena_(NPC); classic EverQuest baseline,,Yes,1,,STA 4,PAL SHD,All,,,Current EQL documentation audited,Add,,Yes,Yes,,Not applicable,Not applicable,Not applicable,,,,,2026-07-28,,,,Yes,,Reviewed,No direct-build observation,C,Exact current item/source relationship with mandatory completeness audit.,None identified,,Not applicable — EQL-added item,,Official EQL patches and current EQL Wiki with classic comparison,Current EQL values populated from exact item/NPC pages or official patch notes. Classic fields populated only for matched classic-retained items.,EQL-LOOT-1.0,loot,Active,,B19-NAJ-059,,,Yes,Yes,,,,,,,,,,,,,Lost Crusader,,,,,,,Indoor Dungeon / Laboratory / Prison,,,,,,,,,,,,,,,,,,,,,,,,,,,,,,,,,Open World,Open World,,,,,,,,,,,NPC Corpse,,,,,,,,,,,,,,,,,,,,,,,,,,,,,,,,,,,,,,,,,,,,,,,,,,,,,,,,,No,,,,,,,,,,,,,,,,,,,,Available,,,,,Confirmed,Unconfirmed,,Add,No matched classic counterpart used; EQL-added or current-only record.,,,B19-NAJ,"{""attunable"": ""Yes""}"
B19-NAJ-060,19,Antonica,Najena,Signet Ring of the Lost Crusader,Equipment,Finger,Yes,No,,Yes,,,,,,,,,,,,Lost Crusader,,,,,,,,,,,,,,,,,Not applicable — EQL-added item,,Current EQL research batch,,,,,,,,"Notable equipment, access item, quest component, tradeskill item, or EQL-added drop.",Exact documented source,Core,High for active rows; incomplete or disputed rows quarantined,https://eqlwiki.com/Category%3ANajena,https://eqlwiki.com/Najena_(NPC); classic EverQuest baseline,,Yes,1,,STR 1; INT 1,All,All,,,Current EQL documentation audited,Add,,Yes,Yes,,Not applicable,Not applicable,Not applicable,,,,,2026-07-28,,,,Yes,,Reviewed,No direct-build observation,C,Exact current item/source relationship with mandatory completeness audit.,None identified,,Not applicable — EQL-added item,,Official EQL patches and current EQL Wiki with classic comparison,Current EQL values populated from exact item/NPC pages or official patch notes. Classic fields populated only for matched classic-retained items.,EQL-LOOT-1.0,loot,Active,,B19-NAJ-060,,,Yes,Yes,,,,,,,,,,,,,Lost Crusader,,,,,,,Indoor Dungeon / Laboratory / Prison,,,,,,,,,,,,,,,,,,,,,,,,,,,,,,,,,Open World,Open World,,,,,,,,,,,NPC Corpse,,,,,,,,,,,,,,,,,,,,,,,,,,,,,,,,,,,,,,,,,,,,,,,,,,,,,,,,,No,,,,,,,,,,,,,,,,,,,,Available,,,,,Confirmed,Unconfirmed,,Add,No matched classic counterpart used; EQL-added or current-only record.,,,B19-NAJ,"{""attunable"": ""Yes""}"
B19-NAJ-061,19,Antonica,Najena,Kitchen Toolbelt,Equipment,Waist,Yes,No,,Yes,,,,,,,,,,,,The Tenderizer,,,,,,,,,,,,,,,,,Not applicable — EQL-added item,,Current EQL research batch,,,,,,,,"Notable equipment, access item, quest component, tradeskill item, or EQL-added drop.",Exact documented source,Core,High for active rows; incomplete or disputed rows quarantined,https://eqlwiki.com/Category%3ANajena,https://eqlwiki.com/Najena_(NPC); classic EverQuest baseline,,Yes,1,,Haste 10%,All,All,,,Current EQL documentation audited,Add,,Yes,Yes,,Not applicable,Not applicable,Not applicable,,,,,2026-07-28,,,,Yes,,Reviewed,No direct-build observation,C,Exact current item/source relationship with mandatory completeness audit.,None identified,,Not applicable — EQL-added item,,Official EQL patches and current EQL Wiki with classic comparison,Current EQL values populated from exact item/NPC pages or official patch notes. Classic fields populated only for matched classic-retained items.,EQL-LOOT-1.0,loot,Active,,B19-NAJ-061,,,Yes,Yes,,,,,,,,,,,,,The Tenderizer,,,,,,,Indoor Dungeon / Laboratory / Prison,,,,,,,,,,,,,,,,,,,,,,,,,,,,,,,,,Open World,Open World,,,,,,,,,,,NPC Corpse,,,,,,,,,,,,,,,,,,,,,,,,,,,,,,,,,,,,,,,,,,,,,,,,,,,,,,,,,No,,,,,,,,,,,,,,,,,,,,Available,,,,,Confirmed,Unconfirmed,,Add,No matched classic counterpart used; EQL-added or current-only record.,,,B19-NAJ,"{""attunable"": ""Yes""}"
B19-NAJ-062,19,Antonica,Najena,The Tenderizer,Equipment,Primary; Secondary,Yes,No,,Yes,,,,,,,,5,19,1H Blunt,,The Tenderizer,,,,,,,,,,,,,,,,,Not applicable — EQL-added item,,Current EQL research batch,,,,,,,,"Notable equipment, access item, quest component, tradeskill item, or EQL-added drop.",Exact documented source,Core,High for active rows; incomplete or disputed rows quarantined,https://eqlwiki.com/Category%3ANajena,https://eqlwiki.com/Najena_(NPC); classic EverQuest baseline,,Yes,1,,STR 2,WAR CLR PAL RNG SHD DRU MNK BRD ROG SHM BST,All,,,Current EQL documentation audited,Add,,Yes,Yes,,Not applicable,Not applicable,Not applicable,,,,,2026-07-28,,,,Yes,,Reviewed,No direct-build observation,C,Exact current item/source relationship with mandatory completeness audit.,None identified,,Not applicable — EQL-added item,,Official EQL patches and current EQL Wiki with classic comparison,Current EQL values populated from exact item/NPC pages or official patch notes. Classic fields populated only for matched classic-retained items.,EQL-LOOT-1.0,loot,Active,,B19-NAJ-062,,,Yes,Yes,,,,,,,,,,,,,The Tenderizer,,,,,,,Indoor Dungeon / Laboratory / Prison,,,,,,,,,,,,,,,,,,,,,,,,,,,,,,,,,Open World,Open World,,,,,,,,,,,NPC Corpse,,,,,,,,,,,,,,,,,,,,,,,,,,,,,,,,,,,,,,,,,,,,,,,,,,,,,,,,,No,,,,,,,,,,,,,,,,,,,,Available,,,,,Confirmed,Unconfirmed,,Add,No matched classic counterpart used; EQL-added or current-only record.,,,B19-NAJ,"{""attunable"": ""Yes""}"
B19-NAJ-063,19,Antonica,Najena,The Artist's Brush,Equipment,Range; Primary; Secondary,Yes,No,,Yes,,Yes,,,,,,,,,Focus: Reagent Conservation I,The Blood Artist,,,,,,,,,,,,,,,,,Not applicable — EQL-added item,,Current EQL research batch,,,,,,,,"Notable equipment, access item, quest component, tradeskill item, or EQL-added drop.",Exact documented source,Core,High for active rows; incomplete or disputed rows quarantined,https://eqlwiki.com/Category%3ANajena,https://eqlwiki.com/Najena_(NPC); classic EverQuest baseline,,Yes,1,,INT 3; DEX 3; Mana 10,NEC WIZ MAG ENC,All,,,Current EQL documentation audited,Add,,Yes,Yes,,Not applicable,Not applicable,Not applicable,,,,,2026-07-28,,,,Yes,,Reviewed,No direct-build observation,C,Exact current item/source relationship with mandatory completeness audit.,None identified,,Not applicable — EQL-added item,,Official EQL patches and current EQL Wiki with classic comparison,Current EQL values populated from exact item/NPC pages or official patch notes. Classic fields populated only for matched classic-retained items.,EQL-LOOT-1.0,loot,Active,,B19-NAJ-063,,,Yes,Yes,,,,,,,,,,,,,The Blood Artist,,,,,,,Indoor Dungeon / Laboratory / Prison,,,,,,,,,,,,,,,,,,,,,,,,,,,,,,,,,Open World,Open World,,,,,,,,,,,NPC Corpse,,,,,,,,,,,,,,,,,,,,,,,,,,,,,,,,,,,,,,,,,,,,,,,,,,,,,,,,,No,,,,,,,,,,,,,,,,,,,,Available,,,,,Confirmed,Unconfirmed,,Add,No matched classic counterpart used; EQL-added or current-only record.,,,B19-NAJ,"{""attunable"": ""Yes""}"
B19-NAJ-064,19,Antonica,Najena,The Muse's Flayed Legs,Equipment,Legs,Yes,No,,Yes,,,,,,,,,,,,The Blood Artist,,,,,,,,,,,,,,,,,Not applicable — EQL-added item,,Current EQL research batch,,,,,,,,"Notable equipment, access item, quest component, tradeskill item, or EQL-added drop.",Exact documented source,Core,High for active rows; incomplete or disputed rows quarantined,https://eqlwiki.com/Category%3ANajena,https://eqlwiki.com/Najena_(NPC); classic EverQuest baseline,,Yes,1,,AC 6; Endurance 5; STR 2; DR -5,WAR RNG SHD DRU MNK BRD ROG SHM BST BER,All,,,Current EQL documentation audited,Add,,Yes,Yes,,Not applicable,Not applicable,Not applicable,,,,,2026-07-28,,,,Yes,,Reviewed,No direct-build observation,C,Exact current item/source relationship with mandatory completeness audit.,None identified,,Not applicable — EQL-added item,,Official EQL patches and current EQL Wiki with classic comparison,Current EQL values populated from exact item/NPC pages or official patch notes. Classic fields populated only for matched classic-retained items.,EQL-LOOT-1.0,loot,Active,,B19-NAJ-064,,,Yes,Yes,,,,,,,,,,,,,The Blood Artist,,,,,,,Indoor Dungeon / Laboratory / Prison,,,,,,,,,,,,,,,,,,,,,,,,,,,,,,,,,Open World,Open World,,,,,,,,,,,NPC Corpse,,,,,,,,,,,,,,,,,,,,,,,,,,,,,,,,,,,,,,,,,,,,,,,,,,,,,,,,,No,,,,,,,,,,,,,,,,,,,,Available,,,,,Confirmed,Unconfirmed,,Add,No matched classic counterpart used; EQL-added or current-only record.,,,B19-NAJ,"{""attunable"": ""Yes""}"
B19-NAJ-065,19,Antonica,Najena,Torn Page of Mastery Earth,Quest / Utility,,No,Yes,,,Yes,,,,NONE,NONE,,,,,,An Injured Halfling,,,,,,,,,,,,,,,,,Classic-retained,,Current EQL research batch,,,,,,,,"Notable equipment, access item, quest component, tradeskill item, or EQL-added drop.",Exact documented source,Core,High for active rows; incomplete or disputed rows quarantined,https://eqlwiki.com/Category%3ANajena,https://eqlwiki.com/Najena_(NPC); classic EverQuest baseline,,Yes,1,Lore/No Drop magician quest component,Lore/No Drop magician quest component,NONE,NONE,,,Current EQL documentation audited,Add,,Yes,Yes,,Compared,Compared,Compared,,,,,2026-07-28,,,,Yes,,Reviewed,No direct-build observation,C,Exact current item/source relationship with mandatory completeness audit.,None identified,,Classic-retained,,Official EQL patches and current EQL Wiki with classic comparison,Current EQL values populated from exact item/NPC pages or official patch notes. Classic fields populated only for matched classic-retained items.,EQL-LOOT-1.0,loot,Active,,B19-NAJ-065,,,No,Yes,,,,,,,,,,,,,An Injured Halfling,,,,,,,Indoor Dungeon / Laboratory / Prison,,,,,,,,,,,,,,,,,,,,,,,,,,,,,,,,,Open World,Open World,,,,,,,,,,,NPC Corpse,,,,,,,,,,,,,,,,,,,,,,,,,,,,,,,,,,,,,,,,,,,,,,,,,,,,,,,,,No,,,,,,,,,,,,,,,,,,,,Available,,,,,Confirmed,Unconfirmed,,Keep,Current EQL and classic restrictions compared.,,,B19-NAJ,
B19-NAJ-066,19,Antonica,Najena,Torn Page of Mastery Water,Quest / Utility,,No,Yes,,,Yes,,,,NONE,NONE,,,,,,An Injured Halfling,,,,,,,,,,,,,,,,,Classic-retained,,Current EQL research batch,,,,,,,,"Notable equipment, access item, quest component, tradeskill item, or EQL-added drop.",Exact documented source,Core,High for active rows; incomplete or disputed rows quarantined,https://eqlwiki.com/Category%3ANajena,https://eqlwiki.com/Najena_(NPC); classic EverQuest baseline,,Yes,1,Lore/No Drop magician quest component,Lore/No Drop magician quest component,NONE,NONE,,,Current EQL documentation audited,Add,,Yes,Yes,,Compared,Compared,Compared,,,,,2026-07-28,,,,Yes,,Reviewed,No direct-build observation,C,Exact current item/source relationship with mandatory completeness audit.,None identified,,Classic-retained,,Official EQL patches and current EQL Wiki with classic comparison,Current EQL values populated from exact item/NPC pages or official patch notes. Classic fields populated only for matched classic-retained items.,EQL-LOOT-1.0,loot,Active,,B19-NAJ-066,,,No,Yes,,,,,,,,,,,,,An Injured Halfling,,,,,,,Indoor Dungeon / Laboratory / Prison,,,,,,,,,,,,,,,,,,,,,,,,,,,,,,,,,Open World,Open World,,,,,,,,,,,NPC Corpse,,,,,,,,,,,,,,,,,,,,,,,,,,,,,,,,,,,,,,,,,,,,,,,,,,,,,,,,,No,,,,,,,,,,,,,,,,,,,,Available,,,,,Confirmed,Unconfirmed,,Keep,Current EQL and classic restrictions compared.,,,B19-NAJ,
B19-NAJ-067,19,Antonica,Najena,A Shovel,Equipment,Primary; Secondary,Yes,No,,,,,,,All,All,,4,27,2H Blunt,,An Injured Halfling,,,,,,,,,,,,,,,,,Classic-retained,,Current EQL research batch,,,,,,,,"Notable equipment, access item, quest component, tradeskill item, or EQL-added drop.",Exact documented source,Core,High for active rows; incomplete or disputed rows quarantined,https://eqlwiki.com/Category%3ANajena,https://eqlwiki.com/Najena_(NPC); classic EverQuest baseline,,Yes,1,No additional stats documented,No additional stats documented,All,All,,,Current EQL documentation audited,Add,,Yes,Yes,,Compared,Compared,Compared,,,,,2026-07-28,,,,Yes,,Reviewed,No direct-build observation,C,Exact current item/source relationship with mandatory completeness audit.,None identified,,Classic-retained,,Official EQL patches and current EQL Wiki with classic comparison,Current EQL values populated from exact item/NPC pages or official patch notes. Classic fields populated only for matched classic-retained items.,EQL-LOOT-1.0,loot,Active,,B19-NAJ-067,,,Yes,Yes,,,,,,,,,,,,,An Injured Halfling,,,,,,,Indoor Dungeon / Laboratory / Prison,,,,,,,,,,,,,,,,,,,,,,,,,,,,,,,,,Open World,Open World,,,,,,,,,,,NPC Corpse,,,,,,,,,,,,,,,,,,,,,,,,,,,,,,,,,,,,,,,,,,,,,,,,,,,,,,,,,No,,,,,,,,,,,,,,,,,,,,Available,,,,,Confirmed,Unconfirmed,,Keep,Current EQL and classic restrictions compared.,,,B19-NAJ,
B19-NAJ-068,19,Antonica,Najena,Torn Page of Mastery Fire,Quest / Utility,,No,Yes,,,Yes,,,,NONE,NONE,,,,,,Linara Parlone,,,,,,,,,,,,,,,,,Classic-retained,,Current EQL research batch,,,,,,,,"Notable equipment, access item, quest component, tradeskill item, or EQL-added drop.",Exact documented source,Core,High for active rows; incomplete or disputed rows quarantined,https://eqlwiki.com/Category%3ANajena,https://eqlwiki.com/Najena_(NPC); classic EverQuest baseline,,Yes,1,Lore/No Drop magician quest component,Lore/No Drop magician quest component,NONE,NONE,,,Current EQL documentation audited,Add,,Yes,Yes,,Compared,Compared,Compared,,,,,2026-07-28,,,,Yes,,Reviewed,No direct-build observation,C,Exact current item/source relationship with mandatory completeness audit.,None identified,,Classic-retained,,Official EQL patches and current EQL Wiki with classic comparison,Current EQL values populated from exact item/NPC pages or official patch notes. Classic fields populated only for matched classic-retained items.,EQL-LOOT-1.0,loot,Active,,B19-NAJ-068,,,No,Yes,,,,,,,,,,,,,Linara Parlone,,,,,,,Indoor Dungeon / Laboratory / Prison,,,,,,,,,,,,,,,,,,,,,,,,,,,,,,,,,Open World,Open World,,,,,,,,,,,NPC Corpse,,,,,,,,,,,,,,,,,,,,,,,,,,,,,,,,,,,,,,,,,,,,,,,,,,,,,,,,,No,,,,,,,,,,,,,,,,,,,,Available,,,,,Confirmed,Unconfirmed,,Keep,Current EQL and classic restrictions compared.,,,B19-NAJ,
B19-NAJ-069,19,Antonica,Najena,High Elf Parts,Quest / Utility,,No,Yes,,,,,,,NONE,NONE,,,,,,Linara Parlone,,,,,,,,,,,,,,,,,Classic-retained,,Current EQL research batch,,,,,,,,"Notable equipment, access item, quest component, tradeskill item, or EQL-added drop.",Exact documented source,Core,High for active rows; incomplete or disputed rows quarantined,https://eqlwiki.com/Category%3ANajena,https://eqlwiki.com/Najena_(NPC); classic EverQuest baseline,,Yes,1,Quest component,Quest component,NONE,NONE,,,Current EQL documentation audited,Add,,Yes,Yes,,Compared,Compared,Compared,,,,,2026-07-28,,,,Yes,,Reviewed,No direct-build observation,C,Exact current item/source relationship with mandatory completeness audit.,None identified,,Classic-retained,,Official EQL patches and current EQL Wiki with classic comparison,Current EQL values populated from exact item/NPC pages or official patch notes. Classic fields populated only for matched classic-retained items.,EQL-LOOT-1.0,loot,Active,,B19-NAJ-069,,,No,Yes,,,,,,,,,,,,,Linara Parlone,,,,,,,Indoor Dungeon / Laboratory / Prison,,,,,,,,,,,,,,,,,,,,,,,,,,,,,,,,,Open World,Open World,,,,,,,,,,,NPC Corpse,,,,,,,,,,,,,,,,,,,,,,,,,,,,,,,,,,,,,,,,,,,,,,,,,,,,,,,,,No,,,,,,,,,,,,,,,,,,,,Available,,,,,Confirmed,Unconfirmed,,Keep,Current EQL and classic restrictions compared.,,,B19-NAJ,
B19-NAJ-070,19,Antonica,Najena,Elven Blood,Quest / Utility,,No,Yes,,,,,,,NONE,NONE,,,,,,Linara Parlone,,,,,,,,,,,,,,,,,Classic-retained,,Current EQL research batch,,,,,,,,"Notable equipment, access item, quest component, tradeskill item, or EQL-added drop.",Exact documented source,Core,High for active rows; incomplete or disputed rows quarantined,https://eqlwiki.com/Category%3ANajena,https://eqlwiki.com/Najena_(NPC); classic EverQuest baseline,,Yes,1,Quest component,Quest component,NONE,NONE,,,Current EQL documentation audited,Add,,Yes,Yes,,Compared,Compared,Compared,,,,,2026-07-28,,,,Yes,,Reviewed,No direct-build observation,C,Exact current item/source relationship with mandatory completeness audit.,None identified,,Classic-retained,,Official EQL patches and current EQL Wiki with classic comparison,Current EQL values populated from exact item/NPC pages or official patch notes. Classic fields populated only for matched classic-retained items.,EQL-LOOT-1.0,loot,Active,,B19-NAJ-070,,,No,Yes,,,,,,,,,,,,,Linara Parlone,,,,,,,Indoor Dungeon / Laboratory / Prison,,,,,,,,,,,,,,,,,,,,,,,,,,,,,,,,,Open World,Open World,,,,,,,,,,,NPC Corpse,,,,,,,,,,,,,,,,,,,,,,,,,,,,,,,,,,,,,,,,,,,,,,,,,,,,,,,,,No,,,,,,,,,,,,,,,,,,,,Available,,,,,Confirmed,Unconfirmed,,Keep,Current EQL and classic restrictions compared.,,,B19-NAJ,
B19-NAJ-071,19,Antonica,Najena,A Stein,Quest / Utility,,No,Yes,,,,,,,All,All,,,,,,Linara Parlone,,,,,,,,,,,,,,,,,Classic-retained,,Current EQL research batch,,,,,,,,"Notable equipment, access item, quest component, tradeskill item, or EQL-added drop.",Exact documented source,Core,High for active rows; incomplete or disputed rows quarantined,https://eqlwiki.com/Category%3ANajena,https://eqlwiki.com/Najena_(NPC); classic EverQuest baseline,,Yes,1,Inventory focus component,Inventory focus component,All,All,,,Current EQL documentation audited,Add,,Yes,Yes,,Compared,Compared,Compared,,,,,2026-07-28,,,,Yes,,Reviewed,No direct-build observation,C,Exact current item/source relationship with mandatory completeness audit.,None identified,,Classic-retained,,Official EQL patches and current EQL Wiki with classic comparison,Current EQL values populated from exact item/NPC pages or official patch notes. Classic fields populated only for matched classic-retained items.,EQL-LOOT-1.0,loot,Active,,B19-NAJ-071,,,No,Yes,,,,,,,,,,,,,Linara Parlone,,,,,,,Indoor Dungeon / Laboratory / Prison,,,,,,,,,,,,,,,,,,,,,,,,,,,,,,,,,Open World,Open World,,,,,,,,,,,NPC Corpse,,,,,,,,,,,,,,,,,,,,,,,,,,,,,,,,,,,,,,,,,,,,,,,,,,,,,,,,,No,,,,,,,,,,,,,,,,,,,,Available,,,,,Confirmed,Unconfirmed,,Keep,Current EQL and classic restrictions compared.,,,B19-NAJ,
B19-NAJ-072,19,Antonica,Najena,A Broom,Equipment,Primary,Yes,No,,,,,,,All,All,,3,35,1H Blunt,,Linara Parlone,,,,,,,,,,,,,,,,,Classic-retained,,Current EQL research batch,,,,,,,,"Notable equipment, access item, quest component, tradeskill item, or EQL-added drop.",Exact documented source,Core,High for active rows; incomplete or disputed rows quarantined,https://eqlwiki.com/Category%3ANajena,https://eqlwiki.com/Najena_(NPC); classic EverQuest baseline,,Yes,1,Magician focus component,Magician focus component,All,All,,,Current EQL documentation audited,Add,,Yes,Yes,,Compared,Compared,Compared,,,,,2026-07-28,,,,Yes,,Reviewed,No direct-build observation,C,Exact current item/source relationship with mandatory completeness audit.,None identified,,Classic-retained,,Official EQL patches and current EQL Wiki with classic comparison,Current EQL values populated from exact item/NPC pages or official patch notes. Classic fields populated only for matched classic-retained items.,EQL-LOOT-1.0,loot,Active,,B19-NAJ-072,,,Yes,Yes,,,,,,,,,,,,,Linara Parlone,,,,,,,Indoor Dungeon / Laboratory / Prison,,,,,,,,,,,,,,,,,,,,,,,,,,,,,,,,,Open World,Open World,,,,,,,,,,,NPC Corpse,,,,,,,,,,,,,,,,,,,,,,,,,,,,,,,,,,,,,,,,,,,,,,,,,,,,,,,,,No,,,,,,,,,,,,,,,,,,,,Available,,,,,Confirmed,Unconfirmed,,Keep,Current EQL and classic restrictions compared.,,,B19-NAJ,
B19-NAJ-073,19,Antonica,Najena,A Shovel,Equipment,Primary; Secondary,Yes,No,,,,,,,All,All,,4,27,2H Blunt,,Linara Parlone,,,,,,,,,,,,,,,,,Classic-retained,,Current EQL research batch,,,,,,,,"Notable equipment, access item, quest component, tradeskill item, or EQL-added drop.",Exact documented source,Core,High for active rows; incomplete or disputed rows quarantined,https://eqlwiki.com/Category%3ANajena,https://eqlwiki.com/Najena_(NPC); classic EverQuest baseline,,Yes,1,No additional stats documented,No additional stats documented,All,All,,,Current EQL documentation audited,Add,,Yes,Yes,,Compared,Compared,Compared,,,,,2026-07-28,,,,Yes,,Reviewed,No direct-build observation,C,Exact current item/source relationship with mandatory completeness audit.,None identified,,Classic-retained,,Official EQL patches and current EQL Wiki with classic comparison,Current EQL values populated from exact item/NPC pages or official patch notes. Classic fields populated only for matched classic-retained items.,EQL-LOOT-1.0,loot,Active,,B19-NAJ-073,,,Yes,Yes,,,,,,,,,,,,,Linara Parlone,,,,,,,Indoor Dungeon / Laboratory / Prison,,,,,,,,,,,,,,,,,,,,,,,,,,,,,,,,,Open World,Open World,,,,,,,,,,,NPC Corpse,,,,,,,,,,,,,,,,,,,,,,,,,,,,,,,,,,,,,,,,,,,,,,,,,,,,,,,,,No,,,,,,,,,,,,,,,,,,,,Available,,,,,Confirmed,Unconfirmed,,Keep,Current EQL and classic restrictions compared.,,,B19-NAJ,
B19-NAJ-074,19,Antonica,Najena,A Broom,Equipment,Primary,Yes,No,,,,,,,All,All,,3,35,1H Blunt,,Dark-boned Skeleton,,,,,,,,,,,,,,,,,Classic-retained,,Current EQL research batch,,,,,,,,"Notable equipment, access item, quest component, tradeskill item, or EQL-added drop.",Exact documented source,Core,High for active rows; incomplete or disputed rows quarantined,https://eqlwiki.com/Category%3ANajena,https://eqlwiki.com/Najena_(NPC); classic EverQuest baseline,,Yes,1,Magician focus component,Magician focus component,All,All,,,Current EQL documentation audited,Add,,Yes,Yes,,Compared,Compared,Compared,,,,,2026-07-28,,,,Yes,,Reviewed,No direct-build observation,C,Exact current item/source relationship with mandatory completeness audit.,None identified,,Classic-retained,,Official EQL patches and current EQL Wiki with classic comparison,Current EQL values populated from exact item/NPC pages or official patch notes. Classic fields populated only for matched classic-retained items.,EQL-LOOT-1.0,loot,Active,,B19-NAJ-074,,,Yes,Yes,,,,,,,,,,,,,Dark-boned Skeleton,,,,,,,Indoor Dungeon / Laboratory / Prison,,,,,,,,,,,,,,,,,,,,,,,,,,,,,,,,,Open World,Open World,,,,,,,,,,,NPC Corpse,,,,,,,,,,,,,,,,,,,,,,,,,,,,,,,,,,,,,,,,,,,,,,,,,,,,,,,,,No,,,,,,,,,,,,,,,,,,,,Available,,,,,Confirmed,Unconfirmed,,Keep,Current EQL and classic restrictions compared.,,,B19-NAJ,
B19-NAJ-075,19,Antonica,Najena,Shovel,Equipment,Primary,Yes,No,,,,,,,All,All,,4,27,2H Blunt,,Dark-boned Skeleton,,,,,,,,,,,,,,,,,Classic-retained,,Current EQL research batch,,,,,,,,"Notable equipment, access item, quest component, tradeskill item, or EQL-added drop.",Exact documented source,Core,High for active rows; incomplete or disputed rows quarantined,https://eqlwiki.com/Category%3ANajena,https://eqlwiki.com/Najena_(NPC); classic EverQuest baseline,,Yes,1,No additional stats documented,No additional stats documented,All,All,,,Current EQL documentation audited,Add,,Yes,Yes,,Compared,Compared,Compared,,,,,2026-07-28,,,,Yes,,Reviewed,No direct-build observation,C,Exact current item/source relationship with mandatory completeness audit.,None identified,,Classic-retained,,Official EQL patches and current EQL Wiki with classic comparison,Current EQL values populated from exact item/NPC pages or official patch notes. Classic fields populated only for matched classic-retained items.,EQL-LOOT-1.0,loot,Active,,B19-NAJ-075,,,Yes,Yes,,,,,,,,,,,,,Dark-boned Skeleton,,,,,,,Indoor Dungeon / Laboratory / Prison,,,,,,,,,,,,,,,,,,,,,,,,,,,,,,,,,Open World,Open World,,,,,,,,,,,NPC Corpse,,,,,,,,,,,,,,,,,,,,,,,,,,,,,,,,,,,,,,,,,,,,,,,,,,,,,,,,,No,,,,,,,,,,,,,,,,,,,,Available,,,,,Confirmed,Unconfirmed,,Keep,Current EQL and classic restrictions compared.,,,B19-NAJ,
B19-NAJ-076,19,Antonica,Najena,Torch,Equipment,Primary,Yes,No,,,,,,,All,All,,3,28,1H Blunt,,Dark-boned Skeleton,,,,,,,,,,,,,,,,,Classic-retained,,Current EQL research batch,,,,,,,,"Notable equipment, access item, quest component, tradeskill item, or EQL-added drop.",Exact documented source,Core,High for active rows; incomplete or disputed rows quarantined,https://eqlwiki.com/Category%3ANajena,https://eqlwiki.com/Najena_(NPC); classic EverQuest baseline,,Yes,1,Magician focus component,Magician focus component,All,All,,,Current EQL documentation audited,Add,,Yes,Yes,,Compared,Compared,Compared,,,,,2026-07-28,,,,Yes,,Reviewed,No direct-build observation,C,Exact current item/source relationship with mandatory completeness audit.,None identified,,Classic-retained,,Official EQL patches and current EQL Wiki with classic comparison,Current EQL values populated from exact item/NPC pages or official patch notes. Classic fields populated only for matched classic-retained items.,EQL-LOOT-1.0,loot,Active,,B19-NAJ-076,,,Yes,Yes,,,,,,,,,,,,,Dark-boned Skeleton,,,,,,,Indoor Dungeon / Laboratory / Prison,,,,,,,,,,,,,,,,,,,,,,,,,,,,,,,,,Open World,Open World,,,,,,,,,,,NPC Corpse,,,,,,,,,,,,,,,,,,,,,,,,,,,,,,,,,,,,,,,,,,,,,,,,,,,,,,,,,No,,,,,,,,,,,,,,,,,,,,Available,,,,,Confirmed,Unconfirmed,,Keep,Current EQL and classic restrictions compared.,,,B19-NAJ,
B19-NAJ-077,19,Antonica,Najena,Darkbone Marrow,Quest / Utility,,No,Yes,,,,,,,NONE,NONE,,,,,,Dark-boned Skeleton,,,,,,,,,,,,,,,,,Classic-retained,,Current EQL research batch,,,,,,,,"Notable equipment, access item, quest component, tradeskill item, or EQL-added drop.",Exact documented source,Core,High for active rows; incomplete or disputed rows quarantined,https://eqlwiki.com/Category%3ANajena,https://eqlwiki.com/Najena_(NPC); classic EverQuest baseline,,Yes,1,Quest component,Quest component,NONE,NONE,,,Current EQL documentation audited,Add,,Yes,Yes,,Compared,Compared,Compared,,,,,2026-07-28,,,,Yes,,Reviewed,No direct-build observation,C,Exact current item/source relationship with mandatory completeness audit.,None identified,,Classic-retained,,Official EQL patches and current EQL Wiki with classic comparison,Current EQL values populated from exact item/NPC pages or official patch notes. Classic fields populated only for matched classic-retained items.,EQL-LOOT-1.0,loot,Active,,B19-NAJ-077,,,No,Yes,,,,,,,,,,,,,Dark-boned Skeleton,,,,,,,Indoor Dungeon / Laboratory / Prison,,,,,,,,,,,,,,,,,,,,,,,,,,,,,,,,,Open World,Open World,,,,,,,,,,,NPC Corpse,,,,,,,,,,,,,,,,,,,,,,,,,,,,,,,,,,,,,,,,,,,,,,,,,,,,,,,,,No,,,,,,,,,,,,,,,,,,,,Available,,,,,Confirmed,Unconfirmed,,Keep,Current EQL and classic restrictions compared.,,,B19-NAJ,
B19-NAJ-078,19,Antonica,Najena,Torn Page of Mastery Earth,Quest / Utility,,No,Yes,,,Yes,,,,NONE,NONE,,,,,,Dark-boned Skeleton,,,,,,,,,,,,,,,,,Classic-retained,,Current EQL research batch,,,,,,,,"Notable equipment, access item, quest component, tradeskill item, or EQL-added drop.",Exact documented source,Core,High for active rows; incomplete or disputed rows quarantined,https://eqlwiki.com/Category%3ANajena,https://eqlwiki.com/Najena_(NPC); classic EverQuest baseline,,Yes,1,Lore/No Drop magician quest component,Lore/No Drop magician quest component,NONE,NONE,,,Current EQL documentation audited,Add,,Yes,Yes,,Compared,Compared,Compared,,,,,2026-07-28,,,,Yes,,Reviewed,No direct-build observation,C,Exact current item/source relationship with mandatory completeness audit.,None identified,,Classic-retained,,Official EQL patches and current EQL Wiki with classic comparison,Current EQL values populated from exact item/NPC pages or official patch notes. Classic fields populated only for matched classic-retained items.,EQL-LOOT-1.0,loot,Active,,B19-NAJ-078,,,No,Yes,,,,,,,,,,,,,Dark-boned Skeleton,,,,,,,Indoor Dungeon / Laboratory / Prison,,,,,,,,,,,,,,,,,,,,,,,,,,,,,,,,,Open World,Open World,,,,,,,,,,,NPC Corpse,,,,,,,,,,,,,,,,,,,,,,,,,,,,,,,,,,,,,,,,,,,,,,,,,,,,,,,,,No,,,,,,,,,,,,,,,,,,,,Available,,,,,Confirmed,Unconfirmed,,Keep,Current EQL and classic restrictions compared.,,,B19-NAJ,
B19-NAJ-079,19,Antonica,Najena,Torn Page of Mastery Wind,Quest / Utility,,No,Yes,,,Yes,,,,NONE,NONE,,,,,,Dark-boned Skeleton,,,,,,,,,,,,,,,,,Classic-retained,,Current EQL research batch,,,,,,,,"Notable equipment, access item, quest component, tradeskill item, or EQL-added drop.",Exact documented source,Core,High for active rows; incomplete or disputed rows quarantined,https://eqlwiki.com/Category%3ANajena,https://eqlwiki.com/Najena_(NPC); classic EverQuest baseline,,Yes,1,Lore/No Drop magician quest component,Lore/No Drop magician quest component,NONE,NONE,,,Current EQL documentation audited,Add,,Yes,Yes,,Compared,Compared,Compared,,,,,2026-07-28,,,,Yes,,Reviewed,No direct-build observation,C,Exact current item/source relationship with mandatory completeness audit.,None identified,,Classic-retained,,Official EQL patches and current EQL Wiki with classic comparison,Current EQL values populated from exact item/NPC pages or official patch notes. Classic fields populated only for matched classic-retained items.,EQL-LOOT-1.0,loot,Active,,B19-NAJ-079,,,No,Yes,,,,,,,,,,,,,Dark-boned Skeleton,,,,,,,Indoor Dungeon / Laboratory / Prison,,,,,,,,,,,,,,,,,,,,,,,,,,,,,,,,,Open World,Open World,,,,,,,,,,,NPC Corpse,,,,,,,,,,,,,,,,,,,,,,,,,,,,,,,,,,,,,,,,,,,,,,,,,,,,,,,,,No,,,,,,,,,,,,,,,,,,,,Available,,,,,Confirmed,Unconfirmed,,Keep,Current EQL and classic restrictions compared.,,,B19-NAJ,
B19-NAJ-080,19,Antonica,Najena,Froglok Blood,Quest / Utility,,No,Yes,,,,,,,NONE,NONE,,,,,,A Froglok Ghoul,,,,,,,,,,,,,,,,,Classic-retained,,Current EQL research batch,,,,,,,,"Notable equipment, access item, quest component, tradeskill item, or EQL-added drop.",Exact documented source,Core,High for active rows; incomplete or disputed rows quarantined,https://eqlwiki.com/Category%3ANajena,https://eqlwiki.com/Najena_(NPC); classic EverQuest baseline,,Yes,1,Tradeskill or quest component,Tradeskill or quest component,NONE,NONE,,,Current EQL documentation audited,Add,,Yes,Yes,,Compared,Compared,Compared,,,,,2026-07-28,,,,Yes,,Reviewed,No direct-build observation,C,Exact current item/source relationship with mandatory completeness audit.,None identified,,Classic-retained,,Official EQL patches and current EQL Wiki with classic comparison,Current EQL values populated from exact item/NPC pages or official patch notes. Classic fields populated only for matched classic-retained items.,EQL-LOOT-1.0,loot,Active,,B19-NAJ-080,,,No,Yes,,,,,,,,,,,,,A Froglok Ghoul,,,,,,,Indoor Dungeon / Laboratory / Prison,,,,,,,,,,,,,,,,,,,,,,,,,,,,,,,,,Open World,Open World,,,,,,,,,,,NPC Corpse,,,,,,,,,,,,,,,,,,,,,,,,,,,,,,,,,,,,,,,,,,,,,,,,,,,,,,,,,No,,,,,,,,,,,,,,,,,,,,Available,,,,,Confirmed,Unconfirmed,,Keep,Current EQL and classic restrictions compared.,,,B19-NAJ,
B19-NAJ-081,19,Antonica,Najena,Froglok Meat,Quest / Utility,,No,Yes,,,,,,,NONE,NONE,,,,,,A Froglok Ghoul,,,,,,,,,,,,,,,,,Classic-retained,,Current EQL research batch,,,,,,,,"Notable equipment, access item, quest component, tradeskill item, or EQL-added drop.",Exact documented source,Core,High for active rows; incomplete or disputed rows quarantined,https://eqlwiki.com/Category%3ANajena,https://eqlwiki.com/Najena_(NPC); classic EverQuest baseline,,Yes,1,Tradeskill component,Tradeskill component,NONE,NONE,,,Current EQL documentation audited,Add,,Yes,Yes,,Compared,Compared,Compared,,,,,2026-07-28,,,,Yes,,Reviewed,No direct-build observation,C,Exact current item/source relationship with mandatory completeness audit.,None identified,,Classic-retained,,Official EQL patches and current EQL Wiki with classic comparison,Current EQL values populated from exact item/NPC pages or official patch notes. Classic fields populated only for matched classic-retained items.,EQL-LOOT-1.0,loot,Active,,B19-NAJ-081,,,No,Yes,,,,,,,,,,,,,A Froglok Ghoul,,,,,,,Indoor Dungeon / Laboratory / Prison,,,,,,,,,,,,,,,,,,,,,,,,,,,,,,,,,Open World,Open World,,,,,,,,,,,NPC Corpse,,,,,,,,,,,,,,,,,,,,,,,,,,,,,,,,,,,,,,,,,,,,,,,,,,,,,,,,,No,,,,,,,,,,,,,,,,,,,,Available,,,,,Confirmed,Unconfirmed,,Keep,Current EQL and classic restrictions compared.,,,B19-NAJ,
B19-NAJ-082,19,Antonica,Najena,Spider Silk,Quest / Utility,,No,Yes,,,,,,,NONE,NONE,,,,,,Giant Black Widow Population,,,,,,,,,,,,,,,,,Classic-retained,,Current EQL research batch,,,,,,,,"Notable equipment, access item, quest component, tradeskill item, or EQL-added drop.",Exact documented source,Core,High for active rows; incomplete or disputed rows quarantined,https://eqlwiki.com/Category%3ANajena,https://eqlwiki.com/Najena_(NPC); classic EverQuest baseline,,Yes,1,Tradeskill component,Tradeskill component,NONE,NONE,,,Current EQL documentation audited,Add,,Yes,Yes,,Compared,Compared,Compared,,,,,2026-07-28,,,,Yes,,Reviewed,No direct-build observation,C,Exact current item/source relationship with mandatory completeness audit.,None identified,,Classic-retained,,Official EQL patches and current EQL Wiki with classic comparison,Current EQL values populated from exact item/NPC pages or official patch notes. Classic fields populated only for matched classic-retained items.,EQL-LOOT-1.0,loot,Active,,B19-NAJ-082,,,No,Yes,,,,,,,,,,,,,Giant Black Widow Population,,,,,,,Indoor Dungeon / Laboratory / Prison,,,,,,,,,,,,,,,,,,,,,,,,,,,,,,,,,Open World,Open World,,,,,,,,,,,NPC Corpse,,,,,,,,,,,,,,,,,,,,,,,,,,,,,,,,,,,,,,,,,,,,,,,,,,,,,,,,,No,,,,,,,,,,,,,,,,,,,,Available,,,,,Confirmed,Unconfirmed,,Keep,Current EQL and classic restrictions compared.,,,B19-NAJ,
B19-NAJ-083,19,Antonica,Najena,Spider Legs,Quest / Utility,,No,Yes,,,,,,,NONE,NONE,,,,,,Giant Black Widow Population,,,,,,,,,,,,,,,,,Classic-retained,,Current EQL research batch,,,,,,,,"Notable equipment, access item, quest component, tradeskill item, or EQL-added drop.",Exact documented source,Core,High for active rows; incomplete or disputed rows quarantined,https://eqlwiki.com/Category%3ANajena,https://eqlwiki.com/Najena_(NPC); classic EverQuest baseline,,Yes,1,Food or tradeskill component,Food or tradeskill component,NONE,NONE,,,Current EQL documentation audited,Add,,Yes,Yes,,Compared,Compared,Compared,,,,,2026-07-28,,,,Yes,,Reviewed,No direct-build observation,C,Exact current item/source relationship with mandatory completeness audit.,None identified,,Classic-retained,,Official EQL patches and current EQL Wiki with classic comparison,Current EQL values populated from exact item/NPC pages or official patch notes. Classic fields populated only for matched classic-retained items.,EQL-LOOT-1.0,loot,Active,,B19-NAJ-083,,,No,Yes,,,,,,,,,,,,,Giant Black Widow Population,,,,,,,Indoor Dungeon / Laboratory / Prison,,,,,,,,,,,,,,,,,,,,,,,,,,,,,,,,,Open World,Open World,,,,,,,,,,,NPC Corpse,,,,,,,,,,,,,,,,,,,,,,,,,,,,,,,,,,,,,,,,,,,,,,,,,,,,,,,,,No,,,,,,,,,,,,,,,,,,,,Available,,,,,Confirmed,Unconfirmed,,Keep,Current EQL and classic restrictions compared.,,,B19-NAJ,
B19-NAJ-ENC-001,19,Antonica,Najena,Entrance Tentacle-Terror Population,,,,,,,,,,,,,,,,,,,,,,,,,,,,,,,,,,,,,Current EQL research batch,,,,,,,,,,Supplemental,High for active rows; incomplete or disputed rows quarantined,https://eqlwiki.com/Category%3ANajena,https://eqlwiki.com/Najena_(NPC); classic EverQuest baseline,,Yes,1,,,,,,,Current EQL documentation audited,Add,,,,,,,,,,,,2026-07-28,,,,Yes,,Reviewed,No direct-build observation,C,"Current zone, NPC, item, map, or official patch documentation.",Not applicable,,,,Official EQL patches and current EQL Wiki with classic comparison,,EQL-LOOT-1.0,encounter_metadata,Metadata,,B19-NAJ-ENC-001,,,No,No,Encounter metadata; excluded from ordinary loot results.,,,,,,,,,,,,,,,Najena,,,,Indoor Dungeon / Laboratory / Prison,,,,,,Entrance halls,,,,Entrance Tentacle-Terror Population,Shared Population,,,,,,,,,,,,,,,,,,,,,,Open World,Open World,,,,,,,,,,,,,,,,,,,,,,,,,,,,,,,,,,,,,,,,,,,,,,,,,,,,,,,,,,,,,,,,,,,,No,,,,,,,,,,,,,,,,,,,,Available,,,,,Confirmed,Unconfirmed,,,,,,B19-NAJ-ENTRY,
B19-NAJ-ENC-002,19,Antonica,Najena,Tentacle Terror,,,,,,,,,,,,,,,,,,,,,,,,,,,,,Knockback,,,,,,,,Current EQL research batch,,,,,,,,,,Supplemental,High for active rows; incomplete or disputed rows quarantined,https://eqlwiki.com/Category%3ANajena,https://eqlwiki.com/Najena_(NPC); classic EverQuest baseline,,Yes,1,,,,,,20-22,Current EQL documentation audited,Add,,,,,,,,,,,,2026-07-28,,,,Yes,,Reviewed,No direct-build observation,C,"Current zone, NPC, item, map, or official patch documentation.",Not applicable,,,,Official EQL patches and current EQL Wiki with classic comparison,,EQL-LOOT-1.0,encounter_metadata,Metadata,,B19-NAJ-ENC-002,,,No,No,Encounter metadata; excluded from ordinary loot results.,,,,,,,,,,,,,,,Najena,,,,Indoor Dungeon / Laboratory / Prison,,,,,,Four documented spawn points,,,,Tentacle Terror,Named / Rare Encounter,,,,,,,,,,,,,,,,,,,,,,Open World,Open World,,,,,,,,,,,,,,,,,,,,,,,,,,,,,,,,,,,,,,,,,,,,,,,,,,,,,,,,,,,,,,,,,,,,No,,,,,,,,,,,,,,,,,,,,Available,,,,,Confirmed,Unconfirmed,,,,,,B19-NAJ-ENTRY,
B19-NAJ-ENC-003,19,Antonica,Najena,Torture-Room Population,,,,,,,,,,,,,,,,,,,,,,,,,,,,,,,,,,,,,Current EQL research batch,,,,,,,,,,Supplemental,High for active rows; incomplete or disputed rows quarantined,https://eqlwiki.com/Category%3ANajena,https://eqlwiki.com/Najena_(NPC); classic EverQuest baseline,,Yes,1,,,,,,,Current EQL documentation audited,Add,,,,,,,,,,,,2026-07-28,,,,Yes,,Reviewed,No direct-build observation,C,"Current zone, NPC, item, map, or official patch documentation.",Not applicable,,,,Official EQL patches and current EQL Wiki with classic comparison,,EQL-LOOT-1.0,encounter_metadata,Metadata,,B19-NAJ-ENC-003,,,No,No,Encounter metadata; excluded from ordinary loot results.,,,,,,,,,,,,,,,Najena,,,,Indoor Dungeon / Laboratory / Prison,,,,,,Torture room,,,,Torture-Room Population,Shared Population,,,,,,,,,,,,,,,,,,,,,,Open World,Open World,,,,,,,,,,,,,,,,,,,,,,,,,,,,,,,,,,,,,,,,,,,,,,,,,,,,,,,,,,,,,,,,,,,,No,,,,,,,,,,,,,,,,,,,,Available,,,,,Confirmed,Unconfirmed,,,,,,B19-NAJ-TORTURE,
B19-NAJ-ENC-004,19,Antonica,Najena,Crystal-Room Population,,,,,,,,,,,,,,,,,,,,,,,,,,,,,,,,,,,,,Current EQL research batch,,,,,,,,,,Supplemental,High for active rows; incomplete or disputed rows quarantined,https://eqlwiki.com/Category%3ANajena,https://eqlwiki.com/Najena_(NPC); classic EverQuest baseline,,Yes,1,,,,,,,Current EQL documentation audited,Add,,,,,,,,,,,,2026-07-28,,,,Yes,,Reviewed,No direct-build observation,C,"Current zone, NPC, item, map, or official patch documentation.",Not applicable,,,,Official EQL patches and current EQL Wiki with classic comparison,,EQL-LOOT-1.0,encounter_metadata,Metadata,,B19-NAJ-ENC-004,,,No,No,Encounter metadata; excluded from ordinary loot results.,,,,,,,,,,,,,,,Najena,,,,Indoor Dungeon / Laboratory / Prison,,,,,,Crystal room,,,,Crystal-Room Population,Shared Population,,,,,,,,,,,,,,,,,,,,,,Open World,Open World,,,,,,,,,,,,,,,,,,,,,,,,,,,,,,,,,,,,,,,,,,,,,,,,,,,,,,,,,,,,,,,,,,,,No,,,,,,,,,,,,,,,,,,,,Available,,,,,Confirmed,Unconfirmed,,,,,,B19-NAJ-TORTURE,
B19-NAJ-ENC-005,19,Antonica,Najena,Goblin Magician Population,,,,,,,,,,,,,,,,,,,,,,,,,,,,,,,,,,,,,Current EQL research batch,,,,,,,,,,Supplemental,High for active rows; incomplete or disputed rows quarantined,https://eqlwiki.com/Category%3ANajena,https://eqlwiki.com/Najena_(NPC); classic EverQuest baseline,,Yes,1,,,,,,,Current EQL documentation audited,Add,,,,,,,,,,,,2026-07-28,,,,Yes,,Reviewed,No direct-build observation,C,"Current zone, NPC, item, map, or official patch documentation.",Not applicable,,,,Official EQL patches and current EQL Wiki with classic comparison,,EQL-LOOT-1.0,encounter_metadata,Metadata,,B19-NAJ-ENC-005,,,No,No,Encounter metadata; excluded from ordinary loot results.,,,,,,,,,,,,,,,Najena,,,,Indoor Dungeon / Laboratory / Prison,,,,,,Magician wing,,,,Goblin Magician Population,Caster Population,,,,,,,,,,,,,,,,,,,,,,Open World,Open World,,,,,,,,,,,,,,,,,,,,,,,,,,,,,,,,,,,,,,,,,,,,,,,,,,,,,,,,,,,,,,,,,,,,No,,,,,,,,,,,,,,,,,,,,Available,,,,,Confirmed,Unconfirmed,,,,,,B19-NAJ-MAGE,
B19-NAJ-ENC-006,19,Antonica,Najena,Magician Key-Room Population,,,,,,,,,,,,,,,,,,,,,,,,,,,,,,,,,,,,,Current EQL research batch,,,,,,,,,,Supplemental,High for active rows; incomplete or disputed rows quarantined,https://eqlwiki.com/Category%3ANajena,https://eqlwiki.com/Najena_(NPC); classic EverQuest baseline,,Yes,1,,,,,,,Current EQL documentation audited,Add,,,,,,,,,,,,2026-07-28,,,,Yes,,Reviewed,No direct-build observation,C,"Current zone, NPC, item, map, or official patch documentation.",Not applicable,,,,Official EQL patches and current EQL Wiki with classic comparison,,EQL-LOOT-1.0,encounter_metadata,Metadata,,B19-NAJ-ENC-006,,,No,No,Encounter metadata; excluded from ordinary loot results.,,,,,,,,,,,,,,,Najena,,,,Indoor Dungeon / Laboratory / Prison,,,,,,Shiny Metal Key room,,,,Magician Key-Room Population,Caster / Key Research Population,,,,,,,,,,,,,,,,,,,,,,Open World,Open World,,,,,,,,,,,,,,,,,,,,,,,,,,,,,,,,,,,,,,,,,,,,,,,,,,,,,,,,,,,,,,,,,,,,No,,,,,,,,,,,,,,,,,,,,Available,,,,,Confirmed,Unconfirmed,,,,,,B19-NAJ-MAGE,
B19-NAJ-ENC-007,19,Antonica,Najena,Trazdon,,,,,,,,,,,,,,,,,,,,,,,,,,,,,,,,,,,,,Current EQL research batch,,,,,,,,,,Supplemental,High for active rows; incomplete or disputed rows quarantined,https://eqlwiki.com/Category%3ANajena,https://eqlwiki.com/Najena_(NPC); classic EverQuest baseline,,Yes,1,,,,,,,Current EQL documentation audited,Add,,,,,,,,,,,,2026-07-28,,,,Yes,,Reviewed,No direct-build observation,C,"Current zone, NPC, item, map, or official patch documentation.",Not applicable,,,,Official EQL patches and current EQL Wiki with classic comparison,,EQL-LOOT-1.0,encounter_metadata,Metadata,,B19-NAJ-ENC-007,,,No,No,Encounter metadata; excluded from ordinary loot results.,,,,,,,,,,,,,,,Najena,,,,Indoor Dungeon / Laboratory / Prison,,,,,,Magician wing,,,,Trazdon,Named Necromancer,,,,,,,,,,,,,,,,,,,,,,Open World,Open World,,,,,,,,,,,,,,,,,,,,,,,,,,,,,,,,,,,,,,,,,,,,,,,,,,,,,,,,,,,,,,,,,,,,No,,,,,,,,,,,,,,,,,,,,Available,,,,,Confirmed,Unconfirmed,,,,,,B19-NAJ-MAGE,
B19-NAJ-ENC-008,19,Antonica,Najena,BoneCracker,,,,,,,,,,,,,,,,,,,,,,,,,,,,,,,,,,,,,Current EQL research batch,,,,,,,,,,Supplemental,High for active rows; incomplete or disputed rows quarantined,https://eqlwiki.com/Category%3ANajena,https://eqlwiki.com/Najena_(NPC); classic EverQuest baseline,,Yes,1,,,,,,24,Current EQL documentation audited,Add,,,,,,,,,,,,2026-07-28,,,,Yes,,Reviewed,No direct-build observation,C,"Current zone, NPC, item, map, or official patch documentation.",Not applicable,,,,Official EQL patches and current EQL Wiki with classic comparison,,EQL-LOOT-1.0,encounter_metadata,Metadata,,B19-NAJ-ENC-008,,,No,No,Encounter metadata; excluded from ordinary loot results.,,,,,,,,,,,,,,,Najena,,,,Indoor Dungeon / Laboratory / Prison,,,,,,Bonecracker room,,,,BoneCracker,Named Ogre,,,,,,,,,,,,,,,,,,,,,,Open World,Open World,,,,,,,,,,,,,,,,,,,,,,,,,,,,,,,,,,,,,,,,,,,,,,,,,,,,,,,,,,,,,,,,,,,,No,,,,,,,,,,,,,,,,,,,,Available,,,,,Confirmed,Unconfirmed,,,,,,B19-NAJ-MAGE,
B19-NAJ-ENC-009,19,Antonica,Najena,Ogre Guard Population,,,,,,,,,,,,,,,,,,,,,,,,,,,,,,,,,,,,,Current EQL research batch,,,,,,,,,,Supplemental,High for active rows; incomplete or disputed rows quarantined,https://eqlwiki.com/Category%3ANajena,https://eqlwiki.com/Najena_(NPC); classic EverQuest baseline,,Yes,1,,,,,,,Current EQL documentation audited,Add,,,,,,,,,,,,2026-07-28,,,,Yes,,Reviewed,No direct-build observation,C,"Current zone, NPC, item, map, or official patch documentation.",Not applicable,,,,Official EQL patches and current EQL Wiki with classic comparison,,EQL-LOOT-1.0,encounter_metadata,Metadata,,B19-NAJ-ENC-009,,,No,No,Encounter metadata; excluded from ordinary loot results.,Critical,,,,,,,,,Ogre,,,,,Najena,,,,Indoor Dungeon / Laboratory / Prison,,,,,,Guard complex,,,,Ogre Guard Population,Guard Population,,,,,,,,,,,,,,,,,,,,,,Open World,Open World,,,,,,,,,,,,,,,,,,,,,,,,,,,,,,,,,,,,,,,,,,,,,,,,,,,,,,,,,,,,,,,,,,,,No,,,,,,,,,,,,,,,,,,,,Available,,,,,Confirmed,Unconfirmed,,,,,,B19-NAJ-GUARDS,
B19-NAJ-ENC-010,19,Antonica,Najena,Guard Officer Population,,,,,,,,,,,,,,,,,,,,,,,,,,,,,,,,,,,,,Current EQL research batch,,,,,,,,,,Supplemental,High for active rows; incomplete or disputed rows quarantined,https://eqlwiki.com/Category%3ANajena,https://eqlwiki.com/Najena_(NPC); classic EverQuest baseline,,Yes,1,,,,,,22-25,Current EQL documentation audited,Add,,,,,,,,,,,,2026-07-28,,,,Yes,,Reviewed,No direct-build observation,C,"Current zone, NPC, item, map, or official patch documentation.",Not applicable,,,,Official EQL patches and current EQL Wiki with classic comparison,,EQL-LOOT-1.0,encounter_metadata,Metadata,,B19-NAJ-ENC-010,,,No,No,Encounter metadata; excluded from ordinary loot results.,Critical,,,,,,,,,,,,,,Najena,,,,Indoor Dungeon / Laboratory / Prison,,,,,,Guard captain complex,,,,Guard Officer Population,Guard Population,,,,,,,,,,,,,,,,,,,,,,Open World,Open World,,,,,,,,,,,,,,,,,,,,,,,,,,,,,,,,,,,,,,,,,,,,,,,,,,,,,,,,,,,,,,,,,,,,No,,,,,,,,,,,,,,,,,,,,Available,,,,,Confirmed,Unconfirmed,,,,,,B19-NAJ-GUARDS,
B19-NAJ-ENC-011,19,Antonica,Najena,The Guard Captain,,,,,,,,,,,,,,,,,,,,,,,,,,,,,,,,,,,,,Current EQL research batch,,,,,,,,,,Supplemental,High for active rows; incomplete or disputed rows quarantined,https://eqlwiki.com/Category%3ANajena,https://eqlwiki.com/Najena_(NPC); classic EverQuest baseline,,Yes,1,,,,,,25,Current EQL documentation audited,Add,,,,,,,,,,,,2026-07-28,,,,Yes,,Reviewed,No direct-build observation,C,"Current zone, NPC, item, map, or official patch documentation.",Not applicable,,,,Official EQL patches and current EQL Wiki with classic comparison,,EQL-LOOT-1.0,encounter_metadata,Metadata,,B19-NAJ-ENC-011,,,No,No,Encounter metadata; excluded from ordinary loot results.,Critical,,,,,,,,,Ogre,,,,,Najena,,,,Indoor Dungeon / Laboratory / Prison,,,,,,Guard captain room,,,,The Guard Captain,Named Guard Captain,,,,,,,,,,,,,,33%,,,,,,,,Open World,Open World,,,,,,,,,,,,,,,,,,,,,,,,,,,,,,,,,,,,,,,,,,,,,,,,,,,,,,,,,,,,,,,,,,,,No,,,,,,,,,,,,,,,,,,,,Available,,,,,Confirmed,Unconfirmed,,,,,,B19-NAJ-GUARDS,
B19-NAJ-ENC-012,19,Antonica,Najena,Officer Grush,,,,,,,,,,,,,,,,,,,,,,,,,,,,,,,,,,,,,Current EQL research batch,,,,,,,,,,Supplemental,High for active rows; incomplete or disputed rows quarantined,https://eqlwiki.com/Category%3ANajena,https://eqlwiki.com/Najena_(NPC); classic EverQuest baseline,,Yes,1,,,,,,24,Current EQL documentation audited,Add,,,,,,,,,,,,2026-07-28,,,,Yes,,Reviewed,No direct-build observation,C,"Current zone, NPC, item, map, or official patch documentation.",Not applicable,,,,Official EQL patches and current EQL Wiki with classic comparison,,EQL-LOOT-1.0,encounter_metadata,Metadata,,B19-NAJ-ENC-012,,,No,No,Encounter metadata; excluded from ordinary loot results.,Critical,,,,,,,,,Ogre,,,,,Najena,,,,Indoor Dungeon / Laboratory / Prison,,,,,,"Near -385, 230",,,,Officer Grush,Named Ogre Shaman,,,,,,,,,,,,,,,,,,,,,,Open World,Open World,,,,,,,,,,,,,,,,,,,,,,,,,,,,,,,,,,,,,,,,,,,,,,,,,,,,,,,,,,,,,,,,,,,,No,,,,,,,,,,,,,,,,,,,,Available,,,,,Confirmed,Unconfirmed,,,,,,B19-NAJ-GUARDS,
B19-NAJ-ENC-013,19,Antonica,Najena,A Visiting Priestess,,,,,,,,,,,,,,,,,,,,,,,,,,,,,,,,,,,,,Current EQL research batch,,,,,,,,,,Supplemental,High for active rows; incomplete or disputed rows quarantined,https://eqlwiki.com/Category%3ANajena,https://eqlwiki.com/Najena_(NPC); classic EverQuest baseline,,Yes,1,,,,,,25,Current EQL documentation audited,Add,,,,,,,,,,,,2026-07-28,,,,Yes,,Reviewed,No direct-build observation,C,"Current zone, NPC, item, map, or official patch documentation.",Not applicable,,,,Official EQL patches and current EQL Wiki with classic comparison,,EQL-LOOT-1.0,encounter_metadata,Metadata,,B19-NAJ-ENC-013,,,No,No,Encounter metadata; excluded from ordinary loot results.,,,,,,,,,,,,,,,Najena,,,,Indoor Dungeon / Laboratory / Prison,,,,,,"10% spawn near -493, 170",,,,A Visiting Priestess,Named Priestess,,,,,,,,,,,,,,10%,,,,,,,,Open World,Open World,,,,,,,,,,,,,,,,,,,,,,,,,,,,,,,,,,,,,,,,,,,,,,,,,,,,,,,,,,,,,,,,,,,,No,,,,,,,,,,,,,,,,,,,,Available,,,,,Confirmed,Unconfirmed,,,,,,B19-NAJ-GUARDS,
B19-NAJ-ENC-014,19,Antonica,Najena,Moosh,,,,,,,,,,,,,,,,,,,,,,,,,,,,,,,,,,,,,Current EQL research batch,,,,,,,,,,Supplemental,High for active rows; incomplete or disputed rows quarantined,https://eqlwiki.com/Category%3ANajena,https://eqlwiki.com/Najena_(NPC); classic EverQuest baseline,,Yes,1,,,,,,18,Current EQL documentation audited,Add,,,,,,,,,,,,2026-07-28,,,,Yes,,Reviewed,No direct-build observation,C,"Current zone, NPC, item, map, or official patch documentation.",Not applicable,,,,Official EQL patches and current EQL Wiki with classic comparison,,EQL-LOOT-1.0,encounter_metadata,Metadata,,B19-NAJ-ENC-014,,,No,No,Encounter metadata; excluded from ordinary loot results.,Critical,,,,,,,,,Ogre,,,,,Najena,,,,Indoor Dungeon / Laboratory / Prison,,,,,,"Basement near -6, -92",,,,Moosh,Named Ogre Guard,,,,,,,,,,,,,,9%,,,,,,,,Open World,Open World,,,,,,,,,,,,,,,,,,,,,,,,,,,,,,,,,,,,,,,,,,,,,,,,,,,,,,,,,,,,,,,,,,,,No,,,,,,,,,,,,,,,,,,,,Available,,,,,Confirmed,Unconfirmed,,,,,,B19-NAJ-PRISON,
B19-NAJ-ENC-015,19,Antonica,Najena,Prisoner Population,,,,,,,,,,,,,,,,,,,,,,,,,,,,,,,,,,,,,Current EQL research batch,,,,,,,,,,Supplemental,High for active rows; incomplete or disputed rows quarantined,https://eqlwiki.com/Category%3ANajena,https://eqlwiki.com/Najena_(NPC); classic EverQuest baseline,,Yes,1,,,,,,,Current EQL documentation audited,Add,,,,,,,,,,,,2026-07-28,,,,Yes,,Reviewed,No direct-build observation,C,"Current zone, NPC, item, map, or official patch documentation.",Not applicable,,,,Official EQL patches and current EQL Wiki with classic comparison,,EQL-LOOT-1.0,encounter_metadata,Metadata,,B19-NAJ-ENC-015,,,No,No,Encounter metadata; excluded from ordinary loot results.,Critical,,,,,,,Protected / faction-sensitive NPC,,,,,,,Najena,,,,Indoor Dungeon / Laboratory / Prison,,,,,,Prison,,,,Prisoner Population,Protected / Quest Population,,,,,,,,,,,,,,,,,,,,,,Open World,Open World,,,,,,,,,,,,,,,,,,,,,,,,,,,,,,,,,,,,,,,,,,,,,,,,,,,,,,,,,,,,,,,,,,,,No,,,,,,,,,,,,,,,,,,,,Available,,,,,Confirmed,Unconfirmed,,,,,,B19-NAJ-PRISON,
B19-NAJ-ENC-016,19,Antonica,Najena,Linara Parlone,,,,,,,,,,,,,,,,,,,,,,,,,,,,,,,,,,,,,Current EQL research batch,,,,,,,,,,Supplemental,High for active rows; incomplete or disputed rows quarantined,https://eqlwiki.com/Category%3ANajena,https://eqlwiki.com/Najena_(NPC); classic EverQuest baseline,,Yes,1,,,,,,25,Current EQL documentation audited,Add,,,,,,,,,,,,2026-07-28,,,,Yes,,Reviewed,No direct-build observation,C,"Current zone, NPC, item, map, or official patch documentation.",Not applicable,,,,Official EQL patches and current EQL Wiki with classic comparison,,EQL-LOOT-1.0,encounter_metadata,Metadata,,B19-NAJ-ENC-016,,,No,No,Encounter metadata; excluded from ordinary loot results.,Critical,,,,,,,Protected / faction-sensitive NPC,,,,,,,Najena,,,,Indoor Dungeon / Laboratory / Prison,,,,,,Western jail cell,,,,Linara Parlone,Protected Enchanter,,,,,,,,,,,,,,,,,,,,,,Open World,Open World,,,,,,,,,,,,,,,,,,,,,,,,,,,,,,,,,,,,,,,,,,,,,,,,,,,,,,,,,,,,,,,,,,,,No,,,,,,,,,,,,,,,,,,,,Available,,,,,Confirmed,Unconfirmed,,,,,,B19-NAJ-PRISON,
B19-NAJ-ENC-017,19,Antonica,Najena,An Injured Halfling,,,,,,,,,,,,,,,,,,,,,,,,,,,,,,,,,,,,,Current EQL research batch,,,,,,,,,,Supplemental,High for active rows; incomplete or disputed rows quarantined,https://eqlwiki.com/Category%3ANajena,https://eqlwiki.com/Najena_(NPC); classic EverQuest baseline,,Yes,1,,,,,,,Current EQL documentation audited,Add,,,,,,,,,,,,2026-07-28,,,,Yes,,Reviewed,No direct-build observation,C,"Current zone, NPC, item, map, or official patch documentation.",Not applicable,,,,Official EQL patches and current EQL Wiki with classic comparison,,EQL-LOOT-1.0,encounter_metadata,Metadata,,B19-NAJ-ENC-017,,,No,No,Encounter metadata; excluded from ordinary loot results.,Critical,,,,,,,Protected / faction-sensitive NPC,,,,,,,Najena,,,,Indoor Dungeon / Laboratory / Prison,,,,,,Prison,,,,An Injured Halfling,Protected Prisoner,,,,,,,,,,,,,,,,,,,,,,Open World,Open World,,,,,,,,,,,,,,,,,,,,,,,,,,,,,,,,,,,,,,,,,,,,,,,,,,,,,,,,,,,,,,,,,,,,No,,,,,,,,,,,,,,,,,,,,Available,,,,,Confirmed,Unconfirmed,,,,,,B19-NAJ-PRISON,
B19-NAJ-ENC-018,19,Antonica,Najena,Rathyl,,,,,,,,,,,,,,,,,,,,,,,,,,,19 minutes,,See Invis,,,,,,,,Current EQL research batch,,,,,,,,,,Supplemental,High for active rows; incomplete or disputed rows quarantined,https://eqlwiki.com/Category%3ANajena,https://eqlwiki.com/Najena_(NPC); classic EverQuest baseline,,Yes,1,,,,,,27,Current EQL documentation audited,Add,,,,,,,,,,,,2026-07-28,,,,Yes,,Reviewed,No direct-build observation,C,"Current zone, NPC, item, map, or official patch documentation.",Not applicable,,,,Official EQL patches and current EQL Wiki with classic comparison,,EQL-LOOT-1.0,encounter_metadata,Metadata,,B19-NAJ-ENC-018,,,No,No,Encounter metadata; excluded from ordinary loot results.,,,,,,,,,,Undead,,,,,Najena,,,,Indoor Dungeon / Laboratory / Prison,,,,,,Rathyl chamber,,,,Rathyl,Named Necromancer,,,,,,,,,,,,,,33%,,,,,,,,Open World,Open World,,,,,,,,,,,,,,,,,,,,,,,,,,,,,,,,,,,,,,,,,,,,,,,,,,,,,,,,,,,,,,,,,,,,No,,,,,,,,,,,,,,,,,,,,Available,,,,,Confirmed,Unconfirmed,,,,,,B19-NAJ-RATHYL,
B19-NAJ-ENC-019,19,Antonica,Najena,Rathyl Reincarnate,,,,,,,,,,,,,,,,,,,,,,,,,,,,,,,,,,,,,Current EQL research batch,,,,,,,,,,Supplemental,High for active rows; incomplete or disputed rows quarantined,https://eqlwiki.com/Category%3ANajena,https://eqlwiki.com/Najena_(NPC); classic EverQuest baseline,,Yes,1,,,,,,,Current EQL documentation audited,Add,,,,,,,,,,,,2026-07-28,,,,Yes,,Reviewed,No direct-build observation,C,"Current zone, NPC, item, map, or official patch documentation.",Not applicable,,,,Official EQL patches and current EQL Wiki with classic comparison,,EQL-LOOT-1.0,encounter_metadata,Metadata,,B19-NAJ-ENC-019,,,No,No,Encounter metadata; excluded from ordinary loot results.,,,,,,,,,,Undead,,,,,Najena,,,,Indoor Dungeon / Laboratory / Prison,,,,,,Spawns immediately after Rathyl dies,,,,Rathyl Reincarnate,Triggered Named Encounter,,,,,Killing Rathyl,,,,,,,,,,,,,,,,,Open World,Open World,,,,,,,,,,,,,,,,,,,,,,,,,,,,,,,,,,,,,,,,,,,,,,,,,,,,,,,,,,,,,,,,,,,,No,,,,,,,,,,,,,,,,,,,,Available,,,,,Confirmed,Unconfirmed,,,,,,B19-NAJ-RATHYL,
B19-NAJ-ENC-020,19,Antonica,Najena,Ekeros,,,,,,,,,,,,,,,,,,,,,,,,,,,,,,,,,,,,,Current EQL research batch,,,,,,,,,,Supplemental,High for active rows; incomplete or disputed rows quarantined,https://eqlwiki.com/Category%3ANajena,https://eqlwiki.com/Najena_(NPC); classic EverQuest baseline,,Yes,1,,,,,,26,Current EQL documentation audited,Add,,,,,,,,,,,,2026-07-28,,,,Yes,,Reviewed,No direct-build observation,C,"Current zone, NPC, item, map, or official patch documentation.",Not applicable,,,,Official EQL patches and current EQL Wiki with classic comparison,,EQL-LOOT-1.0,encounter_metadata,Metadata,,B19-NAJ-ENC-020,,,No,No,Encounter metadata; excluded from ordinary loot results.,,,,,,,,,,,,,,,Najena,,,,Indoor Dungeon / Laboratory / Prison,,,,,,"Locked jail cell near -681, -49",,,,Ekeros,Named Prisoner,,,,,,,,,,,,,,33%,,,,,,,,Open World,Open World,,,,,,,,,,,,,,,,,,,,,,,,,,,,,,,,,,,,,,,,,,,,,,,,,,,,,,,,,,,,,,,,,,,,No,,,,,,,,,,,,,,,,,,,,Available,,,,,Confirmed,Unconfirmed,,,,,,B19-NAJ-PRISON,
B19-NAJ-ENC-021,19,Antonica,Najena,Drelzna,,,,,,,,,,,,,,,,,,,,,,,,,,,18.5 minutes,,,,,,,,,,Current EQL research batch,,,,,,,,,,Supplemental,High for active rows; incomplete or disputed rows quarantined,https://eqlwiki.com/Category%3ANajena,https://eqlwiki.com/Najena_(NPC); classic EverQuest baseline,,Yes,1,,,,,,25,Current EQL documentation audited,Add,,,,,,,,,,,,2026-07-28,,,,Yes,,Reviewed,No direct-build observation,C,"Current zone, NPC, item, map, or official patch documentation.",Not applicable,,,,Official EQL patches and current EQL Wiki with classic comparison,,EQL-LOOT-1.0,encounter_metadata,Metadata,,B19-NAJ-ENC-021,,,No,No,Encounter metadata; excluded from ordinary loot results.,,,,,,,,,,Undead,,,,,Najena,,,,Indoor Dungeon / Laboratory / Prison,,,,,,"20% near -35, -222",,,,Drelzna,Named Necromancer,,,,,,,,,,,,,,20%,,,,,,,,Open World,Open World,,,,,,,,,,,,,,,,,,,,,,,,,,,,,,,,,,,,,,,,,,,,,,,,,,,,,,,,,,,,,,,,,,,,No,,,,,,,,,,,,,,,,,,,,Available,,,,,Confirmed,Unconfirmed,,,,,,B19-NAJ-DRELZNA,
B19-NAJ-ENC-022,19,Antonica,Najena,Najena,,,,,,,,,,,,,,,,,,,,,,,,,,,19 minutes,,,,,,,,,,Current EQL research batch,,,,,,,,,,Supplemental,High for active rows; incomplete or disputed rows quarantined,https://eqlwiki.com/Category%3ANajena,https://eqlwiki.com/Najena_(NPC); classic EverQuest baseline,,Yes,1,,,,,,35,Current EQL documentation audited,Add,,,,,,,,,,,,2026-07-28,,,,Yes,,Reviewed,No direct-build observation,C,"Current zone, NPC, item, map, or official patch documentation.",Not applicable,,,,Official EQL patches and current EQL Wiki with classic comparison,,EQL-LOOT-1.0,encounter_metadata,Metadata,,B19-NAJ-ENC-022,,,No,No,Encounter metadata; excluded from ordinary loot results.,,,,,,,,,,Dark Elf,,,,,Najena,,,,Indoor Dungeon / Laboratory / Prison,,,,,,"Najena chamber near 353, 105",,,,Najena,Dungeon Boss,,,,,,,,,,,,,,,,,,,,,,Open World,Open World,,,,,,,,,,,,,,,,,,,,,,,,,,,,,,,,,,,,,,,,,,,,,,,,,,,,,,,,,,,,,,,,,,,,No,,,,,,,,,,,,,,,,,,,,Available,,,,,Confirmed,Unconfirmed,,,,,,B19-NAJ-NAJENA,
B19-NAJ-ENC-023,19,Antonica,Najena,Najena's Magician Assistants,,,,,,,,,,,,,,,,,,,,,,,,,,,,,,,,,,,,,Current EQL research batch,,,,,,,,,,Supplemental,High for active rows; incomplete or disputed rows quarantined,https://eqlwiki.com/Category%3ANajena,https://eqlwiki.com/Najena_(NPC); classic EverQuest baseline,,Yes,1,,,,,,,Current EQL documentation audited,Add,,,,,,,,,,,,2026-07-28,,,,Yes,,Reviewed,No direct-build observation,C,"Current zone, NPC, item, map, or official patch documentation.",Not applicable,,,,Official EQL patches and current EQL Wiki with classic comparison,,EQL-LOOT-1.0,encounter_metadata,Metadata,,B19-NAJ-ENC-023,,,No,No,Encounter metadata; excluded from ordinary loot results.,,,,,,,,,,,,,,,Najena,,,,Indoor Dungeon / Laboratory / Prison,,,,,,Najena chamber,,,,Najena's Magician Assistants,Boss Support Population,,,,,,,,,,,,,,,,,,,,,,Open World,Open World,,,,,,,,,,,,,,,,,,,,,,,,,,,,,,,,,,,,,,,,,,,,,,,,,,,,,,,,,,,,,,,,,,,,No,,,,,,,,,,,,,,,,,,,,Available,,,,,Confirmed,Unconfirmed,,,,,,B19-NAJ-NAJENA,
B19-NAJ-ENC-024,19,Antonica,Najena,The Widowmistress,,,,,,,,,,,,,,,,,,,,,,,,,,,,,,,,,,,,,Current EQL research batch,,,,,,,,,,Supplemental,High for active rows; incomplete or disputed rows quarantined,https://eqlwiki.com/Category%3ANajena,https://eqlwiki.com/Najena_(NPC); classic EverQuest baseline,,Yes,1,,,,,,34,Current EQL documentation audited,Add,,,,,,,,,,,,2026-07-28,,,,Yes,,Reviewed,No direct-build observation,C,"Current zone, NPC, item, map, or official patch documentation.",Not applicable,,,,Official EQL patches and current EQL Wiki with classic comparison,,EQL-LOOT-1.0,encounter_metadata,Metadata,,B19-NAJ-ENC-024,,,No,No,Encounter metadata; excluded from ordinary loot results.,,,,,,,,,,Spider,,,,,Najena,,,,Indoor Dungeon / Laboratory / Prison,,,,,,Circular spider room,,,,The Widowmistress,Named Rogue,,,,,,,,,,,,,,,,,,,,,,Open World,Open World,,,,,,,,,,,,,,,,,,,,,,,,,,,,,,,,,,,,,,,,,,,,,,,,,,,,,,,,,,,,,,,,,,,,No,,,,,,,,,,,,,,,,,,,,Available,,,,,Confirmed,Unconfirmed,,,,,,B19-NAJ-SPIDER,
B19-NAJ-ENC-025,19,Antonica,Najena,Giant Black Widow Population,,,,,,,,,,,,,,,,,,,,,,,,,,,,,,,,,,,,,Current EQL research batch,,,,,,,,,,Supplemental,High for active rows; incomplete or disputed rows quarantined,https://eqlwiki.com/Category%3ANajena,https://eqlwiki.com/Najena_(NPC); classic EverQuest baseline,,Yes,1,,,,,,18-22,Current EQL documentation audited,Add,,,,,,,,,,,,2026-07-28,,,,Yes,,Reviewed,No direct-build observation,C,"Current zone, NPC, item, map, or official patch documentation.",Not applicable,,,,Official EQL patches and current EQL Wiki with classic comparison,,EQL-LOOT-1.0,encounter_metadata,Metadata,,B19-NAJ-ENC-025,,,No,No,Encounter metadata; excluded from ordinary loot results.,,,,,,,,,,Spider,,,,,Najena,,,,Indoor Dungeon / Laboratory / Prison,,,,,,Widowmistress placeholder area,,,,Giant Black Widow Population,Spider Population,,,,,,,,,,,,,,,,,,,,,,Open World,Open World,,,,,,,,,,,,,,,,,,,,,,,,,,,,,,,,,,,,,,,,,,,,,,,,,,,,,,,,,,,,,,,,,,,,No,,,,,,,,,,,,,,,,,,,,Available,,,,,Confirmed,Unconfirmed,,,,,,B19-NAJ-SPIDER,
B19-NAJ-ENC-026,19,Antonica,Najena,A Froglok Ghoul,,,,,,,,,,,,,,,,,,,,,,,,,,,,,,,,,,,,,Current EQL research batch,,,,,,,,,,Supplemental,High for active rows; incomplete or disputed rows quarantined,https://eqlwiki.com/Category%3ANajena,https://eqlwiki.com/Najena_(NPC); classic EverQuest baseline,,Yes,1,,,,,,20,Current EQL documentation audited,Add,,,,,,,,,,,,2026-07-28,,,,Yes,,Reviewed,No direct-build observation,C,"Current zone, NPC, item, map, or official patch documentation.",Not applicable,,,,Official EQL patches and current EQL Wiki with classic comparison,,EQL-LOOT-1.0,encounter_metadata,Metadata,,B19-NAJ-ENC-026,,,No,No,Encounter metadata; excluded from ordinary loot results.,,,,,,,,,,Undead,,,,,Najena,,,,Indoor Dungeon / Laboratory / Prison,,,,,,"Near 245, 109",,,,A Froglok Ghoul,Named / Rare Undead,,,,,,,,,,,,,,,,,,,,,,Open World,Open World,,,,,,,,,,,,,,,,,,,,,,,,,,,,,,,,,,,,,,,,,,,,,,,,,,,,,,,,,,,,,,,,,,,,No,,,,,,,,,,,,,,,,,,,,Available,,,,,Confirmed,Unconfirmed,,,,,,B19-NAJ-ENTRY,
B19-NAJ-ENC-027,19,Antonica,Najena,Dark-boned Skeleton Population,,,,,,,,,,,,,,,,,,,,,,,,,,,,,,,,,,,,,Current EQL research batch,,,,,,,,,,Supplemental,High for active rows; incomplete or disputed rows quarantined,https://eqlwiki.com/Category%3ANajena,https://eqlwiki.com/Najena_(NPC); classic EverQuest baseline,,Yes,1,,,,,,15-19,Current EQL documentation audited,Add,,,,,,,,,,,,2026-07-28,,,,Yes,,Reviewed,No direct-build observation,C,"Current zone, NPC, item, map, or official patch documentation.",Not applicable,,,,Official EQL patches and current EQL Wiki with classic comparison,,EQL-LOOT-1.0,encounter_metadata,Metadata,,B19-NAJ-ENC-027,,,No,No,Encounter metadata; excluded from ordinary loot results.,,,,,,,,,,Undead,,,,,Najena,,,,Indoor Dungeon / Laboratory / Prison,,,,,,Lower routes,,,,Dark-boned Skeleton Population,Undead Population,,,,,,,,,,,,,,,,,,,,,,Open World,Open World,,,,,,,,,,,,,,,,,,,,,,,,,,,,,,,,,,,,,,,,,,,,,,,,,,,,,,,,,,,,,,,,,,,,No,,,,,,,,,,,,,,,,,,,,Available,,,,,Confirmed,Unconfirmed,,,,,,B19-NAJ-PIT,
B19-NAJ-ENC-028,19,Antonica,Najena,Greater Skeleton Population,,,,,,,,,,,,,,,,,,,,,,,,,,,,,,,,,,,,,Current EQL research batch,,,,,,,,,,Supplemental,High for active rows; incomplete or disputed rows quarantined,https://eqlwiki.com/Category%3ANajena,https://eqlwiki.com/Najena_(NPC); classic EverQuest baseline,,Yes,1,,,,,,11-13,Current EQL documentation audited,Add,,,,,,,,,,,,2026-07-28,,,,Yes,,Reviewed,No direct-build observation,C,"Current zone, NPC, item, map, or official patch documentation.",Not applicable,,,,Official EQL patches and current EQL Wiki with classic comparison,,EQL-LOOT-1.0,encounter_metadata,Metadata,,B19-NAJ-ENC-028,,,No,No,Encounter metadata; excluded from ordinary loot results.,,,,,,,,,,Undead,,,,,Najena,,,,Indoor Dungeon / Laboratory / Prison,,,,,,Multiple Najena areas,,,,Greater Skeleton Population,Undead Population,,,,,,,,,,,,,,,,,,,,,,Open World,Open World,,,,,,,,,,,,,,,,,,,,,,,,,,,,,,,,,,,,,,,,,,,,,,,,,,,,,,,,,,,,,,,,,,,,No,,,,,,,,,,,,,,,,,,,,Available,,,,,Confirmed,Unconfirmed,,,,,,B19-NAJ-PIT,
B19-NAJ-ENC-029,19,Antonica,Najena,Pit-Trap Route,,,,,,,,,,,,,,,,,,,,,,,,,,,,,,,,,,,,,Current EQL research batch,,,,,,,,,,Supplemental,High for active rows; incomplete or disputed rows quarantined,https://eqlwiki.com/Category%3ANajena,https://eqlwiki.com/Najena_(NPC); classic EverQuest baseline,,Yes,1,,,,,,,Current EQL documentation audited,Add,,,,,,,,,,,,2026-07-28,,,,Yes,,Reviewed,No direct-build observation,C,"Current zone, NPC, item, map, or official patch documentation.",Not applicable,,,,Official EQL patches and current EQL Wiki with classic comparison,,EQL-LOOT-1.0,encounter_metadata,Metadata,,B19-NAJ-ENC-029,,,No,No,Encounter metadata; excluded from ordinary loot results.,,,,,,,,,,,,,,,Najena,,,,Indoor Dungeon / Laboratory / Prison,,,,,,Lower route,,,,Pit-Trap Route,Navigation / Hazard,,,,,,,,,,,,,,,,,,,,,,Open World,Open World,,,,,,,,,,,,,,,,,,,,,,,,,,,,,,,,,,,,,,,,,,,,,,,,,,,,,,,,,,,,,,,,,,,,No,,,,,,,,,,,,,,,,,,,,Available,,,,,Confirmed,Unconfirmed,,,,,,B19-NAJ-PIT,
B19-NAJ-ENC-030,19,Antonica,Najena,Sequential Key-Access System,,,,,,,,,,,,,,,,,,,,,,,,,,,,,,,,,,,,,Current EQL research batch,,,,,,,,,,Supplemental,High for active rows; incomplete or disputed rows quarantined,https://eqlwiki.com/Category%3ANajena,https://eqlwiki.com/Najena_(NPC); classic EverQuest baseline,,Yes,1,,,,,,,Current EQL documentation audited,Add,,,,,,,,,,,,2026-07-28,,,,Yes,,Reviewed,No direct-build observation,C,"Current zone, NPC, item, map, or official patch documentation.",Not applicable,,,,Official EQL patches and current EQL Wiki with classic comparison,,EQL-LOOT-1.0,encounter_metadata,Metadata,,B19-NAJ-ENC-030,,,No,No,Encounter metadata; excluded from ordinary loot results.,,,,,,,,,,,,,,,Najena,,,,Indoor Dungeon / Laboratory / Prison,,,,,,BoneCracker to Rathyl to Drelzna to Najena,,,,Sequential Key-Access System,Access Progression,,,,,,,,,,,,,,,,,,,,,,Open World,Open World,,,,,,,,,,,,,,,,,,,,,,,,,,,,,,,,,,,,,,,,,,,,,,,,,,,,,,,,,,,,,,,,,,,,No,,,,,,,,,,,,,,,,,,,,Available,,,,,Confirmed,Unconfirmed,,,,,,B19-NAJ,
B19-NAJ-ENC-031,19,Antonica,Najena,Akksstaff,,,,,,,,,,,,,,,,,,,,,,,,,,,,,,,,,,,,,Current EQL research batch,,,,,,,,,,Supplemental,High for active rows; incomplete or disputed rows quarantined,https://eqlwiki.com/Category%3ANajena,https://eqlwiki.com/Najena_(NPC); classic EverQuest baseline,,Yes,1,,,,,,,Current EQL documentation audited,Add,,,,,,,,,,,,2026-07-28,,,,Yes,,Reviewed,No direct-build observation,C,"Current zone, NPC, item, map, or official patch documentation.",Not applicable,,,,Official EQL patches and current EQL Wiki with classic comparison,,EQL-LOOT-1.0,encounter_metadata,Metadata,,B19-NAJ-ENC-031,,,No,No,Encounter metadata; excluded from ordinary loot results.,,,,,,,,,,,,,,,Najena,,,,Indoor Dungeon / Laboratory / Prison,,,,,,Hidden nook near Najena pool,,,,Akksstaff,Quest Turn-In NPC,,,,,,,,,,,,,,,,,,,,,,Open World,Open World,,,,,,,,,,,,,,,,,,,,,,,,,,,,,,,,,,,,,,,,,,,,,,,,,,,,,,,,,,,,,,,,,,,,No,,,,,,,,,,Magician Epic / Words of Mastery,,,,,,,,,,Available,,,,,Confirmed,Unconfirmed,,,,,,B19-NAJ-MAGE,
B19-NAJ-ENC-032,19,Antonica,Najena,Unbound Flame,,,,,,,,,,,,,,,,,,,,,,,,,,,5 minutes,,Stun; Root,,,,,,,,Current EQL research batch,,,,,,,,,,Supplemental,High for active rows; incomplete or disputed rows quarantined,https://eqlwiki.com/Category%3ANajena,https://eqlwiki.com/Najena_(NPC); classic EverQuest baseline,,Yes,1,,,,,,25,Current EQL documentation audited,Add,,,,,,,,,,,,2026-07-28,,,,Yes,,Reviewed,No direct-build observation,C,"Current zone, NPC, item, map, or official patch documentation.",Not applicable,,,,Official EQL patches and current EQL Wiki with classic comparison,,EQL-LOOT-1.0,encounter_metadata,Metadata,,B19-NAJ-ENC-032,,,No,No,Encounter metadata; excluded from ordinary loot results.,,,,,,,,,,Elemental,,,,,Najena,,,,Indoor Dungeon / Laboratory / Prison,,,,,,"Approx. -26, 360, 5",,,,Unbound Flame,EQL-Added Named Elemental,,,,,,,,,,,,,,,,,,,,,,Open World,Open World,,,,,,,,,,,,,,,,,,,,,,,,,,,,,,,,,,,,,,,,,,,,,,,,,,,,,,,,,,,,,,,,,,,,No,,,,,,,,,,,,,,,,,,,,Available,,,,,Confirmed,Unconfirmed,,,,,,B19-NAJ-ENTRY,
B19-NAJ-ENC-033,19,Antonica,Najena,Lost Crusader,,,,,,,,,,,,,,,,,,,,,,,,,,,,,,,,,,,,,Current EQL research batch,,,,,,,,,,Supplemental,High for active rows; incomplete or disputed rows quarantined,https://eqlwiki.com/Category%3ANajena,https://eqlwiki.com/Najena_(NPC); classic EverQuest baseline,,Yes,1,,,,,,25,Current EQL documentation audited,Add,,,,,,,,,,,,2026-07-28,,,,Yes,,Reviewed,No direct-build observation,C,"Current zone, NPC, item, map, or official patch documentation.",Not applicable,,,,Official EQL patches and current EQL Wiki with classic comparison,,EQL-LOOT-1.0,encounter_metadata,Metadata,,B19-NAJ-ENC-033,,,No,No,Encounter metadata; excluded from ordinary loot results.,,,,,,,,,,,,,,,Najena,,,,Indoor Dungeon / Laboratory / Prison,,,,,,Two documented spawn locations,,,,Lost Crusader,EQL-Added Named Shadow Knight,,,,,,,,,,,,,,,,,,,,,,Open World,Open World,,,,,,,,,,,,,,,,,,,,,,,,,,,,,,,,,,,,,,,,,,,,,,,,,,,,,,,,,,,,,,,,,,,,No,,,,,,,,,,,,,,,,,,,,Available,,,,,Confirmed,Unconfirmed,,,,,,B19-NAJ-ENTRY,
B19-NAJ-ENC-034,19,Antonica,Najena,The Tenderizer,,,,,,,,,,,,,,,,,,,,,,,,,,,,,,,,,,,,,Current EQL research batch,,,,,,,,,,Supplemental,High for active rows; incomplete or disputed rows quarantined,https://eqlwiki.com/Category%3ANajena,https://eqlwiki.com/Najena_(NPC); classic EverQuest baseline,,Yes,1,,,,,,22,Current EQL documentation audited,Add,,,,,,,,,,,,2026-07-28,,,,Yes,,Reviewed,No direct-build observation,C,"Current zone, NPC, item, map, or official patch documentation.",Not applicable,,,,Official EQL patches and current EQL Wiki with classic comparison,,EQL-LOOT-1.0,encounter_metadata,Metadata,,B19-NAJ-ENC-034,,,No,No,Encounter metadata; excluded from ordinary loot results.,,,,,,,,,,Ogre,,,,,Najena,,,,Indoor Dungeon / Laboratory / Prison,,,,,,"Approx. 131, 342, 4",,,,The Tenderizer,EQL-Added Named Ogre,,,,,,,,,,,,,,,,,,,,,,Open World,Open World,,,,,,,,,,,,,,,,,,,,,,,,,,,,,,,,,,,,,,,,,,,,,,,,,,,,,,,,,,,,,,,,,,,,No,,,,,,,,,,,,,,,,,,,,Available,,,,,Confirmed,Unconfirmed,,,,,,B19-NAJ-GUARDS,
B19-NAJ-ENC-035,19,Antonica,Najena,The Blood Artist,,,,,,,,,,,,,,,,,,,,,,,,,,,,,See Hide,,,,,,,,Current EQL research batch,,,,,,,,,,Supplemental,High for active rows; incomplete or disputed rows quarantined,https://eqlwiki.com/Category%3ANajena,https://eqlwiki.com/Najena_(NPC); classic EverQuest baseline,,Yes,1,,,,,,27,Current EQL documentation audited,Add,,,,,,,,,,,,2026-07-28,,,,Yes,,Reviewed,No direct-build observation,C,"Current zone, NPC, item, map, or official patch documentation.",Not applicable,,,,Official EQL patches and current EQL Wiki with classic comparison,,EQL-LOOT-1.0,encounter_metadata,Metadata,,B19-NAJ-ENC-035,,,No,No,Encounter metadata; excluded from ordinary loot results.,,,,,,,,,,Dark Elf,,,,,Najena,,,,Indoor Dungeon / Laboratory / Prison,,,,,,"Approx. 187, -224, -11",,,,The Blood Artist,EQL-Added Named Necromancer,,,,,,,,,,,,,,,,,,,,,,Open World,Open World,,,,,,,,,,,,,,,,,,,,,,,,,,,,,,,,,,,,,,,,,,,,,,,,,,,,,,,,,,,,,,,,,,,,No,,,,,,,,,,,,,,,,,,,,Available,,,,,Confirmed,Unconfirmed,,,,,,B19-NAJ-DRELZNA,
B19-NAJ-ENC-036,19,Antonica,Najena,Ordinary Skeleton Population,,,,,,,,,,,,,,,,,,,,,,,,,,,,,,,,,,,,,Current EQL research batch,,,,,,,,,,Supplemental,High for active rows; incomplete or disputed rows quarantined,https://eqlwiki.com/Category%3ANajena,https://eqlwiki.com/Najena_(NPC); classic EverQuest baseline,,Yes,1,,,,,,,Current EQL documentation audited,Add,,,,,,,,,,,,2026-07-28,,,,Yes,,Reviewed,No direct-build observation,C,"Current zone, NPC, item, map, or official patch documentation.",Not applicable,,,,Official EQL patches and current EQL Wiki with classic comparison,,EQL-LOOT-1.0,encounter_metadata,Metadata,,B19-NAJ-ENC-036,,,No,No,Encounter metadata; excluded from ordinary loot results.,,,,,,,,,,Undead,,,,,Najena,,,,Indoor Dungeon / Laboratory / Prison,,,,,,Various,,,,Ordinary Skeleton Population,Undead Population,,,,,,,,,,,,,,,,,,,,,,Open World,Open World,,,,,,,,,,,,,,,,,,,,,,,,,,,,,,,,,,,,,,,,,,,,,,,,,,,,,,,,,,,,,,,,,,,,No,,,,,,,,,,,,,,,,,,,,Available,,,,,Confirmed,Unconfirmed,,,,,,B19-NAJ-PIT,
B19-NAJ-ENC-037,19,Antonica,Najena,Large Skeleton Population,,,,,,,,,,,,,,,,,,,,,,,,,,,,,,,,,,,,,Current EQL research batch,,,,,,,,,,Supplemental,High for active rows; incomplete or disputed rows quarantined,https://eqlwiki.com/Category%3ANajena,https://eqlwiki.com/Najena_(NPC); classic EverQuest baseline,,Yes,1,,,,,,,Current EQL documentation audited,Add,,,,,,,,,,,,2026-07-28,,,,Yes,,Reviewed,No direct-build observation,C,"Current zone, NPC, item, map, or official patch documentation.",Not applicable,,,,Official EQL patches and current EQL Wiki with classic comparison,,EQL-LOOT-1.0,encounter_metadata,Metadata,,B19-NAJ-ENC-037,,,No,No,Encounter metadata; excluded from ordinary loot results.,,,,,,,,,,Undead,,,,,Najena,,,,Indoor Dungeon / Laboratory / Prison,,,,,,Various,,,,Large Skeleton Population,Undead Population,,,,,,,,,,,,,,,,,,,,,,Open World,Open World,,,,,,,,,,,,,,,,,,,,,,,,,,,,,,,,,,,,,,,,,,,,,,,,,,,,,,,,,,,,,,,,,,,,No,,,,,,,,,,,,,,,,,,,,Available,,,,,Confirmed,Unconfirmed,,,,,,B19-NAJ-PIT,
B19-NAJ-ENC-038,19,Antonica,Najena,Elemental Population,,,,,,,,,,,,,,,,,,,,,,,,,,,,,,,,,,,,,Current EQL research batch,,,,,,,,,,Supplemental,High for active rows; incomplete or disputed rows quarantined,https://eqlwiki.com/Category%3ANajena,https://eqlwiki.com/Najena_(NPC); classic EverQuest baseline,,Yes,1,,,,,,,Current EQL documentation audited,Add,,,,,,,,,,,,2026-07-28,,,,Yes,,Reviewed,No direct-build observation,C,"Current zone, NPC, item, map, or official patch documentation.",Not applicable,,,,Official EQL patches and current EQL Wiki with classic comparison,,EQL-LOOT-1.0,encounter_metadata,Metadata,,B19-NAJ-ENC-038,,,No,No,Encounter metadata; excluded from ordinary loot results.,,,,,,,,,,Elemental,,,,,Najena,,,,Indoor Dungeon / Laboratory / Prison,,,,,,Various,,,,Elemental Population,Elemental Population,,,,,,,,,,,,,,,,,,,,,,Open World,Open World,,,,,,,,,,,,,,,,,,,,,,,,,,,,,,,,,,,,,,,,,,,,,,,,,,,,,,,,,,,,,,,,,,,,No,,,,,,,,,,,,,,,,,,,,Available,,,,,Confirmed,Unconfirmed,,,,,,B19-NAJ-ENTRY,
B19-NAJ-ENC-039,19,Antonica,Najena,Ogre Captain and Officer Camp,,,,,,,,,,,,,,,,,,,,,,,,,,,,,,,,,,,,,Current EQL research batch,,,,,,,,,,Supplemental,High for active rows; incomplete or disputed rows quarantined,https://eqlwiki.com/Category%3ANajena,https://eqlwiki.com/Najena_(NPC); classic EverQuest baseline,,Yes,1,,,,,,,Current EQL documentation audited,Add,,,,,,,,,,,,2026-07-28,,,,Yes,,Reviewed,No direct-build observation,C,"Current zone, NPC, item, map, or official patch documentation.",Not applicable,,,,Official EQL patches and current EQL Wiki with classic comparison,,EQL-LOOT-1.0,encounter_metadata,Metadata,,B19-NAJ-ENC-039,,,No,No,Encounter metadata; excluded from ordinary loot results.,,,,,,,,,,Ogre,,,,,Najena,,,,Indoor Dungeon / Laboratory / Prison,,,,,,Guard complex,,,,Ogre Captain and Officer Camp,Camp / Shared Population,,,,,,,,,,,,,,,,,,,,,,Open World,Open World,,,,,,,,,,,,,,,,,,,,,,,,,,,,,,,,,,,,,,,,,,,,,,,,,,,,,,,,,,,,,,,,,,,,No,,,,,,,,,,,,,,,,,,,,Available,,,,,Confirmed,Unconfirmed,,,,,,B19-NAJ-GUARDS,
B19-NAJ-META-001,19,Antonica,Najena,Current EQL Maintenance and Patch Status,,,,,,,,,,,,,,,,,,,,,,,,,,,,,,,,,,,,,Current EQL research batch,,,,,,,,,,Supplemental,High for active rows; incomplete or disputed rows quarantined,https://eqlwiki.com/Category%3ANajena,https://eqlwiki.com/Najena_(NPC); classic EverQuest baseline,,Yes,1,,,,,,,Current EQL documentation audited,Add,,,,,,,,,,,https://www.everquestlegends.com/patch-notes/eql-update-notes-7-7-2026,2026-07-28,Golden Crescent Key no longer Temporary/NO RENT; Drelzna Harm Touch fixed.,,,Yes,,Reviewed,No direct-build observation,A,,Not applicable,,,,Official EQL patches and current EQL Wiki with classic comparison,,EQL-LOOT-1.0,zone_metadata,Metadata,,B19-NAJ-META-001,,,No,No,"Zone, architecture, access, key, faction, quest, or evidence-handling metadata.",,,,,,,,,,,,,,,,,,,Indoor Dungeon / Laboratory / Prison,,,,,,,,,,,,,,,,,,,,,,,,,,,,,,,,,Open World,Open World,,,,,,,,,,,,,,,,,,,,,,,,,,,,,,,,,,,,,,,,,,,,,,,,,,,,,,,,,,,,,,,,,,,,No,,,,,,,,,,,,,,,,,,,,Available,,,,,Confirmed,Unconfirmed,,,,,,B19-NAJ,
B19-NAJ-META-002,19,Antonica,Najena,Dungeon Architecture and Named-Room Structure,,,,,,,,,,,,,,,,,,,,,,,,,,,,,,,,,,,,,Current EQL research batch,,,,,,,,,,Supplemental,High for active rows; incomplete or disputed rows quarantined,https://eqlwiki.com/Category%3ANajena,https://eqlwiki.com/Najena_(NPC); classic EverQuest baseline,,Yes,1,,,,,,,Current EQL documentation audited,Add,,,,,,,,,,,,2026-07-28,,,,Yes,,Reviewed,No direct-build observation,C,,Not applicable,,,,Official EQL patches and current EQL Wiki with classic comparison,,EQL-LOOT-1.0,zone_metadata,Metadata,,B19-NAJ-META-002,,,No,No,"Zone, architecture, access, key, faction, quest, or evidence-handling metadata.",,,,,,,,,,,,,,,,,,,Indoor Dungeon / Laboratory / Prison,Entrance; torture; crystal; mage wing; guards; prison; Rathyl; Drelzna; Najena; spider room; pit,,,,,,"Multi-room dungeon with locked doors, pit traps, prisoners, and sequential access.",,,,,,,,,,,,,,,,,,,,,,,,,,Open World,Open World,,,,,,,,,,,,,,,,,,,,,,,,,,,,,,,,,,,,,,,,,,,,,,,,,,,,,,,,,,,,,,,,,,,,No,,,,,,,,,,,,,,,,,,,,Available,,,,,Confirmed,Unconfirmed,,,,,,B19-NAJ,
B19-NAJ-META-003,19,Antonica,Najena,Sequential Key Progression,,,,,,,,,,,,,,,,,,,,,,,,,,,,,,,,,,,,,Current EQL research batch,,,,,,,,,,Supplemental,High for active rows; incomplete or disputed rows quarantined,https://eqlwiki.com/Category%3ANajena,https://eqlwiki.com/Najena_(NPC); classic EverQuest baseline,,Yes,1,,,,,,,Current EQL documentation audited,Add,,,,,,,,,,,,2026-07-28,,,,Yes,,Reviewed,No direct-build observation,C,,Not applicable,,,,Official EQL patches and current EQL Wiki with classic comparison,,EQL-LOOT-1.0,zone_metadata,Metadata,,B19-NAJ-META-003,,,No,No,"Zone, architecture, access, key, faction, quest, or evidence-handling metadata.",,,,,,,,,,,,,,,,,,,Indoor Dungeon / Laboratory / Prison,,,,,,,,,,,,,,,,,,,,,,,,,,,,,,,,,Open World,Open World,,,,,,,,,,,,,,,,,,,,,,,,,,,,,,,,,,,,,,,,,Multiple locked doors,,,,,,Guard's Keyring / Shiny Metal Key branch; Dull Bone Key; Bloodstained Key; Golden Crescent Key.,,,,,,,,,,,,,,,,,,,,,No,,,,,,,,,,,,,,,Yes,,,,,Available,,,,,Confirmed,Unconfirmed,,,,,,B19-NAJ,
B19-NAJ-META-004,19,Antonica,Najena,Golden Crescent Key Official Behavior,,,,,,,,,,,,,,,,,,,,,,,,,,,,,,,,,,,,,Current EQL research batch,,,,,,,,,,Supplemental,High for active rows; incomplete or disputed rows quarantined,https://eqlwiki.com/Category%3ANajena,https://eqlwiki.com/Najena_(NPC); classic EverQuest baseline,,Yes,1,,,,,,,Current EQL documentation audited,Add,,,,,,,,,,,https://www.everquestlegends.com/patch-notes/eql-update-notes-7-7-2026,2026-07-28,,,,Yes,,Reviewed,No direct-build observation,A,,Not applicable,,,,Official EQL patches and current EQL Wiki with classic comparison,,EQL-LOOT-1.0,zone_metadata,Metadata,,B19-NAJ-META-004,,,No,No,"Zone, architecture, access, key, faction, quest, or evidence-handling metadata.",,,,,,,,,,,,,,,,,,,Indoor Dungeon / Laboratory / Prison,,,,,,,,,,,,,,,,,,,,,,,,,,,,,,,,,Open World,Open World,,,,,,,,,,,,,,,,,,,,,,,,,,,,,,,,,,,,,,,,,,,,,,,,,,,,,,,,,,,,,,,,,,,,No,,,,,,,,,,,,,,,,,,,,Available,,,,,Confirmed,Unconfirmed,,Correct,Official EQL patch removed Temporary/NO RENT status.,,,B19-NAJ,
B19-NAJ-META-005,19,Antonica,Najena,Pit Traps and Lower Routing,,,,,,,,,,,,,,,,,,,,,,,,,,,,,,,,,,,,,Current EQL research batch,,,,,,,,,,Supplemental,High for active rows; incomplete or disputed rows quarantined,https://eqlwiki.com/Category%3ANajena,https://eqlwiki.com/Najena_(NPC); classic EverQuest baseline,,Yes,1,,,,,,,Current EQL documentation audited,Add,,,,,,,,,,,,2026-07-28,,,,Yes,,Reviewed,No direct-build observation,C,,Not applicable,,,,Official EQL patches and current EQL Wiki with classic comparison,,EQL-LOOT-1.0,zone_metadata,Metadata,,B19-NAJ-META-005,,,No,No,"Zone, architecture, access, key, faction, quest, or evidence-handling metadata.",,,,,,,,,,,,,,,,,,,Indoor Dungeon / Laboratory / Prison,,,,,,,,,Pit traps; locked lower routes; difficult corpse recovery,,,,,,,,,,,,,,,,,,,,,,,,Open World,Open World,,,,,,,,,,,,,,,,,,,,,,,,,,,,,,,,,,,,,,,,,,,,,Moderate to High,,,,,,,,,,,,,,,,,,,,,,,No,,,,,,,,,,,,,,,,,,,,Available,,,,,Confirmed,Unconfirmed,,,,,,B19-NAJ,
B19-NAJ-META-006,19,Antonica,Najena,Prisoners and Protected NPCs,,,,,,,,,,,,,,,,,,,,,,,,,,,,,,,,,,,,,Current EQL research batch,,,,,,,,,,Supplemental,High for active rows; incomplete or disputed rows quarantined,https://eqlwiki.com/Category%3ANajena,https://eqlwiki.com/Najena_(NPC); classic EverQuest baseline,,Yes,1,,,,,,,Current EQL documentation audited,Add,,,,,,,,,,,,2026-07-28,,,,Yes,,Reviewed,No direct-build observation,C,,Not applicable,,,,Official EQL patches and current EQL Wiki with classic comparison,,EQL-LOOT-1.0,zone_metadata,Metadata,,B19-NAJ-META-006,,,No,No,"Zone, architecture, access, key, faction, quest, or evidence-handling metadata.",Critical,,,,,,,Linara Parlone; Injured Halfling; prisoner population,Protected NPC kills can damage Rivervale and other friendly factions.,,,,,,,,,,Indoor Dungeon / Laboratory / Prison,,,,,,,,,,,,,,,,,,,,,,,,,,,,,,,,,Open World,Open World,,,,,,,,,,,,,,,,,,,,,,,,,,,,,,,,,,,,,,,,,,,,,,,,,,,,,,,,,,,,,,,,,,,,No,,,,,,,,,,,,,,,,,,,,Available,,,,,Confirmed,Unconfirmed,,,,,,B19-NAJ,
B19-NAJ-META-007,19,Antonica,Najena,Najena Faction Scope,,,,,,,,,,,,,,,,,,,,,,,,,,,,,,,,,,,,,Current EQL research batch,,,,,,,,,,Supplemental,High for active rows; incomplete or disputed rows quarantined,https://eqlwiki.com/Category%3ANajena,https://eqlwiki.com/Najena_(NPC); classic EverQuest baseline,,Yes,1,,,,,,,Current EQL documentation audited,Add,,,,,,,,,,,,2026-07-28,,,,Yes,,Reviewed,No direct-build observation,C,,Not applicable,,,,Official EQL patches and current EQL Wiki with classic comparison,,EQL-LOOT-1.0,zone_metadata,Metadata,,B19-NAJ-META-007,,,No,No,"Zone, architecture, access, key, faction, quest, or evidence-handling metadata.",,,,,,,,,Broad zone hostility lowers Najena faction; exact numeric hits populated only from exact NPC pages.,,,,,,Najena,,,,Indoor Dungeon / Laboratory / Prison,,,,,,,,,,,,,,,,,,,,,,,,,,,,,,,,,Open World,Open World,,,,,,,,,,,,,,,,,,,,,,,,,,,,,,,,,,,,,,,,,,,,,,,,,,,,,,,,,,,,,,,,,,,,No,,,,,,,,,,,,,,,,,,,,Available,,,,,Confirmed,Unconfirmed,,,,,,B19-NAJ,
B19-NAJ-META-008,19,Antonica,Najena,Generic Armor and Economic-Loot Policy,,,,,,,,,,,,,,,,,,,,,,,,,,,,,,,,,,,,,Current EQL research batch,,,,,,,,,,Supplemental,High for active rows; incomplete or disputed rows quarantined,https://eqlwiki.com/Category%3ANajena,https://eqlwiki.com/Najena_(NPC); classic EverQuest baseline,,Yes,1,,,,,,,Current EQL documentation audited,Add,,,,,,,,,,,,2026-07-28,,,,Yes,,Reviewed,No direct-build observation,C,,Not applicable,,,,Official EQL patches and current EQL Wiki with classic comparison,,EQL-LOOT-1.0,zone_metadata,Metadata,,B19-NAJ-META-008,,,No,No,"Generic Bronze, Fine Steel, Raw-hide, ordinary containers, and routine tradeskill drops remain hidden by default.",,,,,,,,,,,,,,,,,,,Indoor Dungeon / Laboratory / Prison,,,,,,,,,,,,,,,,,,,,,,,,,,,,,,,,,Open World,Open World,,,,,,,,,,,,,,,,,,,,,,,,,,,,,,,,,,,,,,,,,,,,,,,,,,,,,,,,,,,,,,,,,,,,No,,,,,,,,,,,,,,,,,,,,Available,,,,,Confirmed,Unconfirmed,,,,,,B19-NAJ,
B19-NAJ-META-009,19,Antonica,Najena,Current versus Classic Evidence Policy,,,,,,,,,,,,,,,,,,,,,,,,,,,,,,,,,,,,,Current EQL research batch,,,,,,,,,,Supplemental,High for active rows; incomplete or disputed rows quarantined,https://eqlwiki.com/Category%3ANajena,https://eqlwiki.com/Najena_(NPC); classic EverQuest baseline,,Yes,1,,,,,,,Current EQL documentation audited,Add,,,,,,,,,,,,2026-07-28,,,,Yes,,Reviewed,No direct-build observation,C,,Mixed current and inherited classic data handled per row.,,,,Official EQL patches > exact current EQL pages > current category/index > classic baseline,,EQL-LOOT-1.0,zone_metadata,Metadata,,B19-NAJ-META-009,,,No,No,"Zone, architecture, access, key, faction, quest, or evidence-handling metadata.",,,,,,,,,,,,,,,,,,,Indoor Dungeon / Laboratory / Prison,,,,,,,,,,,,,,,,,,,,,,,,,,,,,,,,,Open World,Open World,,,,,,,,,,,,,,,,,,,,,,,,,,,,,,,,,,,,,,,,,,,,,,,,,,,,,,,,,,,,,,,,,,,,No,,,,,,,,,,,,,,,,,,,,Available,,,,,Confirmed,Unconfirmed,,,,,,B19-NAJ,
B19-NAJ-META-010,19,Antonica,Najena,EQL-Added Named Encounter Set,,,,,,,,,,,,,,,,,,,,,,,,,,,,,,,,,,,,,Current EQL research batch,,,,,,,,,,Supplemental,High for active rows; incomplete or disputed rows quarantined,https://eqlwiki.com/Category%3ANajena,https://eqlwiki.com/Najena_(NPC); classic EverQuest baseline,,Yes,1,,,,,,,Current EQL documentation audited,Add,,,,,,,,,,,,2026-07-28,,,,Yes,,Reviewed,No direct-build observation,C,,Not applicable,,Not applicable — EQL-added encounters,,Official EQL patches and current EQL Wiki with classic comparison,,EQL-LOOT-1.0,zone_metadata,Metadata,,B19-NAJ-META-010,,,No,No,"Zone, architecture, access, key, faction, quest, or evidence-handling metadata.",,,,,,,,,,,,,,,,,,,Indoor Dungeon / Laboratory / Prison,,,,,,,,,,,,,,,,,,,,,,Unbound Flame; Lost Crusader; The Tenderizer; The Blood Artist,,,,,,,,,,,Open World,Open World,,,,,,,,,,,,,,,,,,,,,,,,,,,,,,,,,,,,,,,,,,,,,,,,,,,,,,,,,,,,,,,,,,,,No,,,,,,,,,,,,,,,,,,,,Available,,,,,Confirmed,Unconfirmed,,,,,,B19-NAJ,
B19-NAJ-META-011,19,Antonica,Najena,Damask Armor Source Policy,,,,,,,,,,,,,,,,,,,,,,,,,,,,,,,,,,,,,Current EQL research batch,,,,,,,,,,Supplemental,High for active rows; incomplete or disputed rows quarantined,https://eqlwiki.com/Category%3ANajena,https://eqlwiki.com/Najena_(NPC); classic EverQuest baseline,,Yes,1,,,,,,,Current EQL documentation audited,Add,,,,,,,,,,,,2026-07-28,,,,Yes,,Reviewed,No direct-build observation,C,,Not applicable,,,,Official EQL patches and current EQL Wiki with classic comparison,,EQL-LOOT-1.0,zone_metadata,Metadata,,B19-NAJ-META-011,,,No,No,Individual class/race fields are not inherited set-wide; exact item pages control each active row.,,,,,,,,,,,,,,Damask Armor,,,,,Indoor Dungeon / Laboratory / Prison,,,,,,,,,,,,,,,,,,,,,,,,,,,,,,,,,Open World,Open World,,,,,,,,,,,,,,,,,,,,,,,,,,,,,,,,,,,,,,,,,,,,,,,,,,,,,,,,,,,,,,,,,,,,No,,,,,,,,,,,,,,,,,,,,Available,,,,,Confirmed,Unconfirmed,,,,,,B19-NAJ,
B19-NAJ-META-012,19,Antonica,Najena,Duplicate Item and Multi-Source Handling,,,,,,,,,,,,,,,,,,,,,,,,,,,,,,,,,,,,,Current EQL research batch,,,,,,,,,,Supplemental,High for active rows; incomplete or disputed rows quarantined,https://eqlwiki.com/Category%3ANajena,https://eqlwiki.com/Najena_(NPC); classic EverQuest baseline,,Yes,1,,,,,,,Current EQL documentation audited,Add,,,,,,,,,,,,2026-07-28,,,,Yes,,Reviewed,No direct-build observation,C,,Not applicable,,,,Official EQL patches and current EQL Wiki with classic comparison,,EQL-LOOT-1.0,zone_metadata,Metadata,,B19-NAJ-META-012,,,No,No,"Same item from multiple exact sources remains one item identity with distinct source relationships, consolidated by the web app.",,,,,,,,,,,,,,,,,,,Indoor Dungeon / Laboratory / Prison,,,,,,,,,,,,,,,,,,,,,,,,,,,,,,,,,Open World,Open World,,,,,,,,,,,,,,,,,,,,,,,,,,,,,,,,,,,,,,,,,,,,,,,,,,,,,,,,,,,,,,,,,,,,No,,,,,,,,,,,,,,,,,,,,Available,,,,,Confirmed,Unconfirmed,,,,,,B19-NAJ,
B19-RES-001,19,Antonica,Najena,Damask Amice complete current source/race verification,,,,,,,,,,,,,,,,,,A Magician,,,,,,,,,,,,,,,,,,,Current EQL research batch,,,,,,,,,,Supplemental,Research only,https://eqlwiki.com/Category%3ANajena,https://eqlwiki.com/Najena_(NPC); classic EverQuest baseline,,Yes,1,,,,,,,Current EQL documentation audited,Quarantine,,,,,,,,,,,,2026-07-28,,,,Yes,,Reviewed,No direct-build observation,D,"Known lead with incomplete, disputed, mixed-era, or category-only evidence.",Unresolved,,,,Official EQL patches and current EQL Wiki with classic comparison,,EQL-LOOT-1.0,research,Quarantined,,B19-RES-001,,,No,Yes,Quarantined so incomplete equipment or uncertain source relationships do not enter the active catalog.,,,,,,,,,,,,A Magician,,,,,,,Indoor Dungeon / Laboratory / Prison,,,,,,,,,,,,,,,,,,,,,,,,,,,,,,,,,Open World,Open World,,,,,,,,,,,,,,,,,,,,,,,,,,,,,,,,,,,,,,,,,,,,,,,,,,,,,,,,,,,,,,,,,,,,No,,,,,,,,,,,,,,,,,,,,Unknown,,,,,Confirmed,Unconfirmed,,Review,,,,B19-NAJ,
B19-RES-002,19,Antonica,Najena,Damask Cap complete current source/race verification,,,,,,,,,,,,,,,,,,A Magician,,,,,,,,,,,,,,,,,,,Current EQL research batch,,,,,,,,,,Supplemental,Research only,https://eqlwiki.com/Category%3ANajena,https://eqlwiki.com/Najena_(NPC); classic EverQuest baseline,,Yes,1,,,,,,,Current EQL documentation audited,Quarantine,,,,,,,,,,,,2026-07-28,,,,Yes,,Reviewed,No direct-build observation,D,"Known lead with incomplete, disputed, mixed-era, or category-only evidence.",Unresolved,,,,Official EQL patches and current EQL Wiki with classic comparison,,EQL-LOOT-1.0,research,Quarantined,,B19-RES-002,,,No,Yes,Quarantined so incomplete equipment or uncertain source relationships do not enter the active catalog.,,,,,,,,,,,,A Magician,,,,,,,Indoor Dungeon / Laboratory / Prison,,,,,,,,,,,,,,,,,,,,,,,,,,,,,,,,,Open World,Open World,,,,,,,,,,,,,,,,,,,,,,,,,,,,,,,,,,,,,,,,,,,,,,,,,,,,,,,,,,,,,,,,,,,,No,,,,,,,,,,,,,,,,,,,,Unknown,,,,,Confirmed,Unconfirmed,,Review,,,,B19-NAJ,
B19-RES-003,19,Antonica,Najena,Damask Cape complete current source/race verification,,,,,,,,,,,,,,,,,,Najena shared caster population,,,,,,,,,,,,,,,,,,,Current EQL research batch,,,,,,,,,,Supplemental,Research only,https://eqlwiki.com/Category%3ANajena,https://eqlwiki.com/Najena_(NPC); classic EverQuest baseline,,Yes,1,,,,,,,Current EQL documentation audited,Quarantine,,,,,,,,,,,,2026-07-28,,,,Yes,,Reviewed,No direct-build observation,D,"Known lead with incomplete, disputed, mixed-era, or category-only evidence.",Unresolved,,,,Official EQL patches and current EQL Wiki with classic comparison,,EQL-LOOT-1.0,research,Quarantined,,B19-RES-003,,,No,Yes,Quarantined so incomplete equipment or uncertain source relationships do not enter the active catalog.,,,,,,,,,,,,Najena shared caster population,,,,,,,Indoor Dungeon / Laboratory / Prison,,,,,,,,,,,,,,,,,,,,,,,,,,,,,,,,,Open World,Open World,,,,,,,,,,,,,,,,,,,,,,,,,,,,,,,,,,,,,,,,,,,,,,,,,,,,,,,,,,,,,,,,,,,,No,,,,,,,,,,,,,,,,,,,,Unknown,,,,,Confirmed,Unconfirmed,,Review,,,,B19-NAJ,
B19-RES-004,19,Antonica,Najena,Damask Collar complete current record,,,,,,,,,,,,,,,,,,Najena shared caster population,,,,,,,,,,,,,,,,,,,Current EQL research batch,,,,,,,,,,Supplemental,Research only,https://eqlwiki.com/Category%3ANajena,https://eqlwiki.com/Najena_(NPC); classic EverQuest baseline,,Yes,1,,,,,,,Current EQL documentation audited,Quarantine,,,,,,,,,,,,2026-07-28,,,,Yes,,Reviewed,No direct-build observation,D,"Known lead with incomplete, disputed, mixed-era, or category-only evidence.",Unresolved,,,,Official EQL patches and current EQL Wiki with classic comparison,,EQL-LOOT-1.0,research,Quarantined,,B19-RES-004,,,No,Yes,Quarantined so incomplete equipment or uncertain source relationships do not enter the active catalog.,,,,,,,,,,,,Najena shared caster population,,,,,,,Indoor Dungeon / Laboratory / Prison,,,,,,,,,,,,,,,,,,,,,,,,,,,,,,,,,Open World,Open World,,,,,,,,,,,,,,,,,,,,,,,,,,,,,,,,,,,,,,,,,,,,,,,,,,,,,,,,,,,,,,,,,,,,No,,,,,,,,,,,,,,,,,,,,Unknown,,,,,Confirmed,Unconfirmed,,Review,,,,B19-NAJ,
B19-RES-005,19,Antonica,Najena,Damask Gloves complete current record,,,,,,,,,,,,,,,,,,Najena shared caster population,,,,,,,,,,,,,,,,,,,Current EQL research batch,,,,,,,,,,Supplemental,Research only,https://eqlwiki.com/Category%3ANajena,https://eqlwiki.com/Najena_(NPC); classic EverQuest baseline,,Yes,1,,,,,,,Current EQL documentation audited,Quarantine,,,,,,,,,,,,2026-07-28,,,,Yes,,Reviewed,No direct-build observation,D,"Known lead with incomplete, disputed, mixed-era, or category-only evidence.",Unresolved,,,,Official EQL patches and current EQL Wiki with classic comparison,,EQL-LOOT-1.0,research,Quarantined,,B19-RES-005,,,No,Yes,Quarantined so incomplete equipment or uncertain source relationships do not enter the active catalog.,,,,,,,,,,,,Najena shared caster population,,,,,,,Indoor Dungeon / Laboratory / Prison,,,,,,,,,,,,,,,,,,,,,,,,,,,,,,,,,Open World,Open World,,,,,,,,,,,,,,,,,,,,,,,,,,,,,,,,,,,,,,,,,,,,,,,,,,,,,,,,,,,,,,,,,,,,No,,,,,,,,,,,,,,,,,,,,Unknown,,,,,Confirmed,Unconfirmed,,Review,,,,B19-NAJ,
B19-RES-006,19,Antonica,Najena,Damask Sash complete current record,,,,,,,,,,,,,,,,,,Najena shared caster population,,,,,,,,,,,,,,,,,,,Current EQL research batch,,,,,,,,,,Supplemental,Research only,https://eqlwiki.com/Category%3ANajena,https://eqlwiki.com/Najena_(NPC); classic EverQuest baseline,,Yes,1,,,,,,,Current EQL documentation audited,Quarantine,,,,,,,,,,,,2026-07-28,,,,Yes,,Reviewed,No direct-build observation,D,"Known lead with incomplete, disputed, mixed-era, or category-only evidence.",Unresolved,,,,Official EQL patches and current EQL Wiki with classic comparison,,EQL-LOOT-1.0,research,Quarantined,,B19-RES-006,,,No,Yes,Quarantined so incomplete equipment or uncertain source relationships do not enter the active catalog.,,,,,,,,,,,,Najena shared caster population,,,,,,,Indoor Dungeon / Laboratory / Prison,,,,,,,,,,,,,,,,,,,,,,,,,,,,,,,,,Open World,Open World,,,,,,,,,,,,,,,,,,,,,,,,,,,,,,,,,,,,,,,,,,,,,,,,,,,,,,,,,,,,,,,,,,,,No,,,,,,,,,,,,,,,,,,,,Unknown,,,,,Confirmed,Unconfirmed,,Review,,,,B19-NAJ,
B19-RES-007,19,Antonica,Najena,Damask Sleeves complete current record,,,,,,,,,,,,,,,,,,Najena shared caster population,,,,,,,,,,,,,,,,,,,Current EQL research batch,,,,,,,,,,Supplemental,Research only,https://eqlwiki.com/Category%3ANajena,https://eqlwiki.com/Najena_(NPC); classic EverQuest baseline,,Yes,1,,,,,,,Current EQL documentation audited,Quarantine,,,,,,,,,,,,2026-07-28,,,,Yes,,Reviewed,No direct-build observation,D,"Known lead with incomplete, disputed, mixed-era, or category-only evidence.",Unresolved,,,,Official EQL patches and current EQL Wiki with classic comparison,,EQL-LOOT-1.0,research,Quarantined,,B19-RES-007,,,No,Yes,Quarantined so incomplete equipment or uncertain source relationships do not enter the active catalog.,,,,,,,,,,,,Najena shared caster population,,,,,,,Indoor Dungeon / Laboratory / Prison,,,,,,,,,,,,,,,,,,,,,,,,,,,,,,,,,Open World,Open World,,,,,,,,,,,,,,,,,,,,,,,,,,,,,,,,,,,,,,,,,,,,,,,,,,,,,,,,,,,,,,,,,,,,No,,,,,,,,,,,,,,,,,,,,Unknown,,,,,Confirmed,Unconfirmed,,Review,,,,B19-NAJ,
B19-RES-008,19,Antonica,Najena,Damask Veil complete current record,,,,,,,,,,,,,,,,,,Najena shared caster population,,,,,,,,,,,,,,,,,,,Current EQL research batch,,,,,,,,,,Supplemental,Research only,https://eqlwiki.com/Category%3ANajena,https://eqlwiki.com/Najena_(NPC); classic EverQuest baseline,,Yes,1,,,,,,,Current EQL documentation audited,Quarantine,,,,,,,,,,,,2026-07-28,,,,Yes,,Reviewed,No direct-build observation,D,"Known lead with incomplete, disputed, mixed-era, or category-only evidence.",Unresolved,,,,Official EQL patches and current EQL Wiki with classic comparison,,EQL-LOOT-1.0,research,Quarantined,,B19-RES-008,,,No,Yes,Quarantined so incomplete equipment or uncertain source relationships do not enter the active catalog.,,,,,,,,,,,,Najena shared caster population,,,,,,,Indoor Dungeon / Laboratory / Prison,,,,,,,,,,,,,,,,,,,,,,,,,,,,,,,,,Open World,Open World,,,,,,,,,,,,,,,,,,,,,,,,,,,,,,,,,,,,,,,,,,,,,,,,,,,,,,,,,,,,,,,,,,,,No,,,,,,,,,,,,,,,,,,,,Unknown,,,,,Confirmed,Unconfirmed,,Review,,,,B19-NAJ,
B19-RES-009,19,Antonica,Najena,Damask Wristbands complete current record,,,,,,,,,,,,,,,,,,Najena shared caster population,,,,,,,,,,,,,,,,,,,Current EQL research batch,,,,,,,,,,Supplemental,Research only,https://eqlwiki.com/Category%3ANajena,https://eqlwiki.com/Najena_(NPC); classic EverQuest baseline,,Yes,1,,,,,,,Current EQL documentation audited,Quarantine,,,,,,,,,,,,2026-07-28,,,,Yes,,Reviewed,No direct-build observation,D,"Known lead with incomplete, disputed, mixed-era, or category-only evidence.",Unresolved,,,,Official EQL patches and current EQL Wiki with classic comparison,,EQL-LOOT-1.0,research,Quarantined,,B19-RES-009,,,No,Yes,Quarantined so incomplete equipment or uncertain source relationships do not enter the active catalog.,,,,,,,,,,,,Najena shared caster population,,,,,,,Indoor Dungeon / Laboratory / Prison,,,,,,,,,,,,,,,,,,,,,,,,,,,,,,,,,Open World,Open World,,,,,,,,,,,,,,,,,,,,,,,,,,,,,,,,,,,,,,,,,,,,,,,,,,,,,,,,,,,,,,,,,,,,No,,,,,,,,,,,,,,,,,,,,Unknown,,,,,Confirmed,Unconfirmed,,Review,,,,B19-NAJ,
B19-RES-010,19,Antonica,Najena,Dark Mail Gauntlets versus Mittens probability and naming distinction,,,,,,,,,,,,,,,,,,The Guard Captain,,,,,,,,,,,,,,,,,,,Current EQL research batch,,,,,,,,,,Supplemental,Research only,https://eqlwiki.com/Category%3ANajena,https://eqlwiki.com/Najena_(NPC); classic EverQuest baseline,,Yes,1,,,,,,,Current EQL documentation audited,Quarantine,,,,,,,,,,,,2026-07-28,,,,Yes,,Reviewed,No direct-build observation,D,"Known lead with incomplete, disputed, mixed-era, or category-only evidence.",Unresolved,,,,Official EQL patches and current EQL Wiki with classic comparison,,EQL-LOOT-1.0,research,Quarantined,,B19-RES-010,,,No,Yes,Quarantined so incomplete equipment or uncertain source relationships do not enter the active catalog.,,,,,,,,,,,,The Guard Captain,,,,,,,Indoor Dungeon / Laboratory / Prison,,,,,,,,,,,,,,,,,,,,,,,,,,,,,,,,,Open World,Open World,,,,,,,,,,,,,,,,,,,,,,,,,,,,,,,,,,,,,,,,,,,,,,,,,,,,,,,,,,,,,,,,,,,,No,,,,,,,,,,,,,,,,,,,,Unknown,,,,,Confirmed,Unconfirmed,,Review,,,,B19-NAJ,
B19-RES-011,19,Antonica,Najena,A Stein truncated class restriction on dark-boned skeleton table,,,,,,,,,,,,,,,,,,Dark-boned Skeleton,,,,,,,,,,,,,,,,,,,Current EQL research batch,,,,,,,,,,Supplemental,Research only,https://eqlwiki.com/Category%3ANajena,https://eqlwiki.com/Najena_(NPC); classic EverQuest baseline,,Yes,1,,,,,,,Current EQL documentation audited,Quarantine,,,,,,,,,,,,2026-07-28,,,,Yes,,Reviewed,No direct-build observation,D,"Known lead with incomplete, disputed, mixed-era, or category-only evidence.",Unresolved,,,,Official EQL patches and current EQL Wiki with classic comparison,,EQL-LOOT-1.0,research,Quarantined,,B19-RES-011,,,No,Yes,Quarantined so incomplete equipment or uncertain source relationships do not enter the active catalog.,,,,,,,,,,,,Dark-boned Skeleton,,,,,,,Indoor Dungeon / Laboratory / Prison,,,,,,,,,,,,,,,,,,,,,,,,,,,,,,,,,Open World,Open World,,,,,,,,,,,,,,,,,,,,,,,,,,,,,,,,,,,,,,,,,,,,,,,,,,,,,,,,,,,,,,,,,,,,No,,,,,,,,,,,,,,,,,,,,Unknown,,,,,Confirmed,Unconfirmed,,Review,,,,B19-NAJ,
B19-RES-012,19,Antonica,Najena,Large Splinted Bronze Cloak EQL applicability,,,,,,,,,,,,,,,,,,Moosh; Officer Grush,,,,,,,,,,,,,,,,,,,Current EQL research batch,,,,,,,,,,Supplemental,Research only,https://eqlwiki.com/Category%3ANajena,https://eqlwiki.com/Najena_(NPC); classic EverQuest baseline,,Yes,1,,,,,,,Current EQL documentation audited,Quarantine,,,,,,,,,,,,2026-07-28,,,,Yes,,Reviewed,No direct-build observation,D,"Known lead with incomplete, disputed, mixed-era, or category-only evidence.",Unresolved,,,,Official EQL patches and current EQL Wiki with classic comparison,,EQL-LOOT-1.0,research,Quarantined,,B19-RES-012,,,No,Yes,Quarantined so incomplete equipment or uncertain source relationships do not enter the active catalog.,,,,,,,,,,,,Moosh; Officer Grush,,,,,,,Indoor Dungeon / Laboratory / Prison,,,,,,,,,,,,,,,,,,,,,,,,,,,,,,,,,Open World,Open World,,,,,,,,,,,,,,,,,,,,,,,,,,,,,,,,,,,,,,,,,,,,,,,,,,,,,,,,,,,,,,,,,,,,No,,,,,,,,,,,,,,,,,,,,Unknown,,,,,Confirmed,Unconfirmed,,Review,,,,B19-NAJ,
B19-RES-013,19,Antonica,Najena,Drelzna historical Journeyman's Boots entry,,,,,,,,,,,,,,,,,,Drelzna,,,,,,,,,,,,,,,,,,,Current EQL research batch,,,,,,,,,,Supplemental,Research only,https://eqlwiki.com/Category%3ANajena,https://eqlwiki.com/Najena_(NPC); classic EverQuest baseline,,Yes,1,,,,,,,Current EQL documentation audited,Quarantine,,,,,,,,,,,,2026-07-28,,,,Yes,,Reviewed,No direct-build observation,D,"Known lead with incomplete, disputed, mixed-era, or category-only evidence.",Unresolved,,,,Official EQL patches and current EQL Wiki with classic comparison,,EQL-LOOT-1.0,research,Quarantined,,B19-RES-013,,,No,Yes,Quarantined so incomplete equipment or uncertain source relationships do not enter the active catalog.,,,,,,,,,,,,Drelzna,,,,,,,Indoor Dungeon / Laboratory / Prison,,,,,,,,,,,,,,,,,,,,,,,,,,,,,,,,,Open World,Open World,,,,,,,,,,,,,,,,,,,,,,,,,,,,,,,,,,,,,,,,,,,,,,,,,,,,,,,,,,,,,,,,,,,,No,,,,,,,,,,,,,,,,,,,,Unknown,,,,,Confirmed,Unconfirmed,,Review,,,,B19-NAJ,
B19-RES-014,19,Antonica,Najena,Secondary magician Dull Bone Key drop,,,,,,,,,,,,,,,,,,Magician Key-Room Population,,,,,,,,,,,,,,,,,,,Current EQL research batch,,,,,,,,,,Supplemental,Research only,https://eqlwiki.com/Category%3ANajena,https://eqlwiki.com/Najena_(NPC); classic EverQuest baseline,,Yes,1,,,,,,,Current EQL documentation audited,Quarantine,,,,,,,,,,,,2026-07-28,,,,Yes,,Reviewed,No direct-build observation,D,"Known lead with incomplete, disputed, mixed-era, or category-only evidence.",Unresolved,,,,Official EQL patches and current EQL Wiki with classic comparison,,EQL-LOOT-1.0,research,Quarantined,,B19-RES-014,,,No,Yes,Quarantined so incomplete equipment or uncertain source relationships do not enter the active catalog.,,,,,,,,,,,,Magician Key-Room Population,,,,,,,Indoor Dungeon / Laboratory / Prison,,,,,,,,,,,,,,,,,,,,,,,,,,,,,,,,,Open World,Open World,,,,,,,,,,,,,,,,,,,,,,,,,,,,,,,,,,,,,,,,,,,,,,,,,,,,,,,,,,,,,,,,,,,,No,,,,,,,,,,,,,,,,,,,,Unknown,,,,,Confirmed,Unconfirmed,,Review,,,,B19-NAJ,
B19-RES-015,19,Antonica,Najena,Secondary magician Bloodstained Key drop,,,,,,,,,,,,,,,,,,Magician Key-Room Population,,,,,,,,,,,,,,,,,,,Current EQL research batch,,,,,,,,,,Supplemental,Research only,https://eqlwiki.com/Category%3ANajena,https://eqlwiki.com/Najena_(NPC); classic EverQuest baseline,,Yes,1,,,,,,,Current EQL documentation audited,Quarantine,,,,,,,,,,,,2026-07-28,,,,Yes,,Reviewed,No direct-build observation,D,"Known lead with incomplete, disputed, mixed-era, or category-only evidence.",Unresolved,,,,Official EQL patches and current EQL Wiki with classic comparison,,EQL-LOOT-1.0,research,Quarantined,,B19-RES-015,,,No,Yes,Quarantined so incomplete equipment or uncertain source relationships do not enter the active catalog.,,,,,,,,,,,,Magician Key-Room Population,,,,,,,Indoor Dungeon / Laboratory / Prison,,,,,,,,,,,,,,,,,,,,,,,,,,,,,,,,,Open World,Open World,,,,,,,,,,,,,,,,,,,,,,,,,,,,,,,,,,,,,,,,,,,,,,,,,,,,,,,,,,,,,,,,,,,,No,,,,,,,,,,,,,,,,,,,,Unknown,,,,,Confirmed,Unconfirmed,,Review,,,,B19-NAJ,
B19-RES-016,19,Antonica,Najena,Drop of Crystallized Flame quest-flag status,,,,,,,,,,,,,,,,,,Unbound Flame,,,,,,,,,,,,,,,,,,,Current EQL research batch,,,,,,,,,,Supplemental,Research only,https://eqlwiki.com/Category%3ANajena,https://eqlwiki.com/Najena_(NPC); classic EverQuest baseline,,Yes,1,,,,,,,Current EQL documentation audited,Quarantine,,,,,,,,,,,,2026-07-28,,,,Yes,,Reviewed,No direct-build observation,D,"Known lead with incomplete, disputed, mixed-era, or category-only evidence.",Unresolved,,,,Official EQL patches and current EQL Wiki with classic comparison,,EQL-LOOT-1.0,research,Quarantined,,B19-RES-016,,,No,Yes,Quarantined so incomplete equipment or uncertain source relationships do not enter the active catalog.,,,,,,,,,,,,Unbound Flame,,,,,,,Indoor Dungeon / Laboratory / Prison,,,,,,,,,,,,,,,,,,,,,,,,,,,,,,,,,Open World,Open World,,,,,,,,,,,,,,,,,,,,,,,,,,,,,,,,,,,,,,,,,,,,,,,,,,,,,,,,,,,,,,,,,,,,No,,,,,,,,,,,,,,,,,,,,Unknown,,,,,Confirmed,Unconfirmed,,Review,,,,B19-NAJ,
B19-RES-017,19,Antonica,Najena,Hilt of the Nobleman current drop-frequency conflict,,,,,,,,,,,,,,,,,,Ekeros; A Skeleton,,,,,,,,,,,,,,,,,,,Current EQL research batch,,,,,,,,,,Supplemental,Research only,https://eqlwiki.com/Category%3ANajena,https://eqlwiki.com/Najena_(NPC); classic EverQuest baseline,,Yes,1,,,,,,,Current EQL documentation audited,Quarantine,,,,,,,,,,,,2026-07-28,,,,Yes,,Reviewed,No direct-build observation,D,"Known lead with incomplete, disputed, mixed-era, or category-only evidence.",Unresolved,,,,Official EQL patches and current EQL Wiki with classic comparison,,EQL-LOOT-1.0,research,Quarantined,,B19-RES-017,,,No,Yes,Quarantined so incomplete equipment or uncertain source relationships do not enter the active catalog.,,,,,,,,,,,,Ekeros; A Skeleton,,,,,,,Indoor Dungeon / Laboratory / Prison,,,,,,,,,,,,,,,,,,,,,,,,,,,,,,,,,Open World,Open World,,,,,,,,,,,,,,,,,,,,,,,,,,,,,,,,,,,,,,,,,,,,,,,,,,,,,,,,,,,,,,,,,,,,No,,,,,,,,,,,,,,,,,,,,Unknown,,,,,Confirmed,Unconfirmed,,Review,,,,B19-NAJ,
B19-RES-018,19,Antonica,Najena,Exact Drelzna mixed item/key pool probabilities,,,,,,,,,,,,,,,,,,Drelzna,,,,,,,,,,,,,,,,,,,Current EQL research batch,,,,,,,,,,Supplemental,Research only,https://eqlwiki.com/Category%3ANajena,https://eqlwiki.com/Najena_(NPC); classic EverQuest baseline,,Yes,1,,,,,,,Current EQL documentation audited,Quarantine,,,,,,,,,,,,2026-07-28,,,,Yes,,Reviewed,No direct-build observation,D,"Known lead with incomplete, disputed, mixed-era, or category-only evidence.",Unresolved,,,,Official EQL patches and current EQL Wiki with classic comparison,,EQL-LOOT-1.0,research,Quarantined,,B19-RES-018,,,No,Yes,Quarantined so incomplete equipment or uncertain source relationships do not enter the active catalog.,,,,,,,,,,,,Drelzna,,,,,,,Indoor Dungeon / Laboratory / Prison,,,,,,,,,,,,,,,,,,,,,,,,,,,,,,,,,Open World,Open World,,,,,,,,,,,,,,,,,,,,,,,,,,,,,,,,,,,,,,,,,,,,,,,,,,,,,,,,,,,,,,,,,,,,No,,,,,,,,,,,,,,,,,,,,Unknown,,,,,Confirmed,Unconfirmed,,Review,,,,B19-NAJ,
B19-RES-019,19,Antonica,Najena,Exact Guard Captain armor and key pool probabilities,,,,,,,,,,,,,,,,,,The Guard Captain,,,,,,,,,,,,,,,,,,,Current EQL research batch,,,,,,,,,,Supplemental,Research only,https://eqlwiki.com/Category%3ANajena,https://eqlwiki.com/Najena_(NPC); classic EverQuest baseline,,Yes,1,,,,,,,Current EQL documentation audited,Quarantine,,,,,,,,,,,,2026-07-28,,,,Yes,,Reviewed,No direct-build observation,D,"Known lead with incomplete, disputed, mixed-era, or category-only evidence.",Unresolved,,,,Official EQL patches and current EQL Wiki with classic comparison,,EQL-LOOT-1.0,research,Quarantined,,B19-RES-019,,,No,Yes,Quarantined so incomplete equipment or uncertain source relationships do not enter the active catalog.,,,,,,,,,,,,The Guard Captain,,,,,,,Indoor Dungeon / Laboratory / Prison,,,,,,,,,,,,,,,,,,,,,,,,,,,,,,,,,Open World,Open World,,,,,,,,,,,,,,,,,,,,,,,,,,,,,,,,,,,,,,,,,,,,,,,,,,,,,,,,,,,,,,,,,,,,No,,,,,,,,,,,,,,,,,,,,Unknown,,,,,Confirmed,Unconfirmed,,Review,,,,B19-NAJ,
B19-RES-020,19,Antonica,Najena,Dark Boned Bracelet absent from exact Najena dark-boned skeleton table,,,,,,,,,,,,,,,,,,Dark-boned Skeleton,,,,,,,,,,,,,,,,,,,Current EQL research batch,,,,,,,,,,Supplemental,Research only,https://eqlwiki.com/Category%3ANajena,https://eqlwiki.com/Najena_(NPC); classic EverQuest baseline,,Yes,1,,,,,,,Current EQL documentation audited,Quarantine,,,,,,,,,,,,2026-07-28,,,,Yes,,Reviewed,No direct-build observation,D,"Known lead with incomplete, disputed, mixed-era, or category-only evidence.",Unresolved,,,,Official EQL patches and current EQL Wiki with classic comparison,,EQL-LOOT-1.0,research,Quarantined,,B19-RES-020,,,No,Yes,Quarantined so incomplete equipment or uncertain source relationships do not enter the active catalog.,,,,,,,,,,,,Dark-boned Skeleton,,,,,,,Indoor Dungeon / Laboratory / Prison,,,,,,,,,,,,,,,,,,,,,,,,,,,,,,,,,Open World,Open World,,,,,,,,,,,,,,,,,,,,,,,,,,,,,,,,,,,,,,,,,,,,,,,,,,,,,,,,,,,,,,,,,,,,No,,,,,,,,,,,,,,,,,,,,Unknown,,,,,Confirmed,Unconfirmed,,Review,,,,B19-NAJ,
B19-RES-021,19,Antonica,Najena,Officer Grush generic Bronze armor pool exact per-item rates,,,,,,,,,,,,,,,,,,Officer Grush,,,,,,,,,,,,,,,,,,,Current EQL research batch,,,,,,,,,,Supplemental,Research only,https://eqlwiki.com/Category%3ANajena,https://eqlwiki.com/Najena_(NPC); classic EverQuest baseline,,Yes,1,,,,,,,Current EQL documentation audited,Quarantine,,,,,,,,,,,,2026-07-28,,,,Yes,,Reviewed,No direct-build observation,D,"Known lead with incomplete, disputed, mixed-era, or category-only evidence.",Unresolved,,,,Official EQL patches and current EQL Wiki with classic comparison,,EQL-LOOT-1.0,research,Quarantined,,B19-RES-021,,,No,Yes,Quarantined so incomplete equipment or uncertain source relationships do not enter the active catalog.,,,,,,,,,,,,Officer Grush,,,,,,,Indoor Dungeon / Laboratory / Prison,,,,,,,,,,,,,,,,,,,,,,,,,,,,,,,,,Open World,Open World,,,,,,,,,,,,,,,,,,,,,,,,,,,,,,,,,,,,,,,,,,,,,,,,,,,,,,,,,,,,,,,,,,,,No,,,,,,,,,,,,,,,,,,,,Unknown,,,,,Confirmed,Unconfirmed,,Review,,,,B19-NAJ,
B19-RES-022,19,Antonica,Najena,Moosh unspecified Bronze armor pool,,,,,,,,,,,,,,,,,,Moosh,,,,,,,,,,,,,,,,,,,Current EQL research batch,,,,,,,,,,Supplemental,Research only,https://eqlwiki.com/Category%3ANajena,https://eqlwiki.com/Najena_(NPC); classic EverQuest baseline,,Yes,1,,,,,,,Current EQL documentation audited,Quarantine,,,,,,,,,,,,2026-07-28,,,,Yes,,Reviewed,No direct-build observation,D,"Known lead with incomplete, disputed, mixed-era, or category-only evidence.",Unresolved,,,,Official EQL patches and current EQL Wiki with classic comparison,,EQL-LOOT-1.0,research,Quarantined,,B19-RES-022,,,No,Yes,Quarantined so incomplete equipment or uncertain source relationships do not enter the active catalog.,,,,,,,,,,,,Moosh,,,,,,,Indoor Dungeon / Laboratory / Prison,,,,,,,,,,,,,,,,,,,,,,,,,,,,,,,,,Open World,Open World,,,,,,,,,,,,,,,,,,,,,,,,,,,,,,,,,,,,,,,,,,,,,,,,,,,,,,,,,,,,,,,,,,,,No,,,,,,,,,,,,,,,,,,,,Unknown,,,,,Confirmed,Unconfirmed,,Review,,,,B19-NAJ,
B19-RES-023,19,Antonica,Najena,Current-build verification of inherited classic Najena pages,,,,,,,,,,,,,,,,,,Zone-wide,,,,,,,,,,,,,,,,,,,Current EQL research batch,,,,,,,,,,Supplemental,Research only,https://eqlwiki.com/Category%3ANajena,https://eqlwiki.com/Najena_(NPC); classic EverQuest baseline,,Yes,1,,,,,,,Current EQL documentation audited,Quarantine,,,,,,,,,,,,2026-07-28,,,,Yes,,Reviewed,No direct-build observation,D,"Known lead with incomplete, disputed, mixed-era, or category-only evidence.",Unresolved,,,,Official EQL patches and current EQL Wiki with classic comparison,,EQL-LOOT-1.0,research,Quarantined,,B19-RES-023,,,No,Yes,Quarantined so incomplete equipment or uncertain source relationships do not enter the active catalog.,,,,,,,,,,,,Zone-wide,,,,,,,Indoor Dungeon / Laboratory / Prison,,,,,,,,,,,,,,,,,,,,,,,,,,,,,,,,,Open World,Open World,,,,,,,,,,,,,,,,,,,,,,,,,,,,,,,,,,,,,,,,,,,,,,,,,,,,,,,,,,,,,,,,,,,,No,,,,,,,,,,,,,,,,,,,,Unknown,,,,,Confirmed,Unconfirmed,,Review,,,,B19-NAJ,
