index,record_id,batch,continent,zone,item_name,item_category,slot,equippable,inventory_only,magic,lore,no_drop,quest_item,weight,size,classes_classic,races_classic,stats_raw,damage,delay,weapon_skill,proc_click_focus,source_npc,source_npc_level,source_npc_class,source_npc_race_type,placeholder,placeholder_level_range,nearby_enemy_level_range,spawn_type,spawn_location,respawn_timer,time_condition,special_abilities,social_or_add_risk,faction_consequences,drop_frequency,drop_rate_reported,drop_notes,era_status,tlp_status,legends_status,best_for_classes,best_for_archetypes,general_value_notes,personal_build_notes,effect_transfer_value,target_priority_general,duplicate_item_group,inclusion_reason,source_scope,core_or_supplemental,data_confidence,source_primary,source_secondary,research_notes,approved,revision,stats_classic,stats_eql,classes_eql,races_eql,source_npc_level_classic,source_npc_level_eql,eql_verification_status,eql_audit_action,eql_npc_confirmed,eql_item_confirmed,eql_drop_source_confirmed,eql_stats_match,eql_classes_match,eql_races_match,eql_effect_match,eql_spawn_match,eql_era_status,eql_wiki_source,eql_official_source,eql_last_checked,eql_changes_summary,eql_verification_notes,official_override_status,official_source_checked,eql_wiki_listing_status,eql_wiki_verification_state,current_build_confirmed,evidence_grade,evidence_strength,conflict_status,classic_original_launch,classic_historical_era,last_directly_observed,primary_evidence_layer,per_field_provenance_notes,schema_version,record_type,record_status,source_record_id,canonical_record_id,parent_record_id,related_record_ids,display_default,searchable,record_notes,faction_risk_level,faction_hits_known,faction_gains_known,city_access_risk,merchant_access_risk,quest_access_risk,initial_disposition,protected_npc_type,faction_behavior_notes,creature_family,creature_subfamily,normalized_source_name,source_name_aliases,shared_loot_family,family_faction,family_hostility,family_zone_scope,source_variant_notes,zone_type,zone_subarea,zone_wing,zone_floor,camp_or_room,location_coordinates,location_description,navigation_notes,escape_or_exit_risk,environmental_hazards,encounter_name,encounter_type,encounter_tier,encounter_group_size,encounter_raid_size,encounter_difficulty,encounter_trigger,encounter_scripted,encounter_phases,encounter_adds,encounter_failure_condition,encounter_reset_behavior,encounter_notes,placeholder_npc,placeholder_cycle,spawn_probability,spawn_count,spawn_window,respawn_variance,despawn_condition,spawn_dependencies,spawn_guaranteed,spawn_mechanics_notes,instance_status,instance_type,instance_name,instance_entry_method,instance_reuse_timer,loot_lockout_type,loot_lockout_duration,lockout_scope,lockout_applies_per_npc,lockout_applies_per_instance,lockout_bypass_conditions,instance_notes,loot_delivery_method,loot_container_name,loot_table_name,loot_table_tier,loot_pool_type,loot_roll_type,loot_quantity_min,loot_quantity_max,loot_slots_reported,loot_selection_behavior,shared_loot_notes,currency_drop,loot_delivery_notes,drop_rate_type,drop_rate_numerator,drop_rate_denominator,drop_rate_sample_size,drop_rate_pool_probability,drop_rate_item_probability,drop_rate_source,drop_rate_confidence,drop_rate_conditions,access_requirement,access_key_item,access_key_consumed,access_quest,minimum_recommended_level,minimum_group_size,minimum_raid_size,class_role_requirements,door_or_lock_requirement,levitation_required,underwater_required,resist_requirements,corpse_recovery_difficulty,bind_or_reentry_notes,access_notes,encounter_hp,encounter_ac,damage_per_hit_min,damage_per_hit_max,attacks_per_round,aoe_effects,single_target_effects,debuffs,summons_players,enrages,rampage,flurry,banishes,mem_blur,charm,fear,death_touch,resist_profile,immunity_profile,combat_mechanics_notes,raid_target,raid_classification,raid_progression_role,raid_prerequisite,contested_status,racing_or_engagement_rules,racing_line,open_world_competition,recommended_composition,raid_notes,quest_name,quest_step,quest_role,epic_class,progression_category,required_for_access,required_for_spawn,required_for_turn_in,reward_type,quest_dependency_notes,content_availability,availability_context,availability_start,availability_end,availability_condition,beta_availability_status,launch_availability_status,instance_availability_status,compatibility_action,compatibility_reason,custom_tags,alternate_names,content_group_id,data_extension_json
1,B20-UNR-001,20,Faydwer,The Estate of Unrest,Bloodstained Mantle,Armor,SHOULDERS,Yes,No,Yes,,,,3.5,SMALL,WAR CLR PAL RNG SHD BRD ROG SHM,ALL,AC 6; STR +3; SV MAGIC +10,,,,,an undead knight of Unrest,28,Shadow Knight,Undead Skeleton,a festering hag,,,Placeholder Named,Undead knight tower,22:00,,,,,,,,Classic,,Current EQL Wiki-listed,,,,,,,,"Notable equipment, access item, or meaningful quest/progression relationship.",Zone-specific,Core,Medium,https://eqlwiki.com/Estate_of_Unrest,https://wiki.project1999.com/Unrest,,Yes,2,AC 6; STR +3; SV MAGIC +10,AC 6; STR +3; SV MAGIC +10,WAR CLR PAL RNG SHD BRD ROG SHM,ALL,28,28,Current EQL Wiki-listed; direct-build unconfirmed,Add,Wiki,Wiki,Wiki,No identified change,No identified change,No identified change,No identified change,Unverified,Classic-retained,https://eqlwiki.com/Estate_of_Unrest,,2026-07-28,,,,Yes,Listed,Current Wiki evidence,No,C,Current EQL Wiki item/zone listing with classic comparison.,None identified,Yes,Classic,,Current EQL Wiki,Current fields from EQL Wiki zone/item presentation; classic fields from Project 1999/classic-era baseline.,EQL-LOOT-1.0,loot,Active,,B20-UNR-001,,,Yes,Yes,,,,,,,,,,,Undead Skeleton,,an undead knight of Unrest,,,,Hostile,The Estate of Unrest,,Indoor/Outdoor Dungeon Compound,House,,4,Undead knight tower,,,,,,an undead knight of Unrest,Named / notable source,,,,,,,,,,,,a festering hag,,,,,,,,,,Open World,Open World,,,,,,,,,,,NPC Corpse,,,,,,,,,,,,,,,,,,,,,,,,,,,,,,,,,,,,,,,,,,,,,,,,,,,,,,,,,No,,,,,,,,,,,,,,,,,,,,Available,Current EQL beta-era content,,,,Confirmed,Unconfirmed,,,,,,B20-UNR,
2,B20-UNR-002,20,Faydwer,The Estate of Unrest,Bloodstained Tunic,Armor,CHEST,Yes,No,Yes,,,,6.5,MEDIUM,WAR CLR PAL RNG SHD BRD ROG SHM,ALL,AC 13; WIS +4; AGI +4,,,,,an undead knight of Unrest,28,Shadow Knight,Undead Skeleton,a festering hag,,,Placeholder Named,Undead knight tower,22:00,,,,,,,,Classic,,Current EQL Wiki-listed,,,,,,,,"Notable equipment, access item, or meaningful quest/progression relationship.",Zone-specific,Core,Medium,https://eqlwiki.com/Estate_of_Unrest,https://wiki.project1999.com/Unrest,,Yes,2,AC 13; WIS +4; AGI +4,AC 13; WIS +4; AGI +4,WAR CLR PAL RNG SHD BRD ROG SHM,ALL,28,28,Current EQL Wiki-listed; direct-build unconfirmed,Add,Wiki,Wiki,Wiki,No identified change,No identified change,No identified change,No identified change,Unverified,Classic-retained,https://eqlwiki.com/Estate_of_Unrest,,2026-07-28,,,,Yes,Listed,Current Wiki evidence,No,C,Current EQL Wiki item/zone listing with classic comparison.,None identified,Yes,Classic,,Current EQL Wiki,Current fields from EQL Wiki zone/item presentation; classic fields from Project 1999/classic-era baseline.,EQL-LOOT-1.0,loot,Active,,B20-UNR-002,,,Yes,Yes,,,,,,,,,,,Undead Skeleton,,an undead knight of Unrest,,,,Hostile,The Estate of Unrest,,Indoor/Outdoor Dungeon Compound,House,,4,Undead knight tower,,,,,,an undead knight of Unrest,Named / notable source,,,,,,,,,,,,a festering hag,,,,,,,,,,Open World,Open World,,,,,,,,,,,NPC Corpse,,,,,,,,,,,,,,,,,,,,,,,,,,,,,,,,,,,,,,,,,,,,,,,,,,,,,,,,,No,,,,,,,,,,,,,,,,,,,,Available,Current EQL beta-era content,,,,Confirmed,Unconfirmed,,,,,,B20-UNR,
3,B20-UNR-003,20,Faydwer,The Estate of Unrest,Dwarven Work Boots,Armor,FEET,Yes,No,Yes,,,,5.0,MEDIUM,ALL except NEC WIZ MAG ENC,ALL,AC 8; STR +3; DEX +5,,,,,Garanel Rucksif,35,Warrior,Undead Ghost Dwarf,a festering hag,,,Placeholder Named,Dwarf room,22:00,,,,,,,,Classic,,Current EQL Wiki-listed,,,,,,,,"Notable equipment, access item, or meaningful quest/progression relationship.",Zone-specific,Core,Medium,https://eqlwiki.com/Estate_of_Unrest,https://wiki.project1999.com/Unrest,,Yes,2,AC 8; STR +3; DEX +5,AC 8; STR +3; DEX +5,ALL except NEC WIZ MAG ENC,ALL,35,35,Current EQL Wiki-listed; direct-build unconfirmed,Add,Wiki,Wiki,Wiki,No identified change,No identified change,No identified change,No identified change,Unverified,Classic-retained,https://eqlwiki.com/Estate_of_Unrest,,2026-07-28,,,,Yes,Listed,Current Wiki evidence,No,C,Current EQL Wiki item/zone listing with classic comparison.,None identified,Yes,Classic,,Current EQL Wiki,Current fields from EQL Wiki zone/item presentation; classic fields from Project 1999/classic-era baseline.,EQL-LOOT-1.0,loot,Active,,B20-UNR-003,,,Yes,Yes,,,,,,,,,,,Undead Ghost Dwarf,,Garanel Rucksif,,,,Hostile,The Estate of Unrest,,Indoor/Outdoor Dungeon Compound,Basement,,Basement,Dwarf room,,,,,,Garanel Rucksif,Named / notable source,,,,,,,,,,,,a festering hag,,,,,,,,,,Open World,Open World,,,,,,,,,,,NPC Corpse,,,,,,,,,,,,,,,,,,,,,,,,,,,,,,,,,,,,,,,,,,,,,,,,,,,,,,,,,No,,,,,,,,,,,,,,,,,,,,Available,Current EQL beta-era content,,,,Confirmed,Unconfirmed,,,,,,B20-UNR,
4,B20-UNR-004,20,Faydwer,The Estate of Unrest,Jagged Band,Jewelry,FINGER,Yes,No,Yes,,,,0.1,TINY,ALL,ALL,AC 5; STR +3,,,,,Garanel Rucksif,35,Warrior,Undead Ghost Dwarf,a festering hag,,,Placeholder Named,Dwarf room,22:00,,,,,,,,Classic,,Current EQL Wiki-listed,,,,,,,,"Notable equipment, access item, or meaningful quest/progression relationship.",Zone-specific,Core,Medium,https://eqlwiki.com/Estate_of_Unrest,https://wiki.project1999.com/Unrest,,Yes,2,AC 5; STR +3,AC 5; STR +3,ALL,ALL,35,35,Current EQL Wiki-listed; direct-build unconfirmed,Add,Wiki,Wiki,Wiki,No identified change,No identified change,No identified change,No identified change,Unverified,Classic-retained,https://eqlwiki.com/Estate_of_Unrest,,2026-07-28,,,,Yes,Listed,Current Wiki evidence,No,C,Current EQL Wiki item/zone listing with classic comparison.,None identified,Yes,Classic,,Current EQL Wiki,Current fields from EQL Wiki zone/item presentation; classic fields from Project 1999/classic-era baseline.,EQL-LOOT-1.0,loot,Active,,B20-UNR-004,,,Yes,Yes,,,,,,,,,,,Undead Ghost Dwarf,,Garanel Rucksif,,,,Hostile,The Estate of Unrest,,Indoor/Outdoor Dungeon Compound,Basement,,Basement,Dwarf room,,,,,,Garanel Rucksif,Named / notable source,,,,,,,,,,,,a festering hag,,,,,,,,,,Open World,Open World,,,,,,,,,,,NPC Corpse,,,,,,,,,,,,,,,,,,,,,,,,,,,,,,,,,,,,,,,,,,,,,,,,,,,,,,,,,No,,,,,,,,,,,,,,,,,,,,Available,Current EQL beta-era content,,,,Confirmed,Unconfirmed,,,,,,B20-UNR,
5,B20-UNR-005,20,Faydwer,The Estate of Unrest,Savant's Cap,Armor,HEAD,Yes,No,Yes,,,,0.3,SMALL,ALL,ALL,AC 2; WIS +3; INT +3,,,,Focus: Reagent Conservation II,reclusive ghoul magus,23,Necromancer,Undead Ghoul,,,,Named / uncertain placeholder,Magus room,,,,,,,,,Classic,,Current EQL Wiki-listed,,,,,,,,"Notable equipment, access item, or meaningful quest/progression relationship.",Zone-specific,Core,Medium,https://eqlwiki.com/Estate_of_Unrest,https://wiki.project1999.com/Unrest,,Yes,2,AC 2; WIS +3; INT +3,AC 2; WIS +3; INT +3,ALL,ALL,23,23,Current EQL Wiki-listed; direct-build unconfirmed,Add,Wiki,Wiki,Wiki,Changed,No identified change,No identified change,Changed,Unverified,Classic-retained with EQL changes,https://eqlwiki.com/Estate_of_Unrest,,2026-07-28,EQL focus addition: Reagent Conservation II.,,,Yes,Listed,Current Wiki evidence,No,C,Current EQL Wiki item/zone listing with classic comparison.,None identified,Yes,Classic,,Current EQL Wiki,Current fields from EQL Wiki zone/item presentation; classic fields from Project 1999/classic-era baseline.,EQL-LOOT-1.0,loot,Active,,B20-UNR-005,,,Yes,Yes,,,,,,,,,,,Undead Ghoul,,reclusive ghoul magus,,,,Hostile,The Estate of Unrest,,Indoor/Outdoor Dungeon Compound,House,,2,Magus room,,,,,,reclusive ghoul magus,Named / notable source,,,,,,,,,,,,,,,,,,,,,,Open World,Open World,,,,,,,,,,,NPC Corpse,,,,,,,,,,,,,,,,,,,,,,,,,,,,,,,,,,,,,,,,,,,,,,,,,,,,,,,,,No,,,,,,,,,,,,,,,,,,,,Available,Current EQL beta-era content,,,,Confirmed,Unconfirmed,,,,,,B20-UNR,
6,B20-UNR-006,20,Faydwer,The Estate of Unrest,Dusty Bloodstained Gloves,Armor,HANDS,Yes,No,Yes,,,,0.4,SMALL,NEC WIZ MAG ENC,ALL,AC 2; MANA +25,,,,Focus: Summoning Efficiency I,reclusive ghoul magus,23,Necromancer,Undead Ghoul,,,,Named / uncertain placeholder,Magus room,,,,,,,,,Classic,,Current EQL Wiki-listed,,,,,,,,"Notable equipment, access item, or meaningful quest/progression relationship.",Zone-specific,Core,Medium,https://eqlwiki.com/Estate_of_Unrest,https://wiki.project1999.com/Unrest,,Yes,2,AC 2; MANA +25,AC 2; MANA +25,NEC WIZ MAG ENC,ALL,23,23,Current EQL Wiki-listed; direct-build unconfirmed,Add,Wiki,Wiki,Wiki,Changed,No identified change,No identified change,Changed,Unverified,Classic-retained with EQL changes,https://eqlwiki.com/Estate_of_Unrest,,2026-07-28,EQL focus addition: Summoning Efficiency I.,,,Yes,Listed,Current Wiki evidence,No,C,Current EQL Wiki item/zone listing with classic comparison.,None identified,Yes,Classic,,Current EQL Wiki,Current fields from EQL Wiki zone/item presentation; classic fields from Project 1999/classic-era baseline.,EQL-LOOT-1.0,loot,Active,,B20-UNR-006,,,Yes,Yes,,,,,,,,,,,Undead Ghoul,,reclusive ghoul magus,,,,Hostile,The Estate of Unrest,,Indoor/Outdoor Dungeon Compound,House,,2,Magus room,,,,,,reclusive ghoul magus,Named / notable source,,,,,,,,,,,,,,,,,,,,,,Open World,Open World,,,,,,,,,,,NPC Corpse,,,,,,,,,,,,,,,,,,,,,,,,,,,,,,,,,,,,,,,,,,,,,,,,,,,,,,,,,No,,,,,,,,,,,,,,,,,,,,Available,Current EQL beta-era content,,,,Confirmed,Unconfirmed,,,,,,B20-UNR,
7,B20-UNR-007,20,Faydwer,The Estate of Unrest,Opalline Earring,Jewelry,EAR,Yes,No,Yes,,,,0.1,TINY,ALL,ALL,AC 2; CHA +5,,,,,an undead barkeep,25,Rogue,Undead Zombie,,,,Named,Barroom,22:00,,,,,,,,Classic,,Current EQL Wiki-listed,,,,,,,,"Notable equipment, access item, or meaningful quest/progression relationship.",Zone-specific,Core,Medium,https://eqlwiki.com/Estate_of_Unrest,https://wiki.project1999.com/Unrest,,Yes,2,AC 2; CHA +5,AC 2; CHA +5,ALL,ALL,25,25,Current EQL Wiki-listed; direct-build unconfirmed,Add,Wiki,Wiki,Wiki,No identified change,No identified change,No identified change,No identified change,Unverified,Classic-retained,https://eqlwiki.com/Estate_of_Unrest,,2026-07-28,,,,Yes,Listed,Current Wiki evidence,No,C,Current EQL Wiki item/zone listing with classic comparison.,None identified,Yes,Classic,,Current EQL Wiki,Current fields from EQL Wiki zone/item presentation; classic fields from Project 1999/classic-era baseline.,EQL-LOOT-1.0,loot,Active,,B20-UNR-007,,,Yes,Yes,,,,,,,,,,,Undead Zombie,,an undead barkeep,,,,Hostile,The Estate of Unrest,,Indoor/Outdoor Dungeon Compound,House,,3,Barroom,,,,,,an undead barkeep,Named / notable source,,,,,,,,,,,,,,,,,,,,,,Open World,Open World,,,,,,,,,,,NPC Corpse,,,,,,,,,,,,,,,,,,,,,,,,,,,,,,,,,,,,,,,,,,,,,,,,,,,,,,,,,No,,,,,,,,,,,,,,,,,,,,Available,Current EQL beta-era content,,,,Confirmed,Unconfirmed,,,,,,B20-UNR,
8,B20-UNR-008,20,Faydwer,The Estate of Unrest,Thick Leather Apron,Armor,WAIST,Yes,No,No,,,,1.0,SMALL,ALL except NEC WIZ MAG ENC,ALL,AC 8,,,,,an undead barkeep,25,Rogue,Undead Zombie,,,,Named,Barroom,22:00,,,,,,,,Classic,,Current EQL Wiki-listed,,,,,,,,"Notable equipment, access item, or meaningful quest/progression relationship.",Zone-specific,Core,Medium,https://eqlwiki.com/Estate_of_Unrest,https://wiki.project1999.com/Unrest,,Yes,2,AC 8,AC 8,ALL except NEC WIZ MAG ENC,ALL,25,25,Current EQL Wiki-listed; direct-build unconfirmed,Add,Wiki,Wiki,Wiki,No identified change,No identified change,No identified change,No identified change,Unverified,Classic-retained,https://eqlwiki.com/Estate_of_Unrest,,2026-07-28,,,,Yes,Listed,Current Wiki evidence,No,C,Current EQL Wiki item/zone listing with classic comparison.,None identified,Yes,Classic,,Current EQL Wiki,Current fields from EQL Wiki zone/item presentation; classic fields from Project 1999/classic-era baseline.,EQL-LOOT-1.0,loot,Active,,B20-UNR-008,,,Yes,Yes,,,,,,,,,,,Undead Zombie,,an undead barkeep,,,,Hostile,The Estate of Unrest,,Indoor/Outdoor Dungeon Compound,House,,3,Barroom,,,,,,an undead barkeep,Named / notable source,,,,,,,,,,,,,,,,,,,,,,Open World,Open World,,,,,,,,,,,NPC Corpse,,,,,,,,,,,,,,,,,,,,,,,,,,,,,,,,,,,,,,,,,,,,,,,,,,,,,,,,,No,,,,,,,,,,,,,,,,,,,,Available,Current EQL beta-era content,,,,Confirmed,Unconfirmed,,,,,,B20-UNR,
9,B20-UNR-009,20,Faydwer,The Estate of Unrest,Ivory Bracelet,Jewelry,WRIST,Yes,No,Yes,,,,0.2,TINY,ALL,ALL,AGI +3; MANA +20,,,,Focus: Reanimation Haste I,a reanimated hand (Unrest),21,Wizard,Undead Construct,,,,Static / rare,Hand room,,,,,,,,,Classic,,Current EQL Wiki-listed,,,,,,,,"Notable equipment, access item, or meaningful quest/progression relationship.",Zone-specific,Core,Medium,https://eqlwiki.com/Estate_of_Unrest,https://wiki.project1999.com/Unrest,,Yes,2,AGI +3; MANA +20,AGI +3; MANA +20,ALL,ALL,21,21,Current EQL Wiki-listed; direct-build unconfirmed,Add,Wiki,Wiki,Wiki,Changed,No identified change,No identified change,Changed,Unverified,Classic-retained with EQL changes,https://eqlwiki.com/Estate_of_Unrest,,2026-07-28,EQL focus addition: Reanimation Haste I.,,,Yes,Listed,Current Wiki evidence,No,C,Current EQL Wiki item/zone listing with classic comparison.,None identified,Yes,Classic,,Current EQL Wiki,Current fields from EQL Wiki zone/item presentation; classic fields from Project 1999/classic-era baseline.,EQL-LOOT-1.0,loot,Active,,B20-UNR-009,,,Yes,Yes,,,,,,,,,,,Undead Construct,,a reanimated hand (Unrest),,,,Hostile,The Estate of Unrest,,Indoor/Outdoor Dungeon Compound,House,,3,Hand room,,,,,,a reanimated hand (Unrest),Named / notable source,,,,,,,,,,,,,,,,,,,,,,Open World,Open World,,,,,,,,,,,NPC Corpse,,,,,,,,,,,,,,,,,,,,,,,,,,,,,,,,,,,,,,,,,,,,,,,,,,,,,,,,,No,,,,,,,,,,,,,,,,,,,,Available,Current EQL beta-era content,,,,Confirmed,Unconfirmed,,,,,,B20-UNR,
10,B20-UNR-010,20,Faydwer,The Estate of Unrest,Gladius,Weapon,PRIMARY SECONDARY,Yes,No,Yes,,,,2.5,MEDIUM,WAR PAL RNG SHD BRD ROG,ALL,,7,29,1H Slashing,,Lesser Blade Fiend,19,Warrior,Dervish / Blade Fiend,a dark boned skeleton,,,Placeholder Named,Side-door alcove,,,,,,,,,Classic,,Current EQL Wiki-listed,,,Weapon ratio 0.241,,,,,"Notable equipment, access item, or meaningful quest/progression relationship.",Zone-specific,Core,Medium,https://eqlwiki.com/Estate_of_Unrest,https://wiki.project1999.com/Unrest,,Yes,2,,,WAR PAL RNG SHD BRD ROG,ALL,19,19,Current EQL Wiki-listed; direct-build unconfirmed,Add,Wiki,Wiki,Wiki,No identified change,No identified change,No identified change,No identified change,Unverified,Classic-retained,https://eqlwiki.com/Estate_of_Unrest,,2026-07-28,,,,Yes,Listed,Current Wiki evidence,No,C,Current EQL Wiki item/zone listing with classic comparison.,None identified,Yes,Classic,,Current EQL Wiki,Current fields from EQL Wiki zone/item presentation; classic fields from Project 1999/classic-era baseline.,EQL-LOOT-1.0,loot,Active,,B20-UNR-010,,,Yes,Yes,,,,,,,,,,,Dervish / Blade Fiend,,Lesser Blade Fiend,,,,Hostile,The Estate of Unrest,,Indoor/Outdoor Dungeon Compound,House,,1,Side-door alcove,,,,,,Lesser Blade Fiend,Named / notable source,,,,,,,,,,,,a dark boned skeleton,,,,,,,,,,Open World,Open World,,,,,,,,,,,NPC Corpse,,,,,,,,,,,,,,,,,,,,,,,,,,,,,,,,,,,,,,,,,,,,,,,,,,,,,,,,,No,,,,,,,,,,,,,,,,,,,,Available,Current EQL beta-era content,,,,Confirmed,Unconfirmed,,,,,,B20-UNR,
11,B20-UNR-011,20,Faydwer,The Estate of Unrest,Pugius,Weapon,PRIMARY SECONDARY,Yes,No,Yes,,,,2.5,SMALL,ALL except CLR PAL DRU MNK SHM,ALL,BACKSTAB +5,5,21,Piercing,,Lesser Blade Fiend,19,Warrior,Dervish / Blade Fiend,a dark boned skeleton,,,Placeholder Named,Side-door alcove,,,,,,,,,Classic,,Current EQL Wiki-listed,,,Weapon ratio 0.238,,,,,"Notable equipment, access item, or meaningful quest/progression relationship.",Zone-specific,Core,Medium,https://eqlwiki.com/Estate_of_Unrest,https://wiki.project1999.com/Unrest,,Yes,2,,BACKSTAB +5,ALL except CLR PAL DRU MNK SHM,ALL,19,19,Current EQL Wiki-listed; direct-build unconfirmed,Add,Wiki,Wiki,Wiki,Changed,No identified change,No identified change,No identified change,Unverified,Classic-retained with EQL changes,https://eqlwiki.com/Estate_of_Unrest,,2026-07-28,Probable EQL stat addition: Backstab +5.,,,Yes,Listed,Current Wiki evidence,No,C,Current EQL Wiki item/zone listing with classic comparison.,None identified,Yes,Classic,,Current EQL Wiki,Current fields from EQL Wiki zone/item presentation; classic fields from Project 1999/classic-era baseline.,EQL-LOOT-1.0,loot,Active,,B20-UNR-011,,,Yes,Yes,,,,,,,,,,,Dervish / Blade Fiend,,Lesser Blade Fiend,,,,Hostile,The Estate of Unrest,,Indoor/Outdoor Dungeon Compound,House,,1,Side-door alcove,,,,,,Lesser Blade Fiend,Named / notable source,,,,,,,,,,,,a dark boned skeleton,,,,,,,,,,Open World,Open World,,,,,,,,,,,NPC Corpse,,,,,,,,,,,,,,,,,,,,,,,,,,,,,,,,,,,,,,,,,,,,,,,,,,,,,,,,,No,,,,,,,,,,,,,,,,,,,,Available,Current EQL beta-era content,,,,Confirmed,Unconfirmed,,,,,,B20-UNR,
12,B20-UNR-012,20,Faydwer,The Estate of Unrest,Festering Cloak,Armor,BACK,Yes,No,Yes,,,,0.5,MEDIUM,NEC,HUM ERU DEF GNM IKS,AC 5; HP +10; MANA +10; SV DISEASE -10; SV POISON -10,,,,,a festering hag,28-30,Wizard,Undead Hag,,,,,Hag populations,,,,,,,,,Classic,,Current EQL Wiki-listed,,,,,,,,"Notable equipment, access item, or meaningful quest/progression relationship.",Zone-specific,Core,Medium,https://eqlwiki.com/Estate_of_Unrest,https://wiki.project1999.com/Unrest,,Yes,2,AC 5; HP +10; MANA +10; SV DISEASE -10; SV POISON -10,AC 5; HP +10; MANA +10; SV DISEASE -10; SV POISON -10,NEC,ALL,28-30,28-30,Current EQL Wiki-listed; direct-build unconfirmed,Add,Wiki,Wiki,Wiki,No identified change,No identified change,Changed,No identified change,,Classic-retained with EQL changes,https://eqlwiki.com/Estate_of_Unrest,,2026-07-28,EQL race eligibility expanded to ALL.,,,Yes,Listed,Current Wiki evidence,No,C,Current EQL Wiki item/zone listing with classic comparison.,Classic-era race-list normalization required,Yes,Classic,,Current EQL Wiki,Current fields from EQL Wiki zone/item presentation; classic fields from Project 1999/classic-era baseline.,EQL-LOOT-1.0,loot,Active,,B20-UNR-012,,,Yes,Yes,,,,,,,,,,,Undead Hag,,a festering hag,,,,Hostile,The Estate of Unrest,,Indoor/Outdoor Dungeon Compound,House / Basement,,,Hag populations,,,,,,a festering hag,Named / notable source,,,,,,,,,,,,,,,,,,,,,,Open World,Open World,,,,,,,,,,,NPC Corpse,,,,,,,,,,,,,,,,,,,,,,,,,,,,,,,,,,,,,,,,,,,,,,,,,,,,,,,,,No,,,,,,,,,,,,,,,,,,,,Available,Current EQL beta-era content,,,,Confirmed,Unconfirmed,,,,,,B20-UNR,
13,B20-UNR-013,20,Faydwer,The Estate of Unrest,Dark Boned Bracelet,Armor,WRIST,Yes,No,Yes,Yes,Yes,,0.1,TINY,ALL,ALL,AC 2; SV FIRE +2,,,,,a greater dark bone,26-30,Warrior,Undead Skeleton,,,,,Greater dark bone population,,,,,,,,,Classic,,Current EQL Wiki-listed,,,,,,,,"Notable equipment, access item, or meaningful quest/progression relationship.",Zone-specific,Core,Medium,https://eqlwiki.com/Estate_of_Unrest,https://wiki.project1999.com/Unrest,,Yes,2,AC 2; SV FIRE +2,AC 2; SV FIRE +2,ALL,ALL,26-30,26-30,Current EQL Wiki-listed; direct-build unconfirmed,Add,Wiki,Wiki,Wiki,No identified change,No identified change,No identified change,No identified change,,Classic-retained,https://eqlwiki.com/Estate_of_Unrest,,2026-07-28,,,,Yes,Listed,Current Wiki evidence,No,C,Current EQL Wiki item/zone listing with classic comparison.,None identified,Yes,Classic,,Current EQL Wiki,Current fields from EQL Wiki zone/item presentation; classic fields from Project 1999/classic-era baseline.,EQL-LOOT-1.0,loot,Active,,B20-UNR-013,,,Yes,Yes,,,,,,,,,,,Undead Skeleton,,a greater dark bone,,,,Hostile,The Estate of Unrest,,Indoor/Outdoor Dungeon Compound,Basement,,Basement,Greater dark bone population,,,,,,a greater dark bone,Named / notable source,,,,,,,,,,,,,,,,,,,,,,Open World,Open World,,,,,,,,,,,NPC Corpse,,,,,,,,,,,,,,,,,,,,,,,,,,,,,,,,,,,,,,,,,,,,,,,,,,,,,,,,,No,,,,,,,,,,,,,,,,,,,,Available,Current EQL beta-era content,,,,Confirmed,Unconfirmed,,,,,,B20-UNR,
14,B20-UNR-014,20,Faydwer,The Estate of Unrest,Ebon Wand,Weapon / Utility,PRIMARY SECONDARY,Yes,No,Yes,,,,0.5,SMALL,NEC,ALL,SV DISEASE +5,,,,,a dry bone skeleton,20-22,Warrior,Undead Skeleton,,,,,,,,,,,,,,Classic,,Current EQL Wiki-listed,,,,,,,,"Notable equipment, access item, or meaningful quest/progression relationship.",Zone-specific,Core,Medium,https://eqlwiki.com/Estate_of_Unrest,https://wiki.project1999.com/Unrest,,Yes,2,SV DISEASE +5,SV DISEASE +5,NEC,ALL,20-22,20-22,Current EQL Wiki-listed; direct-build unconfirmed,Add,Wiki,Wiki,Wiki,No identified change,No identified change,No identified change,No identified change,,Classic-retained,https://eqlwiki.com/Estate_of_Unrest,,2026-07-28,,,,Yes,Listed,Current Wiki evidence,No,C,Current EQL Wiki item/zone listing with classic comparison.,None identified,Yes,Classic,,Current EQL Wiki,Current fields from EQL Wiki zone/item presentation; classic fields from Project 1999/classic-era baseline.,EQL-LOOT-1.0,loot,Active,,B20-UNR-014,,,Yes,Yes,,,,,,,,,,,Undead Skeleton,,a dry bone skeleton,,,,Hostile,The Estate of Unrest,,Indoor/Outdoor Dungeon Compound,House / Basement,,,,,,,,,a dry bone skeleton,Named / notable source,,,,,,,,,,,,,,,,,,,,,,Open World,Open World,,,,,,,,,,,NPC Corpse,,,,,,,,,,,,,,,,,,,,,,,,,,,,,,,,,,,,,,,,,,,,,,,,,,,,,,,,,No,,,,,,,,,,,,,,,,,,,,Available,Current EQL beta-era content,,,,Confirmed,Unconfirmed,,,,,,B20-UNR,
15,B20-UNR-015,20,Faydwer,The Estate of Unrest,Ebon Dagger,Weapon,PRIMARY SECONDARY,Yes,No,Yes,,,,,,ALL,ALL,BACKSTAB +3,3,20,Piercing,,a dry bone skeleton,20-22,Warrior,Undead Skeleton,,,,,,,,,,,,,,Classic,,Current EQL Wiki-listed,,,Weapon ratio 0.150,,,,,"Notable equipment, access item, or meaningful quest/progression relationship.",Zone-specific,Core,Medium,https://eqlwiki.com/Estate_of_Unrest,https://wiki.project1999.com/Unrest,,Yes,2,,BACKSTAB +3,ALL,ALL,20-22,20-22,Current EQL Wiki-listed; direct-build unconfirmed,Add,Wiki,Wiki,Wiki,Changed,No identified change,No identified change,No identified change,,Classic-retained with EQL changes,https://eqlwiki.com/Estate_of_Unrest,,2026-07-28,Current EQL listing includes Backstab +3.,,,Yes,Listed,Current Wiki evidence,No,C,Current EQL Wiki item/zone listing with classic comparison.,None identified,Yes,Classic,,Current EQL Wiki,Current fields from EQL Wiki zone/item presentation; classic fields from Project 1999/classic-era baseline.,EQL-LOOT-1.0,loot,Active,,B20-UNR-015,,,Yes,Yes,,,,,,,,,,,Undead Skeleton,,a dry bone skeleton,,,,Hostile,The Estate of Unrest,,Indoor/Outdoor Dungeon Compound,House / Basement,,,,,,,,,a dry bone skeleton,Named / notable source,,,,,,,,,,,,,,,,,,,,,,Open World,Open World,,,,,,,,,,,NPC Corpse,,,,,,,,,,,,,,,,,,,,,,,,,,,,,,,,,,,,,,,,,,,,,,,,,,,,,,,,,No,,,,,,,,,,,,,,,,,,,,Available,Current EQL beta-era content,,,,Confirmed,Unconfirmed,,,,,,B20-UNR,
16,B20-UNR-016,20,Faydwer,The Estate of Unrest,Tentacle Whip,Weapon,PRIMARY SECONDARY,Yes,No,Yes,,,,5.0,MEDIUM,WAR PAL RNG SHD BRD ROG,ALL,,4,25,1H Slashing,Proc: Lifetap,a tentacle terror (Unrest),30,Warrior,Aberration / Tentacle,,,,,Tentacle terror area,,,,,,,,,Classic,,Current EQL Wiki-listed,,,Weapon ratio 0.160,,,,,"Notable equipment, access item, or meaningful quest/progression relationship.",Zone-specific,Core,Medium,https://eqlwiki.com/Estate_of_Unrest,https://wiki.project1999.com/Unrest,,Yes,2,,,WAR PAL RNG SHD BRD ROG,ALL,30,30,Current EQL Wiki-listed; direct-build unconfirmed,Add,Wiki,Wiki,Wiki,No identified change,No identified change,No identified change,No identified change,,Classic-retained,https://eqlwiki.com/Estate_of_Unrest,,2026-07-28,,,,Yes,Listed,Current Wiki evidence,No,C,Current EQL Wiki item/zone listing with classic comparison.,None identified,Yes,Classic,,Current EQL Wiki,Current fields from EQL Wiki zone/item presentation; classic fields from Project 1999/classic-era baseline.,EQL-LOOT-1.0,loot,Active,,B20-UNR-016,,,Yes,Yes,,,,,,,,,,,Aberration / Tentacle,,a tentacle terror (Unrest),,,,Hostile,The Estate of Unrest,,Indoor/Outdoor Dungeon Compound,Basement,,Basement,Tentacle terror area,,,,,,a tentacle terror (Unrest),Named / notable source,,,,,,,,,,,,,,,,,,,,,,Open World,Open World,,,,,,,,,,,NPC Corpse,,,,,,,,,,,,,,,,,,,,,,,,,,,,,,,,,,,,,,,,,,,,,,,,,,,,,,,,,No,,,,,,,,,,,,,,,,,,,,Available,Current EQL beta-era content,,,,Confirmed,Unconfirmed,,,,,,B20-UNR,
17,B20-UNR-017,20,Faydwer,The Estate of Unrest,Torklar's Battle Hammer,Weapon,PRIMARY SECONDARY,Yes,No,Yes,Yes,Yes,,5.0,MEDIUM,ALL except SHD NEC WIZ MAG ENC,ALL,,6,28,1H Blunt,,Torklar Battlemaster,20,Warrior,Undead Ghost Dwarf,,,,Rare / quest named,Courtyard rare spawn,,,,,,,,,Classic,,Current EQL Wiki-listed,,,Weapon ratio 0.214,,,,,"Notable equipment, access item, or meaningful quest/progression relationship.",Zone-specific,Core,Medium,https://eqlwiki.com/Estate_of_Unrest,https://wiki.project1999.com/Unrest,,Yes,2,,,ALL except SHD NEC WIZ MAG ENC,ALL,20,20,Current EQL Wiki-listed; direct-build unconfirmed,Add,Wiki,Wiki,Wiki,No identified change,No identified change,No identified change,No identified change,Unverified,Classic-retained,https://eqlwiki.com/Estate_of_Unrest,,2026-07-28,,,,Yes,Listed,Current Wiki evidence,No,C,Current EQL Wiki item/zone listing with classic comparison.,None identified,Yes,Classic,,Current EQL Wiki,Current fields from EQL Wiki zone/item presentation; classic fields from Project 1999/classic-era baseline.,EQL-LOOT-1.0,loot,Active,,B20-UNR-017,,,Yes,Yes,,,,,,,,,,,Undead Ghost Dwarf,,Torklar Battlemaster,,,,Hostile,The Estate of Unrest,,Indoor/Outdoor Dungeon Compound,Yard / Courtyard,,,Courtyard rare spawn,,,,,,Torklar Battlemaster,Named / notable source,,,,,,,,,,,,,,,,,,,,,,Open World,Open World,,,,,,,,,,,NPC Corpse,,,,,,,,,,,,,,,,,,,,,,,,,,,,,,,,,,,,,,,,,,,,,,,,,,,,,,,,,No,,,,,,,,,,,,,,,,,,,,Available,Current EQL beta-era content,,,,Confirmed,Unconfirmed,,,,,,B20-UNR,
18,B20-UNR-018,20,Faydwer,The Estate of Unrest,A Ghoul's Heart,Quest Equipment,NECK,Yes,No,,Yes,Yes,Yes,,,ALL,ALL,CHA -10,,,,,a crazed ghoul,25-26,Warrior,Undead Ghoul,,,,Rare named,,,,,,,,,,Classic,,Current EQL Wiki-listed,,,,,,,,"Notable equipment, access item, or meaningful quest/progression relationship.",Zone-specific,Core,Medium,https://eqlwiki.com/Estate_of_Unrest,https://wiki.project1999.com/Unrest,,Yes,2,CHA -10,CHA -10,ALL,ALL,25-26,25-26,Current EQL Wiki-listed; direct-build unconfirmed,Add,Wiki,Wiki,Wiki,No identified change,No identified change,No identified change,No identified change,Unverified,Classic-retained,https://eqlwiki.com/Estate_of_Unrest,,2026-07-28,,,,Yes,Listed,Current Wiki evidence,No,C,Current EQL Wiki item/zone listing with classic comparison.,None identified,Yes,Classic,,Current EQL Wiki,Current fields from EQL Wiki zone/item presentation; classic fields from Project 1999/classic-era baseline.,EQL-LOOT-1.0,loot,Active,,B20-UNR-018,,,Yes,Yes,,,,,,,,,,,Undead Ghoul,,a crazed ghoul,,,,Hostile,The Estate of Unrest,,Indoor/Outdoor Dungeon Compound,House / Yard,,,,,,,,,a crazed ghoul,Named / notable source,,,,,,,,,,,,,,,,,,,,,,Open World,Open World,,,,,,,,,,,NPC Corpse,,,,,,,,,,,,,,,,,,,,,,,,,,,,,,,,,,,,,,,,,,,,,,,,,,,,,,,,,No,,,,,,,,,,,,Quest / turn-in item,,,,,,,,Available,Current EQL beta-era content,,,,Confirmed,Unconfirmed,,,,,,B20-UNR,
19,B20-UNR-019,20,Faydwer,The Estate of Unrest,Gossamer Amice,Armor,SHOULDERS,Yes,No,Yes,,,,0.3,SMALL,NEC WIZ MAG ENC,HUM ERU HIE DEF GNM IKS,AC 3,,,,,a festering hag,28-30,Wizard,Undead Hag,,,,,Hag populations,,,,,,,,,Classic,,Current EQL Wiki-listed,,,,,,,,"Notable equipment, access item, or meaningful quest/progression relationship.",Zone-specific,Core,Medium,https://eqlwiki.com/Estate_of_Unrest,https://wiki.project1999.com/Unrest,,Yes,2,AC 3,AC 3,NEC WIZ MAG ENC,ALL,28-30,28-30,Current EQL Wiki-listed; direct-build unconfirmed,Add,Wiki,Wiki,Wiki,No identified change,No identified change,Changed,No identified change,,Classic-retained with EQL changes,https://eqlwiki.com/Estate_of_Unrest,,2026-07-28,Current EQL zone census lists Race: ALL.,,,Yes,Listed,Current Wiki evidence,No,C,Current EQL Wiki item/zone listing with classic comparison.,EQL individual-page race-field inconsistency,Yes,Classic,,Current EQL Wiki,Current fields from EQL Wiki zone/item presentation; classic fields from Project 1999/classic-era baseline.,EQL-LOOT-1.0,loot,Active,,B20-UNR-019,,,Yes,Yes,,,,,,,,,,,Undead Hag,,a festering hag,,,,Hostile,The Estate of Unrest,,Indoor/Outdoor Dungeon Compound,House / Basement,,,Hag populations,,,,,,a festering hag,Named / notable source,,,,,,,,,,,,,,,,,,,,,,Open World,Open World,,,,,,,,,,,NPC Corpse,,,,,,,,,,,,,,,,,,,,,,,,,,,,,,,,,,,,,,,,,,,,,,,,,,,,,,,,,No,,,,,,,,,,,,,,,,,,,,Available,Current EQL beta-era content,,,,Confirmed,Unconfirmed,,,,gossamer-set,,B20-UNR,
20,B20-UNR-020,20,Faydwer,The Estate of Unrest,Gossamer Cap,Armor,HEAD,Yes,No,Yes,,,,0.3,SMALL,NEC WIZ MAG ENC,HUM ERU HIE DEF GNM IKS,AC 4,,,,,a festering hag,28-30,Wizard,Undead Hag,,,,,Hag populations,,,,,,,,,Classic,,Current EQL Wiki-listed,,,,,,,,"Notable equipment, access item, or meaningful quest/progression relationship.",Zone-specific,Core,Medium,https://eqlwiki.com/Estate_of_Unrest,https://wiki.project1999.com/Unrest,,Yes,2,AC 4,AC 4,NEC WIZ MAG ENC,ALL,28-30,28-30,Current EQL Wiki-listed; direct-build unconfirmed,Add,Wiki,Wiki,Wiki,No identified change,No identified change,Changed,No identified change,,Classic-retained with EQL changes,https://eqlwiki.com/Estate_of_Unrest,,2026-07-28,Current EQL zone census lists Race: ALL.,,,Yes,Listed,Current Wiki evidence,No,C,Current EQL Wiki item/zone listing with classic comparison.,EQL individual-page race-field inconsistency,Yes,Classic,,Current EQL Wiki,Current fields from EQL Wiki zone/item presentation; classic fields from Project 1999/classic-era baseline.,EQL-LOOT-1.0,loot,Active,,B20-UNR-020,,,Yes,Yes,,,,,,,,,,,Undead Hag,,a festering hag,,,,Hostile,The Estate of Unrest,,Indoor/Outdoor Dungeon Compound,House / Basement,,,Hag populations,,,,,,a festering hag,Named / notable source,,,,,,,,,,,,,,,,,,,,,,Open World,Open World,,,,,,,,,,,NPC Corpse,,,,,,,,,,,,,,,,,,,,,,,,,,,,,,,,,,,,,,,,,,,,,,,,,,,,,,,,,No,,,,,,,,,,,,,,,,,,,,Available,Current EQL beta-era content,,,,Confirmed,Unconfirmed,,,,gossamer-set,,B20-UNR,
21,B20-UNR-021,20,Faydwer,The Estate of Unrest,Gossamer Cape,Armor,BACK,Yes,No,Yes,,,,0.5,MEDIUM,NEC WIZ MAG ENC,HUM ERU HIE DEF GNM IKS,AC 4,,,,,a festering hag,28-30,Wizard,Undead Hag,,,,,Hag populations,,,,,,,,,Classic,,Current EQL Wiki-listed,,,,,,,,"Notable equipment, access item, or meaningful quest/progression relationship.",Zone-specific,Core,Medium,https://eqlwiki.com/Estate_of_Unrest,https://wiki.project1999.com/Unrest,,Yes,2,AC 4,AC 4,NEC WIZ MAG ENC,ALL,28-30,28-30,Current EQL Wiki-listed; direct-build unconfirmed,Add,Wiki,Wiki,Wiki,No identified change,No identified change,Changed,No identified change,,Classic-retained with EQL changes,https://eqlwiki.com/Estate_of_Unrest,,2026-07-28,Current EQL zone census lists Race: ALL.,,,Yes,Listed,Current Wiki evidence,No,C,Current EQL Wiki item/zone listing with classic comparison.,EQL individual-page race-field inconsistency,Yes,Classic,,Current EQL Wiki,Current fields from EQL Wiki zone/item presentation; classic fields from Project 1999/classic-era baseline.,EQL-LOOT-1.0,loot,Active,,B20-UNR-021,,,Yes,Yes,,,,,,,,,,,Undead Hag,,a festering hag,,,,Hostile,The Estate of Unrest,,Indoor/Outdoor Dungeon Compound,House / Basement,,,Hag populations,,,,,,a festering hag,Named / notable source,,,,,,,,,,,,,,,,,,,,,,Open World,Open World,,,,,,,,,,,NPC Corpse,,,,,,,,,,,,,,,,,,,,,,,,,,,,,,,,,,,,,,,,,,,,,,,,,,,,,,,,,No,,,,,,,,,,,,,,,,,,,,Available,Current EQL beta-era content,,,,Confirmed,Unconfirmed,,,,gossamer-set,,B20-UNR,
22,B20-UNR-022,20,Faydwer,The Estate of Unrest,Gossamer Collar,Armor,NECK,Yes,No,Yes,,,,0.2,SMALL,NEC WIZ MAG ENC,HUM ERU HIE DEF GNM IKS,AC 3,,,,,a festering hag,28-30,Wizard,Undead Hag,,,,,Hag populations,,,,,,,,,Classic,,Current EQL Wiki-listed,,,,,,,,"Notable equipment, access item, or meaningful quest/progression relationship.",Zone-specific,Core,Medium,https://eqlwiki.com/Estate_of_Unrest,https://wiki.project1999.com/Unrest,,Yes,2,AC 3,AC 3,NEC WIZ MAG ENC,ALL,28-30,28-30,Current EQL Wiki-listed; direct-build unconfirmed,Add,Wiki,Wiki,Wiki,No identified change,No identified change,Changed,No identified change,,Classic-retained with EQL changes,https://eqlwiki.com/Estate_of_Unrest,,2026-07-28,Current EQL zone census lists Race: ALL.,,,Yes,Listed,Current Wiki evidence,No,C,Current EQL Wiki item/zone listing with classic comparison.,EQL individual-page race-field inconsistency,Yes,Classic,,Current EQL Wiki,Current fields from EQL Wiki zone/item presentation; classic fields from Project 1999/classic-era baseline.,EQL-LOOT-1.0,loot,Active,,B20-UNR-022,,,Yes,Yes,,,,,,,,,,,Undead Hag,,a festering hag,,,,Hostile,The Estate of Unrest,,Indoor/Outdoor Dungeon Compound,House / Basement,,,Hag populations,,,,,,a festering hag,Named / notable source,,,,,,,,,,,,,,,,,,,,,,Open World,Open World,,,,,,,,,,,NPC Corpse,,,,,,,,,,,,,,,,,,,,,,,,,,,,,,,,,,,,,,,,,,,,,,,,,,,,,,,,,No,,,,,,,,,,,,,,,,,,,,Available,Current EQL beta-era content,,,,Confirmed,Unconfirmed,,,,gossamer-set,,B20-UNR,
23,B20-UNR-023,20,Faydwer,The Estate of Unrest,Gossamer Gloves,Armor,HANDS,Yes,No,Yes,,,,0.4,SMALL,NEC WIZ MAG ENC,HUM ERU HIE DEF GNM IKS,AC 4,,,,,a festering hag,28-30,Wizard,Undead Hag,,,,,Hag populations,,,,,,,,,Classic,,Current EQL Wiki-listed,,,,,,,,"Notable equipment, access item, or meaningful quest/progression relationship.",Zone-specific,Core,Medium,https://eqlwiki.com/Estate_of_Unrest,https://wiki.project1999.com/Unrest,,Yes,2,AC 4,AC 4,NEC WIZ MAG ENC,ALL,28-30,28-30,Current EQL Wiki-listed; direct-build unconfirmed,Add,Wiki,Wiki,Wiki,No identified change,No identified change,Changed,No identified change,,Classic-retained with EQL changes,https://eqlwiki.com/Estate_of_Unrest,,2026-07-28,Current EQL zone census lists Race: ALL.,,,Yes,Listed,Current Wiki evidence,No,C,Current EQL Wiki item/zone listing with classic comparison.,EQL individual-page race-field inconsistency,Yes,Classic,,Current EQL Wiki,Current fields from EQL Wiki zone/item presentation; classic fields from Project 1999/classic-era baseline.,EQL-LOOT-1.0,loot,Active,,B20-UNR-023,,,Yes,Yes,,,,,,,,,,,Undead Hag,,a festering hag,,,,Hostile,The Estate of Unrest,,Indoor/Outdoor Dungeon Compound,House / Basement,,,Hag populations,,,,,,a festering hag,Named / notable source,,,,,,,,,,,,,,,,,,,,,,Open World,Open World,,,,,,,,,,,NPC Corpse,,,,,,,,,,,,,,,,,,,,,,,,,,,,,,,,,,,,,,,,,,,,,,,,,,,,,,,,,No,,,,,,,,,,,,,,,,,,,,Available,Current EQL beta-era content,,,,Confirmed,Unconfirmed,,,,gossamer-set,,B20-UNR,
24,B20-UNR-024,20,Faydwer,The Estate of Unrest,Gossamer Leggings,Armor,LEGS,Yes,No,Yes,,,,0.7,MEDIUM,NEC WIZ MAG ENC,HUM ERU HIE DEF GNM IKS,AC 5,,,,,a festering hag,28-30,Wizard,Undead Hag,,,,,Hag populations,,,,,,,,,Classic,,Current EQL Wiki-listed,,,,,,,,"Notable equipment, access item, or meaningful quest/progression relationship.",Zone-specific,Core,Medium,https://eqlwiki.com/Estate_of_Unrest,https://wiki.project1999.com/Unrest,,Yes,2,AC 5,AC 5,NEC WIZ MAG ENC,ALL,28-30,28-30,Current EQL Wiki-listed; direct-build unconfirmed,Add,Wiki,Wiki,Wiki,No identified change,No identified change,Changed,No identified change,,Classic-retained with EQL changes,https://eqlwiki.com/Estate_of_Unrest,,2026-07-28,Current EQL zone census lists Race: ALL.,,,Yes,Listed,Current Wiki evidence,No,C,Current EQL Wiki item/zone listing with classic comparison.,EQL individual-page race-field inconsistency,Yes,Classic,,Current EQL Wiki,Current fields from EQL Wiki zone/item presentation; classic fields from Project 1999/classic-era baseline.,EQL-LOOT-1.0,loot,Active,,B20-UNR-024,,,Yes,Yes,,,,,,,,,,,Undead Hag,,a festering hag,,,,Hostile,The Estate of Unrest,,Indoor/Outdoor Dungeon Compound,House / Basement,,,Hag populations,,,,,,a festering hag,Named / notable source,,,,,,,,,,,,,,,,,,,,,,Open World,Open World,,,,,,,,,,,NPC Corpse,,,,,,,,,,,,,,,,,,,,,,,,,,,,,,,,,,,,,,,,,,,,,,,,,,,,,,,,,No,,,,,,,,,,,,,,,,,,,,Available,Current EQL beta-era content,,,,Confirmed,Unconfirmed,,,,gossamer-set,,B20-UNR,
25,B20-UNR-025,20,Faydwer,The Estate of Unrest,Gossamer Sash,Armor,WAIST,Yes,No,Yes,,,,0.2,SMALL,NEC WIZ MAG ENC,HUM ERU HIE DEF GNM IKS,AC 3,,,,,a festering hag,28-30,Wizard,Undead Hag,,,,,Hag populations,,,,,,,,,Classic,,Current EQL Wiki-listed,,,,,,,,"Notable equipment, access item, or meaningful quest/progression relationship.",Zone-specific,Core,Medium,https://eqlwiki.com/Estate_of_Unrest,https://wiki.project1999.com/Unrest,,Yes,2,AC 3,AC 3,NEC WIZ MAG ENC,ALL,28-30,28-30,Current EQL Wiki-listed; direct-build unconfirmed,Add,Wiki,Wiki,Wiki,No identified change,No identified change,Changed,No identified change,,Classic-retained with EQL changes,https://eqlwiki.com/Estate_of_Unrest,,2026-07-28,Current EQL zone census lists Race: ALL.,,,Yes,Listed,Current Wiki evidence,No,C,Current EQL Wiki item/zone listing with classic comparison.,EQL individual-page race-field inconsistency,Yes,Classic,,Current EQL Wiki,Current fields from EQL Wiki zone/item presentation; classic fields from Project 1999/classic-era baseline.,EQL-LOOT-1.0,loot,Active,,B20-UNR-025,,,Yes,Yes,,,,,,,,,,,Undead Hag,,a festering hag,,,,Hostile,The Estate of Unrest,,Indoor/Outdoor Dungeon Compound,House / Basement,,,Hag populations,,,,,,a festering hag,Named / notable source,,,,,,,,,,,,,,,,,,,,,,Open World,Open World,,,,,,,,,,,NPC Corpse,,,,,,,,,,,,,,,,,,,,,,,,,,,,,,,,,,,,,,,,,,,,,,,,,,,,,,,,,No,,,,,,,,,,,,,,,,,,,,Available,Current EQL beta-era content,,,,Confirmed,Unconfirmed,,,,gossamer-set,,B20-UNR,
26,B20-UNR-026,20,Faydwer,The Estate of Unrest,Gossamer Sleeves,Armor,ARMS,Yes,No,Yes,,,,0.4,SMALL,NEC WIZ MAG ENC,HUM ERU HIE DEF GNM IKS,AC 4,,,,,a festering hag,28-30,Wizard,Undead Hag,,,,,Hag populations,,,,,,,,,Classic,,Current EQL Wiki-listed,,,,,,,,"Notable equipment, access item, or meaningful quest/progression relationship.",Zone-specific,Core,Medium,https://eqlwiki.com/Estate_of_Unrest,https://wiki.project1999.com/Unrest,,Yes,2,AC 4,AC 4,NEC WIZ MAG ENC,ALL,28-30,28-30,Current EQL Wiki-listed; direct-build unconfirmed,Add,Wiki,Wiki,Wiki,No identified change,No identified change,Changed,No identified change,,Classic-retained with EQL changes,https://eqlwiki.com/Estate_of_Unrest,,2026-07-28,Current EQL zone census lists Race: ALL.,,,Yes,Listed,Current Wiki evidence,No,C,Current EQL Wiki item/zone listing with classic comparison.,EQL individual-page race-field inconsistency,Yes,Classic,,Current EQL Wiki,Current fields from EQL Wiki zone/item presentation; classic fields from Project 1999/classic-era baseline.,EQL-LOOT-1.0,loot,Active,,B20-UNR-026,,,Yes,Yes,,,,,,,,,,,Undead Hag,,a festering hag,,,,Hostile,The Estate of Unrest,,Indoor/Outdoor Dungeon Compound,House / Basement,,,Hag populations,,,,,,a festering hag,Named / notable source,,,,,,,,,,,,,,,,,,,,,,Open World,Open World,,,,,,,,,,,NPC Corpse,,,,,,,,,,,,,,,,,,,,,,,,,,,,,,,,,,,,,,,,,,,,,,,,,,,,,,,,,No,,,,,,,,,,,,,,,,,,,,Available,Current EQL beta-era content,,,,Confirmed,Unconfirmed,,,,gossamer-set,,B20-UNR,
27,B20-UNR-027,20,Faydwer,The Estate of Unrest,Gossamer Veil,Armor,FACE,Yes,No,Yes,,,,0.2,SMALL,NEC WIZ MAG ENC,HUM ERU HIE DEF GNM IKS,AC 2,,,,,a festering hag,28-30,Wizard,Undead Hag,,,,,Hag populations,,,,,,,,,Classic,,Current EQL Wiki-listed,,,,,,,,"Notable equipment, access item, or meaningful quest/progression relationship.",Zone-specific,Core,Medium,https://eqlwiki.com/Estate_of_Unrest,https://wiki.project1999.com/Unrest,,Yes,2,AC 2,AC 2,NEC WIZ MAG ENC,ALL,28-30,28-30,Current EQL Wiki-listed; direct-build unconfirmed,Add,Wiki,Wiki,Wiki,No identified change,No identified change,Changed,No identified change,,Classic-retained with EQL changes,https://eqlwiki.com/Estate_of_Unrest,,2026-07-28,Current EQL zone census lists Race: ALL.,,,Yes,Listed,Current Wiki evidence,No,C,Current EQL Wiki item/zone listing with classic comparison.,EQL individual-page race-field inconsistency,Yes,Classic,,Current EQL Wiki,Current fields from EQL Wiki zone/item presentation; classic fields from Project 1999/classic-era baseline.,EQL-LOOT-1.0,loot,Active,,B20-UNR-027,,,Yes,Yes,,,,,,,,,,,Undead Hag,,a festering hag,,,,Hostile,The Estate of Unrest,,Indoor/Outdoor Dungeon Compound,House / Basement,,,Hag populations,,,,,,a festering hag,Named / notable source,,,,,,,,,,,,,,,,,,,,,,Open World,Open World,,,,,,,,,,,NPC Corpse,,,,,,,,,,,,,,,,,,,,,,,,,,,,,,,,,,,,,,,,,,,,,,,,,,,,,,,,,No,,,,,,,,,,,,,,,,,,,,Available,Current EQL beta-era content,,,,Confirmed,Unconfirmed,,,,gossamer-set,,B20-UNR,
28,B20-UNR-028,20,Faydwer,The Estate of Unrest,Gossamer Wristbands,Armor,WRIST,Yes,No,Yes,,,,0.3,SMALL,NEC WIZ MAG ENC,HUM ERU HIE DEF GNM IKS,AC 3,,,,,a festering hag,28-30,Wizard,Undead Hag,,,,,Hag populations,,,,,,,,,Classic,,Current EQL Wiki-listed,,,,,,,,"Notable equipment, access item, or meaningful quest/progression relationship.",Zone-specific,Core,Medium,https://eqlwiki.com/Estate_of_Unrest,https://wiki.project1999.com/Unrest,,Yes,2,AC 3,AC 3,NEC WIZ MAG ENC,ALL,28-30,28-30,Current EQL Wiki-listed; direct-build unconfirmed,Add,Wiki,Wiki,Wiki,No identified change,No identified change,Changed,No identified change,,Classic-retained with EQL changes,https://eqlwiki.com/Estate_of_Unrest,,2026-07-28,Current EQL zone census lists Race: ALL.,,,Yes,Listed,Current Wiki evidence,No,C,Current EQL Wiki item/zone listing with classic comparison.,EQL individual-page race-field inconsistency,Yes,Classic,,Current EQL Wiki,Current fields from EQL Wiki zone/item presentation; classic fields from Project 1999/classic-era baseline.,EQL-LOOT-1.0,loot,Active,,B20-UNR-028,,,Yes,Yes,,,,,,,,,,,Undead Hag,,a festering hag,,,,Hostile,The Estate of Unrest,,Indoor/Outdoor Dungeon Compound,House / Basement,,,Hag populations,,,,,,a festering hag,Named / notable source,,,,,,,,,,,,,,,,,,,,,,Open World,Open World,,,,,,,,,,,NPC Corpse,,,,,,,,,,,,,,,,,,,,,,,,,,,,,,,,,,,,,,,,,,,,,,,,,,,,,,,,,No,,,,,,,,,,,,,,,,,,,,Available,Current EQL beta-era content,,,,Confirmed,Unconfirmed,,,,gossamer-set,,B20-UNR,
29,B20-UNR-029,20,Faydwer,The Estate of Unrest,Small Stone Key,Access Key,,No,Yes,,,,Yes,0.1,TINY,ALL,ALL,,,,,,a reanimated hand (Unrest),21,,Undead,,,,,Hand room,,,,,,,,,Classic,,Current EQL Wiki-listed,,,,,,,,"Notable equipment, access item, or meaningful quest/progression relationship.",Zone-specific,Core,Medium,https://eqlwiki.com/Estate_of_Unrest,https://wiki.project1999.com/Unrest,,Yes,2,,,ALL,ALL,21,21,Current EQL Wiki-listed and current-build community-corroborated,Add,Wiki,Wiki,Wiki,No identified change,No identified change,No identified change,No identified change,,Classic-retained with EQL changes,https://eqlwiki.com/Estate_of_Unrest,,2026-07-28,EQL restored or implemented working door function: unlocks Magus room.,,,Yes,Listed,Current Wiki evidence,Community-corroborated,B,Current EQL Wiki key sequence plus independent current-build community corroboration.,None identified,Yes,Classic,,Current EQL Wiki,Current fields from EQL Wiki zone/item presentation; classic fields from Project 1999/classic-era baseline.,EQL-LOOT-1.0,loot,Active,,B20-UNR-029,,,Yes,Yes,,,,,,,,,,,Undead,,a reanimated hand (Unrest),,,,Hostile,The Estate of Unrest,,Indoor/Outdoor Dungeon Compound,House,,3,Hand room,,,,,,a reanimated hand (Unrest),Named / notable source,,,,,,,,,,,,,,,,,,,,,,Open World,Open World,,,,,,,,,,,NPC Corpse,,,,,,,,,,,,,,,,,,,,,,,,,,,,,,Magus room,,,,,,,,,,,,,,,,,,,,,,,,,,,No,,,,,,,,,,,,,,,,,,,,Available,Current EQL beta-era content,,,,Confirmed,Unconfirmed,,,,key;access,,B20-UNR,
30,B20-UNR-030,20,Faydwer,The Estate of Unrest,Polished Brass Key,Access Key,,No,Yes,,,,Yes,0.1,TINY,ALL,ALL,,,,,,reclusive ghoul magus,23,,Undead,,,,,Magus room,,,,,,,,,Classic,,Current EQL Wiki-listed,,,,,,,,"Notable equipment, access item, or meaningful quest/progression relationship.",Zone-specific,Core,Medium,https://eqlwiki.com/Estate_of_Unrest,https://wiki.project1999.com/Unrest,,Yes,2,,,ALL,ALL,23,23,Current EQL Wiki-listed and current-build community-corroborated,Add,Wiki,Wiki,Wiki,No identified change,No identified change,No identified change,No identified change,,Classic-retained with EQL changes,https://eqlwiki.com/Estate_of_Unrest,,2026-07-28,EQL restored or implemented working door function: unlocks Barroom.,,,Yes,Listed,Current Wiki evidence,Community-corroborated,B,Current EQL Wiki key sequence plus independent current-build community corroboration.,None identified,Yes,Classic,,Current EQL Wiki,Current fields from EQL Wiki zone/item presentation; classic fields from Project 1999/classic-era baseline.,EQL-LOOT-1.0,loot,Active,,B20-UNR-030,,,Yes,Yes,,,,,,,,,,,Undead,,reclusive ghoul magus,,,,Hostile,The Estate of Unrest,,Indoor/Outdoor Dungeon Compound,House,,2,Magus room,,,,,,reclusive ghoul magus,Named / notable source,,,,,,,,,,,,,,,,,,,,,,Open World,Open World,,,,,,,,,,,NPC Corpse,,,,,,,,,,,,,,,,,,,,,,,,,,,,,,Barroom,,,,,,,,,,,,,,,,,,,,,,,,,,,No,,,,,,,,,,,,,,,,,,,,Available,Current EQL beta-era content,,,,Confirmed,Unconfirmed,,,,key;access,,B20-UNR,
31,B20-UNR-031,20,Faydwer,The Estate of Unrest,Scuffed Silver Key,Access Key,,No,Yes,,,,Yes,0.1,TINY,ALL,ALL,,,,,,an undead barkeep,25,,Undead,,,,,Barroom,,,,,,,,,Classic,,Current EQL Wiki-listed,,,,,,,,"Notable equipment, access item, or meaningful quest/progression relationship.",Zone-specific,Core,Medium,https://eqlwiki.com/Estate_of_Unrest,https://wiki.project1999.com/Unrest,,Yes,2,,,ALL,ALL,25,25,Current EQL Wiki-listed and current-build community-corroborated,Add,Wiki,Wiki,Wiki,No identified change,No identified change,No identified change,No identified change,,Classic-retained with EQL changes,https://eqlwiki.com/Estate_of_Unrest,,2026-07-28,EQL restored or implemented working door function: unlocks Tower.,,,Yes,Listed,Current Wiki evidence,Community-corroborated,B,Current EQL Wiki key sequence plus independent current-build community corroboration.,None identified,Yes,Classic,,Current EQL Wiki,Current fields from EQL Wiki zone/item presentation; classic fields from Project 1999/classic-era baseline.,EQL-LOOT-1.0,loot,Active,,B20-UNR-031,,,Yes,Yes,,,,,,,,,,,Undead,,an undead barkeep,,,,Hostile,The Estate of Unrest,,Indoor/Outdoor Dungeon Compound,House,,3,Barroom,,,,,,an undead barkeep,Named / notable source,,,,,,,,,,,,,,,,,,,,,,Open World,Open World,,,,,,,,,,,NPC Corpse,,,,,,,,,,,,,,,,,,,,,,,,,,,,,,Tower,,,,,,,,,,,,,,,,,,,,,,,,,,,No,,,,,,,,,,,,,,,,,,,,Available,Current EQL beta-era content,,,,Confirmed,Unconfirmed,,,,key;access,,B20-UNR,
32,B20-UNR-032,20,Faydwer,The Estate of Unrest,Cracked Glass Key,Access Key,,No,Yes,,,,Yes,0.1,TINY,ALL,ALL,,,,,,an undead knight of Unrest,28,,Undead,,,,,Undead knight tower,,,,,,,,,Classic,,Current EQL Wiki-listed,,,,,,,,"Notable equipment, access item, or meaningful quest/progression relationship.",Zone-specific,Core,Medium,https://eqlwiki.com/Estate_of_Unrest,https://wiki.project1999.com/Unrest,,Yes,2,,,ALL,ALL,28,28,Current EQL Wiki-listed and current-build community-corroborated,Add,Wiki,Wiki,Wiki,No identified change,No identified change,No identified change,No identified change,,Classic-retained with EQL changes,https://eqlwiki.com/Estate_of_Unrest,,2026-07-28,EQL restored or implemented working door function: unlocks Basement door.,,,Yes,Listed,Current Wiki evidence,Community-corroborated,B,Current EQL Wiki key sequence plus independent current-build community corroboration.,None identified,Yes,Classic,,Current EQL Wiki,Current fields from EQL Wiki zone/item presentation; classic fields from Project 1999/classic-era baseline.,EQL-LOOT-1.0,loot,Active,,B20-UNR-032,,,Yes,Yes,,,,,,,,,,,Undead,,an undead knight of Unrest,,,,Hostile,The Estate of Unrest,,Indoor/Outdoor Dungeon Compound,House,,4,Undead knight tower,,,,,,an undead knight of Unrest,Named / notable source,,,,,,,,,,,,,,,,,,,,,,Open World,Open World,,,,,,,,,,,NPC Corpse,,,,,,,,,,,,,,,,,,,,,,,,,,,,,,Basement door,,,,,,,,,,,,,,,,,,,,,,,,,,,No,,,,,,,,,,,,,,,,,,,,Available,Current EQL beta-era content,,,,Confirmed,Unconfirmed,,,,key;access,,B20-UNR,
33,B20-UNR-033,20,Faydwer,The Estate of Unrest,Tarnished Bronze Key,Quest Key,,No,Yes,,Yes,Yes,Yes,0.1,TINY,ALL,ALL,,,,,,a priest of najena,29-31,Cleric,Undead Ghoul,,,,Named / quest source,Southwest tower,55:00,,,,,,,,Classic,,Current EQL Wiki-listed,,,,,,,,"Notable equipment, access item, or meaningful quest/progression relationship.",Zone-specific,Core,Medium,https://eqlwiki.com/Estate_of_Unrest,https://wiki.project1999.com/Unrest,,Yes,2,,,ALL,ALL,29-31,29-31,Current EQL Wiki-listed; direct-build unconfirmed,Add,Wiki,Wiki,Wiki,No identified change,No identified change,No identified change,No identified change,Unverified,Classic-retained,https://eqlwiki.com/Estate_of_Unrest,,2026-07-28,,,,Yes,Listed,Current Wiki evidence,No,C,Current EQL Wiki item/zone listing with classic comparison.,None identified,Yes,Classic,,Current EQL Wiki,Current fields from EQL Wiki zone/item presentation; classic fields from Project 1999/classic-era baseline.,EQL-LOOT-1.0,loot,Active,,B20-UNR-033,,,Yes,Yes,,,,,,,,,,,Undead Ghoul,,a priest of najena,,,,Hostile,The Estate of Unrest,,Indoor/Outdoor Dungeon Compound,House,,3,Southwest tower,,,,,,a priest of najena,Named / notable source,,,,,,,,,,,,,,,,,,,,,,Open World,Open World,,,,,,,,,,,NPC Corpse,,,,,,,,,,,,,,,,,,,,,,,,,,,,,,,,,,,,,,,,,,,,,,,,,,,,,,,,,No,,,,,,,,,,The Mystic Cloak,,Quest key; not part of Unrest door progression,,,,,,,,Available,Current EQL beta-era content,,,,Confirmed,Unconfirmed,,,,key;quest,,B20-UNR,
34,B20-UNR-034,20,Faydwer,The Estate of Unrest,Preserved Hops,Quest Component,,No,Yes,Yes,Yes,Yes,Yes,0.1,TINY,ALL,ALL,,,,,,an undead brewer,18,,Undead / zone population,,,,,Main room,,,,,,,,,Classic,,Current EQL Wiki-listed,,,,,,,,"Notable equipment, access item, or meaningful quest/progression relationship.",Zone-specific,Core,Medium,https://eqlwiki.com/Estate_of_Unrest,https://wiki.project1999.com/Unrest,,Yes,2,,,ALL,ALL,18,18,Current EQL Wiki-listed; direct-build unconfirmed,Add,Wiki,Wiki,Wiki,No identified change,No identified change,No identified change,No identified change,,Classic-retained,https://eqlwiki.com/Estate_of_Unrest,,2026-07-28,,,,Yes,Listed,Current Wiki evidence,No,C,Current EQL Wiki item/zone listing with classic comparison.,None identified,Yes,Classic,,Current EQL Wiki,Current fields from EQL Wiki zone/item presentation; classic fields from Project 1999/classic-era baseline.,EQL-LOOT-1.0,loot,Active,,B20-UNR-034,,,Yes,Yes,,,,,,,,,,,Undead / zone population,,an undead brewer,,,,Hostile,The Estate of Unrest,,Indoor/Outdoor Dungeon Compound,House,,1,Main room,,,,,,an undead brewer,Named / notable source,,,,,,,,,,,,,,,,,,,,,,Open World,Open World,,,,,,,,,,,NPC Corpse,,,,,,,,,,,,,,,,,,,,,,,,,,,,,,,,,,,,,,,,,,,,,,,,,,,,,,,,,No,,,,,,,,,,,,Brell-related quest component,,,,,,,,Available,Current EQL beta-era content,,,,Confirmed,Unconfirmed,,,,,,B20-UNR,
35,B20-UNR-035,20,Faydwer,The Estate of Unrest,Preserved Hops,Quest Component,,No,Yes,Yes,Yes,Yes,Yes,0.1,TINY,ALL,ALL,,,,,,an undead barkeep,25,,Undead / zone population,,,,,Barroom,,,,,,,,,Classic,,Current EQL Wiki-listed,,,,,,,,"Notable equipment, access item, or meaningful quest/progression relationship.",Zone-specific,Core,Medium,https://eqlwiki.com/Estate_of_Unrest,https://wiki.project1999.com/Unrest,,Yes,2,,,ALL,ALL,25,25,Current EQL Wiki-listed; direct-build unconfirmed,Add,Wiki,Wiki,Wiki,No identified change,No identified change,No identified change,No identified change,,Classic-retained,https://eqlwiki.com/Estate_of_Unrest,,2026-07-28,,,,Yes,Listed,Current Wiki evidence,No,C,Current EQL Wiki item/zone listing with classic comparison.,None identified,Yes,Classic,,Current EQL Wiki,Current fields from EQL Wiki zone/item presentation; classic fields from Project 1999/classic-era baseline.,EQL-LOOT-1.0,loot,Active,,B20-UNR-035,,,Yes,Yes,,,,,,,,,,,Undead / zone population,,an undead barkeep,,,,Hostile,The Estate of Unrest,,Indoor/Outdoor Dungeon Compound,House,,3,Barroom,,,,,,an undead barkeep,Named / notable source,,,,,,,,,,,,,,,,,,,,,,Open World,Open World,,,,,,,,,,,NPC Corpse,,,,,,,,,,,,,,,,,,,,,,,,,,,,,,,,,,,,,,,,,,,,,,,,,,,,,,,,,No,,,,,,,,,,,,Alternate source,,,,,,,,Available,Current EQL beta-era content,,,,Confirmed,Unconfirmed,,,,duplicate-source,,B20-UNR,
36,B20-UNR-036,20,Faydwer,The Estate of Unrest,Pouch of Silver Dust,Quest Component,,No,Yes,,Yes,Yes,Yes,1.0,SMALL,ALL,ALL,,,,,,a dusty werebat,24-28,,Undead / zone population,,,,,Werebat population,,,,,,,,,Classic,,Current EQL Wiki-listed,,,,,,,,"Notable equipment, access item, or meaningful quest/progression relationship.",Zone-specific,Core,Medium,https://eqlwiki.com/Estate_of_Unrest,https://wiki.project1999.com/Unrest,,Yes,2,,,ALL,ALL,24-28,24-28,Current EQL Wiki-listed; direct-build unconfirmed,Add,Wiki,Wiki,Wiki,No identified change,No identified change,No identified change,No identified change,,Classic-retained,https://eqlwiki.com/Estate_of_Unrest,,2026-07-28,,,,Yes,Listed,Current Wiki evidence,No,C,Current EQL Wiki item/zone listing with classic comparison.,None identified,Yes,Classic,,Current EQL Wiki,Current fields from EQL Wiki zone/item presentation; classic fields from Project 1999/classic-era baseline.,EQL-LOOT-1.0,loot,Active,,B20-UNR-036,,,Yes,Yes,,,,,,,,,,,Undead / zone population,,a dusty werebat,,,,Hostile,The Estate of Unrest,,Indoor/Outdoor Dungeon Compound,Basement,,Basement,Werebat population,,,,,,a dusty werebat,Named / notable source,,,,,,,,,,,,,,,,,,,,,,Open World,Open World,,,,,,,,,,,NPC Corpse,,,,,,,,,,,,,,,,,,,,,,,,,,,,,,,,,,,,,,,,,,,,,,,,,,,,,,,,,No,,,,,,,,,,,,Incandescent Armor quest component,,,,,,,,Available,Current EQL beta-era content,,,,Confirmed,Unconfirmed,,,,,,B20-UNR,
37,B20-UNR-037,20,Faydwer,The Estate of Unrest,Thick Caustic Fluid,Quest Component,,No,Yes,,Yes,Yes,Yes,0.4,SMALL,ALL,ALL,,,,,,a dusty werebat,24-28,,Undead / zone population,,,,,Werebat population,,,,,,,,,Classic,,Current EQL Wiki-listed,,,,,,,,"Notable equipment, access item, or meaningful quest/progression relationship.",Zone-specific,Core,Medium,https://eqlwiki.com/Estate_of_Unrest,https://wiki.project1999.com/Unrest,,Yes,2,,,ALL,ALL,24-28,24-28,Current EQL Wiki-listed; direct-build unconfirmed,Add,Wiki,Wiki,Wiki,No identified change,No identified change,No identified change,No identified change,,Classic-retained,https://eqlwiki.com/Estate_of_Unrest,,2026-07-28,,,,Yes,Listed,Current Wiki evidence,No,C,Current EQL Wiki item/zone listing with classic comparison.,None identified,Yes,Classic,,Current EQL Wiki,Current fields from EQL Wiki zone/item presentation; classic fields from Project 1999/classic-era baseline.,EQL-LOOT-1.0,loot,Active,,B20-UNR-037,,,Yes,Yes,,,,,,,,,,,Undead / zone population,,a dusty werebat,,,,Hostile,The Estate of Unrest,,Indoor/Outdoor Dungeon Compound,Basement,,Basement,Werebat population,,,,,,a dusty werebat,Named / notable source,,,,,,,,,,,,,,,,,,,,,,Open World,Open World,,,,,,,,,,,NPC Corpse,,,,,,,,,,,,,,,,,,,,,,,,,,,,,,,,,,,,,,,,,,,,,,,,,,,,,,,,,No,,,,,,,,,,,,Quest component,,,,,,,,Available,Current EQL beta-era content,,,,Confirmed,Unconfirmed,,,,,,B20-UNR,
38,B20-UNR-038,20,Faydwer,The Estate of Unrest,Thick Caustic Fluid,Quest Component,,No,Yes,,Yes,Yes,Yes,0.4,SMALL,ALL,ALL,,,,,,a werebat,24-28,,Undead / zone population,,,,,Werebat population,,,,,,,,,Classic,,Current EQL Wiki-listed,,,,,,,,"Notable equipment, access item, or meaningful quest/progression relationship.",Zone-specific,Core,Medium,https://eqlwiki.com/Estate_of_Unrest,https://wiki.project1999.com/Unrest,,Yes,2,,,ALL,ALL,24-28,24-28,Current EQL Wiki-listed; direct-build unconfirmed,Add,Wiki,Wiki,Wiki,No identified change,No identified change,No identified change,No identified change,,Classic-retained,https://eqlwiki.com/Estate_of_Unrest,,2026-07-28,,,,Yes,Listed,Current Wiki evidence,No,C,Current EQL Wiki item/zone listing with classic comparison.,None identified,Yes,Classic,,Current EQL Wiki,Current fields from EQL Wiki zone/item presentation; classic fields from Project 1999/classic-era baseline.,EQL-LOOT-1.0,loot,Active,,B20-UNR-038,,,Yes,Yes,,,,,,,,,,,Undead / zone population,,a werebat,,,,Hostile,The Estate of Unrest,,Indoor/Outdoor Dungeon Compound,Basement,,Basement,Werebat population,,,,,,a werebat,Named / notable source,,,,,,,,,,,,,,,,,,,,,,Open World,Open World,,,,,,,,,,,NPC Corpse,,,,,,,,,,,,,,,,,,,,,,,,,,,,,,,,,,,,,,,,,,,,,,,,,,,,,,,,,No,,,,,,,,,,,,Alternate source,,,,,,,,Available,Current EQL beta-era content,,,,Confirmed,Unconfirmed,,,,duplicate-source,,B20-UNR,
39,B20-UNR-039,20,Faydwer,The Estate of Unrest,A Werebat Wing,Quest Component,,No,Yes,Yes,Yes,Yes,Yes,0.0,SMALL,ALL,ALL,,,,,,a werebat,24-28,,Undead / zone population,,,,,Werebat population,,,,,,,,,Classic,,Current EQL Wiki-listed,,,,,,,,"Notable equipment, access item, or meaningful quest/progression relationship.",Zone-specific,Core,Medium,https://eqlwiki.com/Estate_of_Unrest,https://wiki.project1999.com/Unrest,,Yes,2,,,ALL,ALL,24-28,24-28,Current EQL Wiki-listed; direct-build unconfirmed,Add,Wiki,Wiki,Wiki,No identified change,No identified change,No identified change,No identified change,,Classic-retained,https://eqlwiki.com/Estate_of_Unrest,,2026-07-28,,,,Yes,Listed,Current Wiki evidence,No,C,Current EQL Wiki item/zone listing with classic comparison.,None identified,Yes,Classic,,Current EQL Wiki,Current fields from EQL Wiki zone/item presentation; classic fields from Project 1999/classic-era baseline.,EQL-LOOT-1.0,loot,Active,,B20-UNR-039,,,Yes,Yes,,,,,,,,,,,Undead / zone population,,a werebat,,,,Hostile,The Estate of Unrest,,Indoor/Outdoor Dungeon Compound,Basement,,Basement,Werebat population,,,,,,a werebat,Named / notable source,,,,,,,,,,,,,,,,,,,,,,Open World,Open World,,,,,,,,,,,NPC Corpse,,,,,,,,,,,,,,,,,,,,,,,,,,,,,,,,,,,,,,,,,,,,,,,,,,,,,,,,,No,,,,,,,,,,,,Quest component,,,,,,,,Available,Current EQL beta-era content,,,,Confirmed,Unconfirmed,,,,,,B20-UNR,
40,B20-UNR-040,20,Faydwer,The Estate of Unrest,Bone Barbs,Quest Component,,No,Yes,Yes,Yes,Yes,Yes,0.4,SMALL,ALL,ALL,,,,,,a barbed bone skeleton,24-26,,Undead / zone population,,,,,Barbed bone population,,,,,,,,,Classic,,Current EQL Wiki-listed,,,,,,,,"Notable equipment, access item, or meaningful quest/progression relationship.",Zone-specific,Core,Medium,https://eqlwiki.com/Estate_of_Unrest,https://wiki.project1999.com/Unrest,,Yes,2,,,ALL,ALL,24-26,24-26,Current EQL Wiki-listed; direct-build unconfirmed,Add,Wiki,Wiki,Wiki,No identified change,No identified change,No identified change,No identified change,,Classic-retained,https://eqlwiki.com/Estate_of_Unrest,,2026-07-28,,,,Yes,Listed,Current Wiki evidence,No,C,Current EQL Wiki item/zone listing with classic comparison.,None identified,Yes,Classic,,Current EQL Wiki,Current fields from EQL Wiki zone/item presentation; classic fields from Project 1999/classic-era baseline.,EQL-LOOT-1.0,loot,Active,,B20-UNR-040,,,Yes,Yes,,,,,,,,,,,Undead / zone population,,a barbed bone skeleton,,,,Hostile,The Estate of Unrest,,Indoor/Outdoor Dungeon Compound,Basement,,Basement,Barbed bone population,,,,,,a barbed bone skeleton,Named / notable source,,,,,,,,,,,,,,,,,,,,,,Open World,Open World,,,,,,,,,,,NPC Corpse,,,,,,,,,,,,,,,,,,,,,,,,,,,,,,,,,,,,,,,,,,,,,,,,,,,,,,,,,No,,,,,,,,,,,,Shaman/Totemic-related component,,,,,,,,Available,Current EQL beta-era content,,,,Confirmed,Unconfirmed,,,,,,B20-UNR,
41,B20-UNR-041,20,Faydwer,The Estate of Unrest,Barbed Bone Chips,Quest Component,,No,Yes,,,,Yes,,,ALL,ALL,,,,,,a barbed bone skeleton,24-26,,Undead / zone population,,,,,Barbed bone population,,,,,,,,,Classic,,Current EQL Wiki-listed,,,,,,,,"Notable equipment, access item, or meaningful quest/progression relationship.",Zone-specific,Core,Medium,https://eqlwiki.com/Estate_of_Unrest,https://wiki.project1999.com/Unrest,,Yes,2,,,ALL,ALL,24-26,24-26,Current EQL Wiki-listed; direct-build unconfirmed,Add,Wiki,Wiki,Wiki,No identified change,No identified change,No identified change,No identified change,,Classic-retained,https://eqlwiki.com/Estate_of_Unrest,,2026-07-28,,,,Yes,Listed,Current Wiki evidence,No,C,Current EQL Wiki item/zone listing with classic comparison.,None identified,Yes,Classic,,Current EQL Wiki,Current fields from EQL Wiki zone/item presentation; classic fields from Project 1999/classic-era baseline.,EQL-LOOT-1.0,loot,Active,,B20-UNR-041,,,Yes,Yes,,,,,,,,,,,Undead / zone population,,a barbed bone skeleton,,,,Hostile,The Estate of Unrest,,Indoor/Outdoor Dungeon Compound,Basement,,Basement,Barbed bone population,,,,,,a barbed bone skeleton,Named / notable source,,,,,,,,,,,,,,,,,,,,,,Open World,Open World,,,,,,,,,,,NPC Corpse,,,,,,,,,,,,,,,,,,,,,,,,,,,,,,,,,,,,,,,,,,,,,,,,,,,,,,,,,No,,,,,,,,,,,,Quest component,,,,,,,,Available,Current EQL beta-era content,,,,Confirmed,Unconfirmed,,,,,,B20-UNR,
42,B20-UNR-042,20,Faydwer,The Estate of Unrest,Terror Spines,Quest Component,,No,Yes,Yes,Yes,Yes,Yes,,,ALL,ALL,,,,,,a tentacle terror (Unrest),30,,Undead / zone population,,,,,Tentacle terror area,,,,,,,,,Classic,,Current EQL Wiki-listed,,,,,,,,"Notable equipment, access item, or meaningful quest/progression relationship.",Zone-specific,Core,Medium,https://eqlwiki.com/Estate_of_Unrest,https://wiki.project1999.com/Unrest,,Yes,2,,,ALL,ALL,30,30,Current EQL Wiki-listed; direct-build unconfirmed,Add,Wiki,Wiki,Wiki,No identified change,No identified change,No identified change,No identified change,,Classic-retained,https://eqlwiki.com/Estate_of_Unrest,,2026-07-28,,,,Yes,Listed,Current Wiki evidence,No,C,Current EQL Wiki item/zone listing with classic comparison.,None identified,Yes,Classic,,Current EQL Wiki,Current fields from EQL Wiki zone/item presentation; classic fields from Project 1999/classic-era baseline.,EQL-LOOT-1.0,loot,Active,,B20-UNR-042,,,Yes,Yes,,,,,,,,,,,Undead / zone population,,a tentacle terror (Unrest),,,,Hostile,The Estate of Unrest,,Indoor/Outdoor Dungeon Compound,Basement,,Basement,Tentacle terror area,,,,,,a tentacle terror (Unrest),Named / notable source,,,,,,,,,,,,,,,,,,,,,,Open World,Open World,,,,,,,,,,,NPC Corpse,,,,,,,,,,,,,,,,,,,,,,,,,,,,,,,,,,,,,,,,,,,,,,,,,,,,,,,,,No,,,,,,,,,,,,Shaman/Totemic-related component,,,,,,,,Available,Current EQL beta-era content,,,,Confirmed,Unconfirmed,,,,,,B20-UNR,
43,B20-UNR-043,20,Faydwer,The Estate of Unrest,Torn Page of Magi`kot pg. 2,Quest / Research Component,,No,Yes,,Yes,Yes,Yes,0.0,TINY,ALL,ALL,,,,,,a dark terror,29-33,,Undead / zone population,,,,,Dark terror population,,,,,,,,,Classic,,Current EQL Wiki-listed,,,,,,,,"Notable equipment, access item, or meaningful quest/progression relationship.",Zone-specific,Core,Medium,https://eqlwiki.com/Estate_of_Unrest,https://wiki.project1999.com/Unrest,,Yes,2,,,ALL,ALL,29-33,29-33,Current EQL Wiki-listed; direct-build unconfirmed,Add,Wiki,Wiki,Wiki,No identified change,No identified change,No identified change,No identified change,,Classic-retained,https://eqlwiki.com/Estate_of_Unrest,,2026-07-28,,,,Yes,Listed,Current Wiki evidence,No,C,Current EQL Wiki item/zone listing with classic comparison.,None identified,Yes,Classic,,Current EQL Wiki,Current fields from EQL Wiki zone/item presentation; classic fields from Project 1999/classic-era baseline.,EQL-LOOT-1.0,loot,Active,,B20-UNR-043,,,Yes,Yes,,,,,,,,,,,Undead / zone population,,a dark terror,,,,Hostile,The Estate of Unrest,,Indoor/Outdoor Dungeon Compound,Basement,,Basement,Dark terror population,,,,,,a dark terror,Named / notable source,,,,,,,,,,,,,,,,,,,,,,Open World,Open World,,,,,,,,,,,NPC Corpse,,,,,,,,,,,,,,,,,,,,,,,,,,,,,,,,,,,,,,,,,,,,,,,,,,,,,,,,,No,,,,,,,,,,,,Magi'kot research line,,,,,,,,Available,Current EQL beta-era content,,,,Confirmed,Unconfirmed,,,,,,B20-UNR,
44,B20-UNR-044,20,Faydwer,The Estate of Unrest,Torn Page of Magi`kot pg. 2,Quest / Research Component,,No,Yes,,Yes,Yes,Yes,0.0,TINY,ALL,ALL,,,,,,a tentacle terror (Unrest),30,,Undead / zone population,,,,,Tentacle terror area,,,,,,,,,Classic,,Current EQL Wiki-listed,,,,,,,,"Notable equipment, access item, or meaningful quest/progression relationship.",Zone-specific,Core,Medium,https://eqlwiki.com/Estate_of_Unrest,https://wiki.project1999.com/Unrest,,Yes,2,,,ALL,ALL,30,30,Current EQL Wiki-listed; direct-build unconfirmed,Add,Wiki,Wiki,Wiki,No identified change,No identified change,No identified change,No identified change,,Classic-retained,https://eqlwiki.com/Estate_of_Unrest,,2026-07-28,,,,Yes,Listed,Current Wiki evidence,No,C,Current EQL Wiki item/zone listing with classic comparison.,None identified,Yes,Classic,,Current EQL Wiki,Current fields from EQL Wiki zone/item presentation; classic fields from Project 1999/classic-era baseline.,EQL-LOOT-1.0,loot,Active,,B20-UNR-044,,,Yes,Yes,,,,,,,,,,,Undead / zone population,,a tentacle terror (Unrest),,,,Hostile,The Estate of Unrest,,Indoor/Outdoor Dungeon Compound,Basement,,Basement,Tentacle terror area,,,,,,a tentacle terror (Unrest),Named / notable source,,,,,,,,,,,,,,,,,,,,,,Open World,Open World,,,,,,,,,,,NPC Corpse,,,,,,,,,,,,,,,,,,,,,,,,,,,,,,,,,,,,,,,,,,,,,,,,,,,,,,,,,No,,,,,,,,,,,,Alternate source,,,,,,,,Available,Current EQL beta-era content,,,,Confirmed,Unconfirmed,,,,duplicate-source,,B20-UNR,
45,B20-UNR-045,20,Faydwer,The Estate of Unrest,A fungus eye,Quest Equipment,PRIMARY SECONDARY,Yes,No,,Yes,Yes,Yes,0.2,TINY,ALL,ALL,No combat stats,,,,,mortuary fungus,26-28,,Undead / zone population,,,,,Mortuary fungus area,,,,,,,,,Classic,,Current EQL Wiki-listed,,,"Equippable quest component; no damage, delay, AC, or attribute modifiers.",,,,,"Notable equipment, access item, or meaningful quest/progression relationship.",Zone-specific,Core,Medium,https://eqlwiki.com/Estate_of_Unrest,https://wiki.project1999.com/Unrest,,Yes,2,No combat stats,No combat stats,ALL,ALL,26-28,26-28,Current EQL Wiki-listed; direct-build unconfirmed,Add,Wiki,Wiki,Wiki,No identified change,No identified change,No identified change,No identified change,,Classic-retained,https://eqlwiki.com/Estate_of_Unrest,,2026-07-28,,,,Yes,Listed,Current Wiki evidence,No,C,Current EQL Wiki item/zone listing with classic comparison.,None identified,Yes,Classic,,Current EQL Wiki,Current fields from EQL Wiki zone/item presentation; classic fields from Project 1999/classic-era baseline.,EQL-LOOT-1.0,loot,Active,,B20-UNR-045,,,Yes,Yes,,,,,,,,,,,Undead / zone population,,mortuary fungus,,,,Hostile,The Estate of Unrest,,Indoor/Outdoor Dungeon Compound,Basement,,Basement,Mortuary fungus area,,,,,,mortuary fungus,Named / notable source,,,,,,,,,,,,,,,,,,,,,,Open World,Open World,,,,,,,,,,,NPC Corpse,,,,,,,,,,,,,,,,,,,,,,,,,,,,,,,,,,,,,,,,,,,,,,,,,,,,,,,,,No,,,,,,,,,,,,Necromancer-related component,,,,,,,,Available,Current EQL beta-era content,,,,Confirmed,Unconfirmed,,,,,,B20-UNR,
46,B20-UNR-046,20,Faydwer,The Estate of Unrest,Sarcoscypha Fungus,Quest / Tradeskill Component,,No,Yes,,,,Yes,0.1,TINY,ALL,ALL,,,,,,mortuary fungus,26-28,,Undead / zone population,,,,,Mortuary fungus area,,,,,,,,,Classic,,Current EQL Wiki-listed,,,,,,,,"Notable equipment, access item, or meaningful quest/progression relationship.",Zone-specific,Core,Medium,https://eqlwiki.com/Estate_of_Unrest,https://wiki.project1999.com/Unrest,,Yes,2,,,ALL,ALL,26-28,26-28,Current EQL Wiki-listed; direct-build unconfirmed,Add,Wiki,Wiki,Wiki,No identified change,No identified change,No identified change,No identified change,,Classic-retained,https://eqlwiki.com/Estate_of_Unrest,,2026-07-28,,,,Yes,Listed,Current Wiki evidence,No,C,Current EQL Wiki item/zone listing with classic comparison.,None identified,Yes,Classic,,Current EQL Wiki,Current fields from EQL Wiki zone/item presentation; classic fields from Project 1999/classic-era baseline.,EQL-LOOT-1.0,loot,Active,,B20-UNR-046,,,Yes,Yes,,,,,,,,,,,Undead / zone population,,mortuary fungus,,,,Hostile,The Estate of Unrest,,Indoor/Outdoor Dungeon Compound,Basement,,Basement,Mortuary fungus area,,,,,,mortuary fungus,Named / notable source,,,,,,,,,,,,,,,,,,,,,,Open World,Open World,,,,,,,,,,,NPC Corpse,,,,,,,,,,,,,,,,,,,,,,,,,,,,,,,,,,,,,,,,,,,,,,,,,,,,,,,,,No,,,,,,,,,,,,Quest or tradeskill component,,,,,,,,Available,Current EQL beta-era content,,,,Confirmed,Unconfirmed,,,,,,B20-UNR,
47,B20-UNR-047,20,Faydwer,The Estate of Unrest,Amanita Phalloide,Quest / Tradeskill Component,,No,Yes,,,,Yes,,,ALL,ALL,,,,,,mortuary fungus,26-28,,Undead / zone population,,,,,Mortuary fungus area,,,,,,,,,Classic,,Current EQL Wiki-listed,,,,,,,,"Notable equipment, access item, or meaningful quest/progression relationship.",Zone-specific,Core,Medium,https://eqlwiki.com/Estate_of_Unrest,https://wiki.project1999.com/Unrest,,Yes,2,,,ALL,ALL,26-28,26-28,Current EQL Wiki-listed; direct-build unconfirmed,Add,Wiki,Wiki,Wiki,No identified change,No identified change,No identified change,No identified change,,Classic-retained,https://eqlwiki.com/Estate_of_Unrest,,2026-07-28,,,,Yes,Listed,Current Wiki evidence,No,C,Current EQL Wiki item/zone listing with classic comparison.,None identified,Yes,Classic,,Current EQL Wiki,Current fields from EQL Wiki zone/item presentation; classic fields from Project 1999/classic-era baseline.,EQL-LOOT-1.0,loot,Active,,B20-UNR-047,,,Yes,Yes,,,,,,,,,,,Undead / zone population,,mortuary fungus,,,,Hostile,The Estate of Unrest,,Indoor/Outdoor Dungeon Compound,Basement,,Basement,Mortuary fungus area,,,,,,mortuary fungus,Named / notable source,,,,,,,,,,,,,,,,,,,,,,Open World,Open World,,,,,,,,,,,NPC Corpse,,,,,,,,,,,,,,,,,,,,,,,,,,,,,,,,,,,,,,,,,,,,,,,,,,,,,,,,,No,,,,,,,,,,,,Fungus component,,,,,,,,Available,Current EQL beta-era content,,,,Confirmed,Unconfirmed,,,,,,B20-UNR,
48,B20-UNR-048,20,Faydwer,The Estate of Unrest,Globe of Mist,Quest Component,,No,Yes,Yes,Yes,Yes,Yes,0.3,SMALL,ALL,ALL,,,,,,a festering hag,28-30,,Undead / zone population,,,,,Hag populations,,,,,,,,,Classic,,Current EQL Wiki-listed,,,,,,,,"Notable equipment, access item, or meaningful quest/progression relationship.",Zone-specific,Core,Medium,https://eqlwiki.com/Estate_of_Unrest,https://wiki.project1999.com/Unrest,,Yes,2,,,ALL,ALL,28-30,28-30,Current EQL Wiki-listed; direct-build unconfirmed,Add,Wiki,Wiki,Wiki,No identified change,No identified change,No identified change,No identified change,,Classic-retained,https://eqlwiki.com/Estate_of_Unrest,,2026-07-28,,,,Yes,Listed,Current Wiki evidence,No,C,Current EQL Wiki item/zone listing with classic comparison.,None identified,Yes,Classic,,Current EQL Wiki,Current fields from EQL Wiki zone/item presentation; classic fields from Project 1999/classic-era baseline.,EQL-LOOT-1.0,loot,Active,,B20-UNR-048,,,Yes,Yes,,,,,,,,,,,Undead / zone population,,a festering hag,,,,Hostile,The Estate of Unrest,,Indoor/Outdoor Dungeon Compound,House / Basement,,,Hag populations,,,,,,a festering hag,Named / notable source,,,,,,,,,,,,,,,,,,,,,,Open World,Open World,,,,,,,,,,,NPC Corpse,,,,,,,,,,,,,,,,,,,,,,,,,,,,,,,,,,,,,,,,,,,,,,,,,,,,,,,,,No,,,,,,,,,,,,Circlet of Mist quest component,,,,,,,,Available,Current EQL beta-era content,,,,Confirmed,Unconfirmed,,,,,,B20-UNR,
49,B20-UNR-049,20,Faydwer,The Estate of Unrest,Grave Mold,Quest / Research Component,,No,Yes,,,,Yes,,,ALL,ALL,,,,,,a crazed ghoul,25-26,,Undead / zone population,,,,,Crazed ghoul locations,,,,,,,,,Classic,,Current EQL Wiki-listed,,,,,,,,"Notable equipment, access item, or meaningful quest/progression relationship.",Zone-specific,Core,Medium,https://eqlwiki.com/Estate_of_Unrest,https://wiki.project1999.com/Unrest,,Yes,2,,,ALL,ALL,25-26,25-26,Current EQL Wiki-listed; direct-build unconfirmed,Add,Wiki,Wiki,Wiki,No identified change,No identified change,No identified change,No identified change,,Classic-retained,https://eqlwiki.com/Estate_of_Unrest,,2026-07-28,,,,Yes,Listed,Current Wiki evidence,No,C,Current EQL Wiki item/zone listing with classic comparison.,None identified,Yes,Classic,,Current EQL Wiki,Current fields from EQL Wiki zone/item presentation; classic fields from Project 1999/classic-era baseline.,EQL-LOOT-1.0,loot,Active,,B20-UNR-049,,,Yes,Yes,,,,,,,,,,,Undead / zone population,,a crazed ghoul,,,,Hostile,The Estate of Unrest,,Indoor/Outdoor Dungeon Compound,House / Yard,,,Crazed ghoul locations,,,,,,a crazed ghoul,Named / notable source,,,,,,,,,,,,,,,,,,,,,,Open World,Open World,,,,,,,,,,,NPC Corpse,,,,,,,,,,,,,,,,,,,,,,,,,,,,,,,,,,,,,,,,,,,,,,,,,,,,,,,,,No,,,,,,,,,,,,Necromancer words/research component,,,,,,,,Available,Current EQL beta-era content,,,,Confirmed,Unconfirmed,,,,,,B20-UNR,
50,B20-UNR-050,20,Faydwer,The Estate of Unrest,Ghoul Carrion,Quest Component,,No,Yes,,,,Yes,,,ALL,ALL,,,,,,a carrion ghoul,20-24,,Undead / zone population,,,,,Carrion ghoul population,,,,,,,,,Classic,,Current EQL Wiki-listed,,,,,,,,"Notable equipment, access item, or meaningful quest/progression relationship.",Zone-specific,Core,Medium,https://eqlwiki.com/Estate_of_Unrest,https://wiki.project1999.com/Unrest,,Yes,2,,,ALL,ALL,20-24,20-24,Current EQL Wiki-listed; direct-build unconfirmed,Add,Wiki,Wiki,Wiki,No identified change,No identified change,No identified change,No identified change,,Classic-retained,https://eqlwiki.com/Estate_of_Unrest,,2026-07-28,,,,Yes,Listed,Current Wiki evidence,No,C,Current EQL Wiki item/zone listing with classic comparison.,None identified,Yes,Classic,,Current EQL Wiki,Current fields from EQL Wiki zone/item presentation; classic fields from Project 1999/classic-era baseline.,EQL-LOOT-1.0,loot,Active,,B20-UNR-050,,,Yes,Yes,,,,,,,,,,,Undead / zone population,,a carrion ghoul,,,,Hostile,The Estate of Unrest,,Indoor/Outdoor Dungeon Compound,House,,,Carrion ghoul population,,,,,,a carrion ghoul,Named / notable source,,,,,,,,,,,,,,,,,,,,,,Open World,Open World,,,,,,,,,,,NPC Corpse,,,,,,,,,,,,,,,,,,,,,,,,,,,,,,,,,,,,,,,,,,,,,,,,,,,,,,,,,No,,,,,,,,,,,,Quest component,,,,,,,,Available,Current EQL beta-era content,,,,Confirmed,Unconfirmed,,,,,,B20-UNR,
51,B20-UNR-051,20,Faydwer,The Estate of Unrest,Battleworn Canteen,Quest Component,,No,Yes,Yes,Yes,Yes,Yes,0.5,SMALL,ALL,ALL,,,,,,Torklar Battlemaster,20,,Undead / zone population,,,,,Courtyard rare spawn,,,,,,,,,Classic,,Current EQL Wiki-listed,,,,,,,,"Notable equipment, access item, or meaningful quest/progression relationship.",Zone-specific,Core,Medium,https://eqlwiki.com/Estate_of_Unrest,https://wiki.project1999.com/Unrest,,Yes,2,,,ALL,ALL,20,20,Current EQL Wiki-listed; direct-build unconfirmed,Add,Wiki,Wiki,Wiki,No identified change,No identified change,No identified change,No identified change,,Classic-retained,https://eqlwiki.com/Estate_of_Unrest,,2026-07-28,,,,Yes,Listed,Current Wiki evidence,No,C,Current EQL Wiki item/zone listing with classic comparison.,None identified,Yes,Classic,,Current EQL Wiki,Current fields from EQL Wiki zone/item presentation; classic fields from Project 1999/classic-era baseline.,EQL-LOOT-1.0,loot,Active,,B20-UNR-051,,,Yes,Yes,,,,,,,,,,,Undead / zone population,,Torklar Battlemaster,,,,Hostile,The Estate of Unrest,,Indoor/Outdoor Dungeon Compound,Yard / Courtyard,,,Courtyard rare spawn,,,,,,Torklar Battlemaster,Named / notable source,,,,,,,,,,,,,,,,,,,,,,Open World,Open World,,,,,,,,,,,NPC Corpse,,,,,,,,,,,,,,,,,,,,,,,,,,,,,,,,,,,,,,,,,,,,,,,,,,,,,,,,,No,,,,,,,,,,,,Cleric quest component,,,,,,,,Available,Current EQL beta-era content,,,,Confirmed,Unconfirmed,,,,,,B20-UNR,
52,B20-UNR-052,20,Faydwer,The Estate of Unrest,Darkbone Skull,Quest Component,,No,Yes,Yes,Yes,Yes,Yes,1.5,SMALL,ALL,ALL,,,,,,a greater dark bone,26-30,,Undead / zone population,,,,,Greater dark bone population,,,,,,,,,Classic,,Current EQL Wiki-listed,,,,,,,,"Notable equipment, access item, or meaningful quest/progression relationship.",Zone-specific,Core,Medium,https://eqlwiki.com/Estate_of_Unrest,https://wiki.project1999.com/Unrest,,Yes,2,,,ALL,ALL,26-30,26-30,Current EQL Wiki-listed; direct-build unconfirmed,Add,Wiki,Wiki,Wiki,No identified change,No identified change,No identified change,No identified change,,Classic-retained,https://eqlwiki.com/Estate_of_Unrest,,2026-07-28,,,,Yes,Listed,Current Wiki evidence,No,C,Current EQL Wiki item/zone listing with classic comparison.,None identified,Yes,Classic,,Current EQL Wiki,Current fields from EQL Wiki zone/item presentation; classic fields from Project 1999/classic-era baseline.,EQL-LOOT-1.0,loot,Active,,B20-UNR-052,,,Yes,Yes,,,,,,,,,,,Undead / zone population,,a greater dark bone,,,,Hostile,The Estate of Unrest,,Indoor/Outdoor Dungeon Compound,Basement,,Basement,Greater dark bone population,,,,,,a greater dark bone,Named / notable source,,,,,,,,,,,,,,,,,,,,,,Open World,Open World,,,,,,,,,,,NPC Corpse,,,,,,,,,,,,,,,,,,,,,,,,,,,,,,,,,,,,,,,,,,,,,,,,,,,,,,,,,No,,,,,,,,,,,,Quest component,,,,,,,,Available,Current EQL beta-era content,,,,Confirmed,Unconfirmed,,,,,,B20-UNR,
53,B20-UNR-053,20,Faydwer,The Estate of Unrest,Darkbone Marrow,Quest Component,,No,Yes,,,,Yes,,,ALL,ALL,,,,,,a dark boned skeleton,15-19,,Undead / zone population,,,,,Dark-boned skeleton population,,,,,,,,,Classic,,Current EQL Wiki-listed,,,,,,,,"Notable equipment, access item, or meaningful quest/progression relationship.",Zone-specific,Core,Medium,https://eqlwiki.com/Estate_of_Unrest,https://wiki.project1999.com/Unrest,,Yes,2,,,ALL,ALL,15-19,15-19,Current EQL Wiki-listed; direct-build unconfirmed,Add,Wiki,Wiki,Wiki,No identified change,No identified change,No identified change,No identified change,,Classic-retained,https://eqlwiki.com/Estate_of_Unrest,,2026-07-28,,,,Yes,Listed,Current Wiki evidence,No,C,Current EQL Wiki item/zone listing with classic comparison.,None identified,Yes,Classic,,Current EQL Wiki,Current fields from EQL Wiki zone/item presentation; classic fields from Project 1999/classic-era baseline.,EQL-LOOT-1.0,loot,Active,,B20-UNR-053,,,Yes,Yes,,,,,,,,,,,Undead / zone population,,a dark boned skeleton,,,,Hostile,The Estate of Unrest,,Indoor/Outdoor Dungeon Compound,House,,,Dark-boned skeleton population,,,,,,a dark boned skeleton,Named / notable source,,,,,,,,,,,,,,,,,,,,,,Open World,Open World,,,,,,,,,,,NPC Corpse,,,,,,,,,,,,,,,,,,,,,,,,,,,,,,,,,,,,,,,,,,,,,,,,,,,,,,,,,No,,,,,,,,,,,,Quest component,,,,,,,,Available,Current EQL beta-era content,,,,Confirmed,Unconfirmed,,,,,,B20-UNR,
54,B20-UNR-054,20,Faydwer,The Estate of Unrest,Gnome Meat,Quest / Tradeskill Component,,No,Yes,,,,Yes,,,ALL,ALL,,,,,,Khrix Fritchoff,35,,Undead / zone population,,,,,Khrix side room,,,,,,,,,Classic,,Current EQL Wiki-listed,,,,,,,,"Notable equipment, access item, or meaningful quest/progression relationship.",Zone-specific,Core,Medium,https://eqlwiki.com/Estate_of_Unrest,https://wiki.project1999.com/Unrest,,Yes,2,,,ALL,ALL,35,35,Current EQL Wiki-listed; direct-build unconfirmed,Add,Wiki,Wiki,Wiki,No identified change,No identified change,No identified change,No identified change,,Classic-retained,https://eqlwiki.com/Estate_of_Unrest,,2026-07-28,,,,Yes,Listed,Current Wiki evidence,No,C,Current EQL Wiki item/zone listing with classic comparison.,None identified,Yes,Classic,,Current EQL Wiki,Current fields from EQL Wiki zone/item presentation; classic fields from Project 1999/classic-era baseline.,EQL-LOOT-1.0,loot,Active,,B20-UNR-054,,,Yes,Yes,,,,,,,,,,,Undead / zone population,,Khrix Fritchoff,,,,Hostile,The Estate of Unrest,,Indoor/Outdoor Dungeon Compound,House,,2,Khrix side room,,,,,,Khrix Fritchoff,Named / notable source,,,,,,,,,,,,,,,,,,,,,,Open World,Open World,,,,,,,,,,,NPC Corpse,,,,,,,,,,,,,,,,,,,,,,,,,,,,,,,,,,,,,,,,,,,,,,,,,,,,,,,,,No,,,,,,,,,,,,Quest or tradeskill component,,,,,,,,Available,Current EQL beta-era content,,,,Confirmed,Unconfirmed,,,,,,B20-UNR,
55,B20-UNR-055,20,Faydwer,The Estate of Unrest,Jack-O-Lantern Fungus,Quest / Material,,No,Yes,,,,Yes,,,ALL,ALL,,,,,,a jack o lantern,12-14,,Undead / zone population,,,,,Yard / gazebo,,,,,,,,,Classic,,Current EQL Wiki-listed,,,,,,,,"Notable equipment, access item, or meaningful quest/progression relationship.",Zone-specific,Core,Medium,https://eqlwiki.com/Estate_of_Unrest,https://wiki.project1999.com/Unrest,,Yes,2,,,ALL,ALL,12-14,12-14,Current EQL Wiki-listed; direct-build unconfirmed,Add,Wiki,Wiki,Wiki,No identified change,No identified change,No identified change,No identified change,,Classic-retained,https://eqlwiki.com/Estate_of_Unrest,,2026-07-28,,,,Yes,Listed,Current Wiki evidence,No,C,Current EQL Wiki item/zone listing with classic comparison.,None identified,Yes,Classic,,Current EQL Wiki,Current fields from EQL Wiki zone/item presentation; classic fields from Project 1999/classic-era baseline.,EQL-LOOT-1.0,loot,Active,,B20-UNR-055,,,Yes,Yes,,,,,,,,,,,Undead / zone population,,a jack o lantern,,,,Hostile,The Estate of Unrest,,Indoor/Outdoor Dungeon Compound,Yard,,,Yard / gazebo,,,,,,a jack o lantern,Named / notable source,,,,,,,,,,,,,,,,,,,,,,Open World,Open World,,,,,,,,,,,NPC Corpse; Forage,,,,,,,,,,,,,,,,,,,,,,,,,,,,,,,,,,,,,,,,,,,,,,,,,,,,,,,,,No,,,,,,,,,,,,Corpse drop; also forageable in Unrest,,,,,,,,Available,Current EQL beta-era content,,,,Confirmed,Unconfirmed,,,,,,B20-UNR,
56,B20-UNR-META-001,20,Faydwer,The Estate of Unrest,Estate of Unrest current status,,,,,,,,,,,,,,,,,,,,,,,,10-35,,,,,,,,,,,,,,,,,,,,,,Zone-specific,Supplemental,Medium,https://eqlwiki.com/Estate_of_Unrest,https://wiki.project1999.com/Unrest,,Yes,2,,,,,,,Current EQL Wiki-supported; direct-build confirmation varies,Add,,,,,,,,,,https://eqlwiki.com/Estate_of_Unrest,,2026-07-28,,,,Yes,Listed,Current Wiki evidence,No,C,Current EQL zone documentation with classic comparison.,,,,,Current EQL Wiki,,EQL-LOOT-1.0,zone_metadata,Metadata,,B20-UNR-META-001,,,No,No,"Available current EQL zone; substantially classic-retained and EQL-modified, but no comprehensive official revamp announcement located.",,,,,,,,,,,,,,,,,,,Indoor/Outdoor Dungeon Compound,,,,,,,,,,Estate of Unrest current status,,,,,,,,,,,,"Available current EQL zone; substantially classic-retained and EQL-modified, but no comprehensive official revamp announcement located.",,,,,,,,,,,Open World,Open World,,,,,,,,,,,,,,,,,,,,,,,,,,,,,,,,,,,,,,,,,,,,,,,,,,,,,,,,,,,,,,,,,,,,No,,,,,,,,,,,,,,,,,,,,Available,Current EQL beta-era content,,,,Confirmed,Unconfirmed,,,,zone-status,,B20-UNR,
57,B20-UNR-META-002,20,Faydwer,The Estate of Unrest,Estate architecture and camp progression,,,,,,,,,,,,,,,,,,,,,,,,,,,,,,,,,,,,,,,,,,,,,,Zone-specific,Supplemental,Medium,https://eqlwiki.com/Estate_of_Unrest,https://wiki.project1999.com/Unrest,,Yes,2,,,,,,,Current EQL Wiki-supported; direct-build confirmation varies,Add,,,,,,,,,,https://eqlwiki.com/Estate_of_Unrest,,2026-07-28,,,,Yes,Listed,Current Wiki evidence,No,C,Current EQL zone documentation with classic comparison.,,,,,Current EQL Wiki,,EQL-LOOT-1.0,zone_metadata,Metadata,,B20-UNR-META-002,,,No,No,"Entrance tunnel, yard, manor floors, fireplace hub, towers, basement, underwater cave, hidden routes, and named camp progression.",,,,,,,,,,,,,,,,,,,Indoor/Outdoor Dungeon Compound,,,,,,,,,,Estate architecture and camp progression,,,,,,,,,,,,"Entrance tunnel, yard, manor floors, fireplace hub, towers, basement, underwater cave, hidden routes, and named camp progression.",,,,,,,,,,,Open World,Open World,,,,,,,,,,,,,,,,,,,,,,,,,,,,,,,,,,,,,,,,,,,,,,,,,,,,,,,,,,,,,,,,,,,,No,,,,,,,,,,,,,,,,,,,,Available,Current EQL beta-era content,,,,Confirmed,Unconfirmed,,,,zone-layout,,B20-UNR,
58,B20-UNR-META-003,20,Faydwer,The Estate of Unrest,Restored EQL key progression,,,,,,,,,,,,,,,,,,,,,,,,,,,,,,,,,,,,,,,,,,,,,,Zone-specific,Supplemental,Medium,https://eqlwiki.com/Estate_of_Unrest,https://wiki.project1999.com/Unrest,,Yes,2,,,,,,,Current EQL Wiki-supported; direct-build confirmation varies,Add,,,,,,,,,,https://eqlwiki.com/Estate_of_Unrest,,2026-07-28,,,,Yes,Listed,Current Wiki evidence,No,C,Current EQL zone documentation with classic comparison.,,,,,Current EQL Wiki,,EQL-LOOT-1.0,zone_metadata,Metadata,,B20-UNR-META-003,,,No,No,"Small Stone, Polished Brass, Scuffed Silver, and Cracked Glass keys form a current sequential door-access system absent or nonfunctional in classic/P99.",,,,,,,,,,,,,,,,,,,Indoor/Outdoor Dungeon Compound,,,,,,,,,,Restored EQL key progression,,,,,,,,,,,,"Small Stone, Polished Brass, Scuffed Silver, and Cracked Glass keys form a current sequential door-access system absent or nonfunctional in classic/P99.",,,,,,,,,,,Open World,Open World,,,,,,,,,,,,,,,,,,,,,,,,,,,,,,,,,,,,,,,,,,,,,,,,,,,,,,,,,,,,,,,,,,,,No,,,,,,,,,,,,,,,,,,,,Available,Current EQL beta-era content,,,,Confirmed,Unconfirmed,,,,access;key-system,,B20-UNR,
59,B20-UNR-META-004,20,Faydwer,The Estate of Unrest,Unrest general spawn framework,,,,,,,,,,,,,,,,,,,,,,,,,,,,,,,,,,,,,,,,,,,,,,Zone-specific,Supplemental,Medium,https://eqlwiki.com/Estate_of_Unrest,https://wiki.project1999.com/Unrest,,Yes,2,,,,,,,Current EQL Wiki-supported; direct-build confirmation varies,Add,,,,,,,,,,https://eqlwiki.com/Estate_of_Unrest,,2026-07-28,,,,Yes,Listed,Current Wiki evidence,No,C,Current EQL zone documentation with classic comparison.,,,,,Current EQL Wiki,,EQL-LOOT-1.0,zone_metadata,Metadata,,B20-UNR-META-004,,,No,No,Current EQL references generally use a 22-minute zone timer; individual exceptions and exact placeholder probabilities remain separately audited.,,,,,,,,,,,,,,,,,,,Indoor/Outdoor Dungeon Compound,,,,,,,,,,Unrest general spawn framework,,,,,,,,,,,,Current EQL references generally use a 22-minute zone timer; individual exceptions and exact placeholder probabilities remain separately audited.,,,,,,,,,,,Open World,Open World,,,,,,,,,,,,,,,,,,,,,,,,,,,,,,,,,,,,,,,,,,,,,,,,,,,,,,,,,,,,,,,,,,,,No,,,,,,,,,,,,,,,,,,,,Available,Current EQL beta-era content,,,,Confirmed,Unconfirmed,,,,spawn-timer,,B20-UNR,
60,B20-UNR-META-005,20,Faydwer,The Estate of Unrest,Unrest navigation and recovery hazards,,,,,,,,,,,,,,,,,,,,,,,,,,,,,,High,,,,,,,,,,,,,,,,Zone-specific,Supplemental,Medium,https://eqlwiki.com/Estate_of_Unrest,https://wiki.project1999.com/Unrest,,Yes,2,,,,,,,Current EQL Wiki-supported; direct-build confirmation varies,Add,,,,,,,,,,https://eqlwiki.com/Estate_of_Unrest,,2026-07-28,,,,Yes,Listed,Current Wiki evidence,No,C,Current EQL zone documentation with classic comparison.,,,,,Current EQL Wiki,,EQL-LOOT-1.0,zone_metadata,Metadata,,B20-UNR-META-005,,,No,No,"House pathing, yard trains, staircase adds, bar/tower social linkage, blood trap, pits, basement density, and difficult corpse recovery.",,,,,,,,,,,,,,,,,,,Indoor/Outdoor Dungeon Compound,,,,,,,,,,Unrest navigation and recovery hazards,,,,,,,,,,,,"House pathing, yard trains, staircase adds, bar/tower social linkage, blood trap, pits, basement density, and difficult corpse recovery.",,,,,,,,,,,Open World,Open World,,,,,,,,,,,,,,,,,,,,,,,,,,,,,,,,,,,,,,,,,,,,,,,,,,,,,,,,,,,,,,,,,,,,No,,,,,,,,,,,,,,,,,,,,Available,Current EQL beta-era content,,,,Confirmed,Unconfirmed,,,,hazards,,B20-UNR,
61,B20-UNR-ENC-001,20,Faydwer,The Estate of Unrest,Yard and gazebo population,,,,,,,,,,,,,,,,,,,,,,,,10-17,,,,,,High train exposure,,,,,,,,,,,,,,,,Zone-specific,Supplemental,Medium,https://eqlwiki.com/Estate_of_Unrest,https://wiki.project1999.com/Unrest,,Yes,2,,,,,,,Current EQL Wiki-supported; direct-build confirmation varies,Add,,,,,,,,,,https://eqlwiki.com/Estate_of_Unrest,,2026-07-28,,,,Yes,Listed,Current Wiki evidence,No,C,Current EQL zone documentation with classic comparison.,,,,,Current EQL Wiki,,EQL-LOOT-1.0,encounter_metadata,Metadata,,B20-UNR-ENC-001,,,No,No,"Death beetles, tormented dead, skeletons, jack-o-lanterns, ghouls, and roamers.",,,,,,,,,,,,,,,,,,,Indoor/Outdoor Dungeon Compound,Yard,,,Yard walls / gazebo,,,,,,Yard and gazebo population,Shared Population,,,,,,,,,,,"Death beetles, tormented dead, skeletons, jack-o-lanterns, ghouls, and roamers.",,,,,,,,,,,Open World,Open World,,,,,,,,,,,,,,,,,,,,,,,,,,,,,,,,,,,,,,,,,,,,,,,,,,,,,,,,,,,,,,,,,,,,No,,,,,,,,,,,,,,,,,,,,Available,Current EQL beta-era content,,,,Confirmed,Unconfirmed,,,,,,B20-UNR,
62,B20-UNR-ENC-002,20,Faydwer,The Estate of Unrest,Courtyard rare-spawn population,,,,,,,,,,,,,,,,,,,,,,,,15-20,,,,,,Roamers and trains,,,,,,,,,,,,,,,,Zone-specific,Supplemental,Medium,https://eqlwiki.com/Estate_of_Unrest,https://wiki.project1999.com/Unrest,,Yes,2,,,,,,,Current EQL Wiki-supported; direct-build confirmation varies,Add,,,,,,,,,,https://eqlwiki.com/Estate_of_Unrest,,2026-07-28,,,,Yes,Listed,Current Wiki evidence,No,C,Current EQL zone documentation with classic comparison.,,,,,Current EQL Wiki,,EQL-LOOT-1.0,encounter_metadata,Metadata,,B20-UNR-ENC-002,,,No,No,Shadowpincer and Torklar candidates; treat separately despite shared area.,,,,,,,,,,,,,,,,,,,Indoor/Outdoor Dungeon Compound,Yard / Courtyard,,,Courtyard,,,,,,Courtyard rare-spawn population,Rare Spawn Group,,,,,,,,,,,Shadowpincer and Torklar candidates; treat separately despite shared area.,,,,,,,,,,,Open World,Open World,,,,,,,,,,,,,,,,,,,,,,,,,,,,,,,,,,,,,,,,,,,,,,,,,,,,,,,,,,,,,,,,,,,,No,,,,,,,,,,,,,,,,,,,,Available,Current EQL beta-era content,,,,Confirmed,Unconfirmed,,,,,,B20-UNR,
63,B20-UNR-ENC-003,20,Faydwer,The Estate of Unrest,Underwater cave population,,,,,,,,,,,,,,,,,,,,,,,,4-20,,,,,,Underwater access,,,,,,,,,,,,,,,,Zone-specific,Supplemental,Medium,https://eqlwiki.com/Estate_of_Unrest,https://wiki.project1999.com/Unrest,,Yes,2,,,,,,,Current EQL Wiki-supported; direct-build confirmation varies,Add,,,,,,,,,,https://eqlwiki.com/Estate_of_Unrest,,2026-07-28,,,,Yes,Listed,Current Wiki evidence,No,C,Current EQL zone documentation with classic comparison.,,,,,Current EQL Wiki,,EQL-LOOT-1.0,encounter_metadata,Metadata,,B20-UNR-ENC-003,,,No,No,Serra and a gnomish spelunker; quest behavior unresolved.,,,,,,,,,,,,,,,,,,,Indoor/Outdoor Dungeon Compound,Exterior / Underwater,,,Underwater cave,,,,,,Underwater cave population,Quest-sensitive Population,,,,,,,,,,,Serra and a gnomish spelunker; quest behavior unresolved.,,,,,,,,,,,Open World,Open World,,,,,,,,,,,,,,,,,,,,,,,,,,,,,,,,,,,,,,,,,,,,,,,,,,,,,,,,,,,,,,,,,,,,No,,,,,,,,,,,,,,,,,,,,Available,Current EQL beta-era content,,,,Confirmed,Unconfirmed,,,,,,B20-UNR,
64,B20-UNR-ENC-004,20,Faydwer,The Estate of Unrest,Back room and Lesser Blade Fiend,,,,,,,,,,,,,,,,,,,,,,,,15-20,,,,,,Stair and pathing adds,,,,,,,,,,,,,,,,Zone-specific,Supplemental,Medium,https://eqlwiki.com/Estate_of_Unrest,https://wiki.project1999.com/Unrest,,Yes,2,,,,,,,Current EQL Wiki-supported; direct-build confirmation varies,Add,,,,,,,,,,https://eqlwiki.com/Estate_of_Unrest,,2026-07-28,,,,Yes,Listed,Current Wiki evidence,No,C,Current EQL zone documentation with classic comparison.,,,,,Current EQL Wiki,,EQL-LOOT-1.0,encounter_metadata,Metadata,,B20-UNR-ENC-004,,,No,No,Dark-boned-skeleton population with Lesser Blade Fiend rare.,,,,,,,,,,,,,,,,,,,Indoor/Outdoor Dungeon Compound,House,,1,Back room / side-door alcove,,,,,,Back room and Lesser Blade Fiend,Placeholder Named,,,,,,,,,,,Dark-boned-skeleton population with Lesser Blade Fiend rare.,,,,,,,,,,,Open World,Open World,,,,,,,,,,,,,,,,,,,,,,,,,,,,,,,,,,,,,,,,,,,,,,,,,,,,,,,,,,,,,,,,,,,,No,,,,,,,,,,,,,,,,,,,,Available,Current EQL beta-era content,,,,Confirmed,Unconfirmed,,,,,,B20-UNR,
65,B20-UNR-ENC-005,20,Faydwer,The Estate of Unrest,Main room and undead brewer,,,,,,,,,,,,,,,,,,,,,,,,18-22,,,,,,Stair adds,,,,,,,,,,,,,,,,Zone-specific,Supplemental,Medium,https://eqlwiki.com/Estate_of_Unrest,https://wiki.project1999.com/Unrest,,Yes,2,,,,,,,Current EQL Wiki-supported; direct-build confirmation varies,Add,,,,,,,,,,https://eqlwiki.com/Estate_of_Unrest,,2026-07-28,,,,Yes,Listed,Current Wiki evidence,No,C,Current EQL zone documentation with classic comparison.,,,,,Current EQL Wiki,,EQL-LOOT-1.0,encounter_metadata,Metadata,,B20-UNR-ENC-005,,,No,No,First-floor undead and brewer source; stair-linked adds.,,,,,,,,,,,,,,,,,,,Indoor/Outdoor Dungeon Compound,House,,1,Main room,,,,,,Main room and undead brewer,Camp Population,,,,,,,,,,,First-floor undead and brewer source; stair-linked adds.,,,,,,,,,,,Open World,Open World,,,,,,,,,,,,,,,,,,,,,,,,,,,,,,,,,,,,,,,,,,,,,,,,,,,,,,,,,,,,,,,,,,,,No,,,,,,,,,,,,,,,,,,,,Available,Current EQL beta-era content,,,,Confirmed,Unconfirmed,,,,,,B20-UNR,
66,B20-UNR-ENC-006,20,Faydwer,The Estate of Unrest,Fireplace pull hub,,,,,,,,,,,,,,,,,,,,,,,,23-28,,,,,,High social linkage,,,,,,,,,,,,,,,,Zone-specific,Supplemental,Medium,https://eqlwiki.com/Estate_of_Unrest,https://wiki.project1999.com/Unrest,,Yes,2,,,,,,,Current EQL Wiki-supported; direct-build confirmation varies,Add,,,,,,,,,,https://eqlwiki.com/Estate_of_Unrest,,2026-07-28,,,,Yes,Listed,Current Wiki evidence,No,C,Current EQL zone documentation with classic comparison.,,,,,Current EQL Wiki,,EQL-LOOT-1.0,encounter_metadata,Metadata,,B20-UNR-ENC-006,,,No,No,Central pull location for upper-house rooms and towers.,,,,,,,,,,,,,,,,,,,Indoor/Outdoor Dungeon Compound,House,,2,Fireplace,,,,,,Fireplace pull hub,Camp Hub,,,,,,,,,,,Central pull location for upper-house rooms and towers.,,,,,,,,,,,Open World,Open World,,,,,,,,,,,,,,,,,,,,,,,,,,,,,,,,,,,,,,,,,,,,,,,,,,,,,,,,,,,,,,,,,,,,No,,,,,,,,,,,,,,,,,,,,Available,Current EQL beta-era content,,,,Confirmed,Unconfirmed,,,,,,B20-UNR,
67,B20-UNR-ENC-007,20,Faydwer,The Estate of Unrest,Reclusive ghoul magus room,,,,,,,,,,,,,,,,,,,,,,,,23,,,,,,Placeholder unresolved,,,,,,,,,,,,,,,,Zone-specific,Supplemental,Medium,https://eqlwiki.com/Estate_of_Unrest,https://wiki.project1999.com/Unrest,,Yes,2,,,,,,,Current EQL Wiki-supported; direct-build confirmation varies,Add,,,,,,,,,,https://eqlwiki.com/Estate_of_Unrest,,2026-07-28,,,,Yes,Listed,Current Wiki evidence,No,C,Current EQL zone documentation with classic comparison.,,,,,Current EQL Wiki,,EQL-LOOT-1.0,encounter_metadata,Metadata,,B20-UNR-ENC-007,,,No,No,Magus source and first functional key stage.,,,,,,,,,,,,,,,,,,,Indoor/Outdoor Dungeon Compound,House,,2,Magus room,,,,,,Reclusive ghoul magus room,Named Encounter,,,,,,,,,,,Magus source and first functional key stage.,,,,,,,,,,,Open World,Open World,,,,,,,,,,,,,,,,,,,,,,,,,,,,,,,,,,,,,,,,,,,,,,,,,,,,,,,,,,,,,,,,,,,,No,,,,,,,,,,,,,,,,,,,,Available,Current EQL beta-era content,,,,Confirmed,Unconfirmed,,,,,,B20-UNR,
68,B20-UNR-ENC-008,20,Faydwer,The Estate of Unrest,Khrix Fritchoff side room,,,,,,,,,,,,,,,,,,,,,,,,35,,,,,,Caster risk,,,,,,,,,,,,,,,,Zone-specific,Supplemental,Medium,https://eqlwiki.com/Estate_of_Unrest,https://wiki.project1999.com/Unrest,,Yes,2,,,,,,,Current EQL Wiki-supported; direct-build confirmation varies,Add,,,,,,,,,,https://eqlwiki.com/Estate_of_Unrest,,2026-07-28,,,,Yes,Listed,Current Wiki evidence,No,C,Current EQL zone documentation with classic comparison.,,,,,Current EQL Wiki,,EQL-LOOT-1.0,encounter_metadata,Metadata,,B20-UNR-ENC-008,,,No,No,Named gnome necromancer; quest and faction-sensitive source.,,,,,,,,,,,,,,,,,,,Indoor/Outdoor Dungeon Compound,House,,2,Khrix side room,,,,,,Khrix Fritchoff side room,Named Encounter,,,,,,,,,,,Named gnome necromancer; quest and faction-sensitive source.,,,,,,,,,,,Open World,Open World,,,,,,,,,,,,,,,,,,,,,,,,,,,,,,,,,,,,,,,,,,,,,,,,,,,,,,,,,,,,,,,,,,,,No,,,,,,,,,,,,,,,,,,,,Available,Current EQL beta-era content,,,,Confirmed,Unconfirmed,,,,,,B20-UNR,
69,B20-UNR-ENC-009,20,Faydwer,The Estate of Unrest,Barroom population,,,,,,,,,,,,,,,,,,,,,,,,24-26,,,,,,Tower assist risk,,,,,,,,,,,,,,,,Zone-specific,Supplemental,Medium,https://eqlwiki.com/Estate_of_Unrest,https://wiki.project1999.com/Unrest,,Yes,2,,,,,,,Current EQL Wiki-supported; direct-build confirmation varies,Add,,,,,,,,,,https://eqlwiki.com/Estate_of_Unrest,,2026-07-28,,,,Yes,Listed,Current Wiki evidence,No,C,Current EQL zone documentation with classic comparison.,,,,,Current EQL Wiki,,EQL-LOOT-1.0,encounter_metadata,Metadata,,B20-UNR-ENC-009,,,No,No,"Undead barkeep, Unrest Noble, and linked undead.",,,,,,,,,,,,,,,,,,,Indoor/Outdoor Dungeon Compound,House,,3,Barroom,,,,,,Barroom population,Named / Shared Population,,,,,,,,,,,"Undead barkeep, Unrest Noble, and linked undead.",,,,,,,,,,,Open World,Open World,,,,,,,,,,,,,,,,,,,,,,,,,,,,,,,,,,,,,,,,,,,,,,,,,,,,,,,,,,,,,,,,,,,,No,,,,,,,,,,,,,,,,,,,,Available,Current EQL beta-era content,,,,Confirmed,Unconfirmed,,,,,,B20-UNR,
70,B20-UNR-ENC-010,20,Faydwer,The Estate of Unrest,Reanimated hand room,,,,,,,,,,,,,,,,,,,,,,,,21,,,,,,Uncertain spawn,,,,,,,,,,,,,,,,Zone-specific,Supplemental,Medium,https://eqlwiki.com/Estate_of_Unrest,https://wiki.project1999.com/Unrest,,Yes,2,,,,,,,Current EQL Wiki-supported; direct-build confirmation varies,Add,,,,,,,,,,https://eqlwiki.com/Estate_of_Unrest,,2026-07-28,,,,Yes,Listed,Current Wiki evidence,No,C,Current EQL zone documentation with classic comparison.,,,,,Current EQL Wiki,,EQL-LOOT-1.0,encounter_metadata,Metadata,,B20-UNR-ENC-010,,,No,No,"Hand source, Small Stone Key, and roof escape route.",,,,,,,,,,,,,,,,,,,Indoor/Outdoor Dungeon Compound,House,,3,Hand room,,,,,,Reanimated hand room,Static / Rare Encounter,,,,,,,,,,,"Hand source, Small Stone Key, and roof escape route.",,,,,,,,,,,Open World,Open World,,,,,,,,,,,,,,,,,,,,,,,,,,,,,,,,,,,,,,,,,,,,,,,,,,,,,,,,,,,,,,,,,,,,No,,,,,,,,,,,,,,,,,,,,Available,Current EQL beta-era content,,,,Confirmed,Unconfirmed,,,,,,B20-UNR,
71,B20-UNR-ENC-011,20,Faydwer,The Estate of Unrest,Undead knight tower,,,,,,,,,,,,,,,,,,,,,,,,28-30,,,,,,Fear; Harm Touch,,,,,,,,,,,,,,,,Zone-specific,Supplemental,Medium,https://eqlwiki.com/Estate_of_Unrest,https://wiki.project1999.com/Unrest,,Yes,2,,,,,,,Current EQL Wiki-supported; direct-build confirmation varies,Add,,,,,,,,,,https://eqlwiki.com/Estate_of_Unrest,,2026-07-28,,,,Yes,Listed,Current Wiki evidence,No,C,Current EQL zone documentation with classic comparison.,,,,,Current EQL Wiki,,EQL-LOOT-1.0,encounter_metadata,Metadata,,B20-UNR-ENC-011,,,No,No,Undead knight and festering-hag relationship; fear and Harm Touch.,,,,,,,,,,,,,,,,,,,Indoor/Outdoor Dungeon Compound,House,,4,Upper tower,,,,,,Undead knight tower,Placeholder Named,,,,,,,,,,,Undead knight and festering-hag relationship; fear and Harm Touch.,,,,,,,,,,,Open World,Open World,,,,,,,,,,,,,,,,,,,,,,,,,,,,,,,,,,,,,,,,,,,,,,,,,,,,,,,,,,,,,,,,,,,,No,,,,,,,,,,,,,,,,,,,,Available,Current EQL beta-era content,,,,Confirmed,Unconfirmed,,,,,,B20-UNR,
72,B20-UNR-ENC-012,20,Faydwer,The Estate of Unrest,Priest of Najena tower,,,,,,,,,,,,,,,,,,,,,,,,29-31,,,,,,Cleric caster,,,,,,,,,,,,,,,,Zone-specific,Supplemental,Medium,https://eqlwiki.com/Estate_of_Unrest,https://wiki.project1999.com/Unrest,,Yes,2,,,,,,,Current EQL Wiki-supported; direct-build confirmation varies,Add,,,,,,,,,,https://eqlwiki.com/Estate_of_Unrest,,2026-07-28,,,,Yes,Listed,Current Wiki evidence,No,C,Current EQL zone documentation with classic comparison.,,,,,Current EQL Wiki,,EQL-LOOT-1.0,encounter_metadata,Metadata,,B20-UNR-ENC-012,,,No,No,Quest key source with reported 55-minute cycle.,,,,,,,,,,,,,,,,,,,Indoor/Outdoor Dungeon Compound,House,,3,Southwest tower,,,,,,Priest of Najena tower,Quest Named,,,,,,,,,,,Quest key source with reported 55-minute cycle.,,,,,,,,,,,Open World,Open World,,,,,,,,,,,,,,,,,,,,,,,,,,,,,,,,,,,,,,,,,,,,,,,,,,,,,,,,,,,,,,,,,,,,No,,,,,,,,,,,,,,,,,,,,Available,Current EQL beta-era content,,,,Confirmed,Unconfirmed,,,,,,B20-UNR,
73,B20-UNR-ENC-013,20,Faydwer,The Estate of Unrest,Basement-front population,,,,,,,,,,,,,,,,,,,,,,,,24-30,,,,,,Dense respawns,,,,,,,,,,,,,,,,Zone-specific,Supplemental,Medium,https://eqlwiki.com/Estate_of_Unrest,https://wiki.project1999.com/Unrest,,Yes,2,,,,,,,Current EQL Wiki-supported; direct-build confirmation varies,Add,,,,,,,,,,https://eqlwiki.com/Estate_of_Unrest,,2026-07-28,,,,Yes,Listed,Current Wiki evidence,No,C,Current EQL zone documentation with classic comparison.,,,,,Current EQL Wiki,,EQL-LOOT-1.0,encounter_metadata,Metadata,,B20-UNR-ENC-013,,,No,No,"Greater dark bones, werebats, skeletal monks, hags, and barbed bones.",,,,,,,,,,,,,,,,,,,Indoor/Outdoor Dungeon Compound,Basement,,Basement,Basement front,,,,,,Basement-front population,Shared Population,,,,,,,,,,,"Greater dark bones, werebats, skeletal monks, hags, and barbed bones.",,,,,,,,,,,Open World,Open World,,,,,,,,,,,,,,,,,,,,,,,,,,,,,,,,,,,,,,,,,,,,,,,,,,,,,,,,,,,,,,,,,,,,No,,,,,,,,,,,,,,,,,,,,Available,Current EQL beta-era content,,,,Confirmed,Unconfirmed,,,,,,B20-UNR,
74,B20-UNR-ENC-014,20,Faydwer,The Estate of Unrest,Terror and fungus population,,,,,,,,,,,,,,,,,,,,,,,,26-33,,,,,,Knockback; slows,,,,,,,,,,,,,,,,Zone-specific,Supplemental,Medium,https://eqlwiki.com/Estate_of_Unrest,https://wiki.project1999.com/Unrest,,Yes,2,,,,,,,Current EQL Wiki-supported; direct-build confirmation varies,Add,,,,,,,,,,https://eqlwiki.com/Estate_of_Unrest,,2026-07-28,,,,Yes,Listed,Current Wiki evidence,No,C,Current EQL zone documentation with classic comparison.,,,,,Current EQL Wiki,,EQL-LOOT-1.0,encounter_metadata,Metadata,,B20-UNR-ENC-014,,,No,No,"Dark terrors, tentacle terrors, mortuary fungi, and quest materials.",,,,,,,,,,,,,,,,,,,Indoor/Outdoor Dungeon Compound,Basement,,Basement,Deep basement,,,,,,Terror and fungus population,Shared Population,,,,,,,,,,,"Dark terrors, tentacle terrors, mortuary fungi, and quest materials.",,,,,,,,,,,Open World,Open World,,,,,,,,,,,,,,,,,,,,,,,,,,,,,,,,,,,,,,,,,,,,,,,,,,,,,,,,,,,,,,,,,,,,No,,,,,,,,,,,,,,,,,,,,Available,Current EQL beta-era content,,,,Confirmed,Unconfirmed,,,,,,B20-UNR,
75,B20-UNR-ENC-015,20,Faydwer,The Estate of Unrest,Garanel dwarf room,,,,,,,,,,,,,,,,,,,,,,,,35,,,,,,Difficult recovery,,,,,,,,,,,,,,,,Zone-specific,Supplemental,Medium,https://eqlwiki.com/Estate_of_Unrest,https://wiki.project1999.com/Unrest,,Yes,2,,,,,,,Current EQL Wiki-supported; direct-build confirmation varies,Add,,,,,,,,,,https://eqlwiki.com/Estate_of_Unrest,,2026-07-28,,,,Yes,Listed,Current Wiki evidence,No,C,Current EQL zone documentation with classic comparison.,,,,,Current EQL Wiki,,EQL-LOOT-1.0,encounter_metadata,Metadata,,B20-UNR-ENC-015,,,No,No,Garanel and festering-hag cycle at the deepest classic camp.,,,,,,,,,,,,,,,,,,,Indoor/Outdoor Dungeon Compound,Basement,,Basement,Dwarf room,,,,,,Garanel dwarf room,Placeholder Named,,,,,,,,,,,Garanel and festering-hag cycle at the deepest classic camp.,,,,,,,,,,,Open World,Open World,,,,,,,,,,,,,,,,,,,,,,,,,,,,,,,,,,,,,,,,,,,,,,,,,,,,,,,,,,,,,,,,,,,,No,,,,,,,,,,,,,,,,,,,,Available,Current EQL beta-era content,,,,Confirmed,Unconfirmed,,,,,,B20-UNR,
76,B20-UNR-LOOTMETA-001,20,Faydwer,The Estate of Unrest,Gossamer armor relationship,,,,,,,,,,,,,,,,,,,,,,,,,,,,,,,,,,,,,,,,,,,,,,Zone-specific,Supplemental,Medium,https://eqlwiki.com/Estate_of_Unrest,https://wiki.project1999.com/Unrest,,Yes,2,,,,,,,Current EQL Wiki-supported; direct-build confirmation varies,Add,,,,,,,,,,https://eqlwiki.com/Estate_of_Unrest,,2026-07-28,,,,Yes,Listed,Current Wiki evidence,No,C,Current EQL zone documentation with classic comparison.,,,,,Current EQL Wiki,,EQL-LOOT-1.0,metadata,Metadata,,B20-UNR-LOOTMETA-001,,,No,No,Ten individual Gossamer armor records sourced to festering hags; no grouped active item row.,,,,,,,,,,,,,,,,,,,Indoor/Outdoor Dungeon Compound,,,,,,,,,,Gossamer armor relationship,,,,,,,,,,,,Ten individual Gossamer armor records sourced to festering hags; no grouped active item row.,,,,,,,,,,,Open World,Open World,,,,,,,,,,,,,,,,,,,,,,,,,,,,,,,,,,,,,,,,,,,,,,,,,,,,,,,,,,,,,,,,,,,,No,,,,,,,,,,,,,,,,,,,,Available,Current EQL beta-era content,,,,Confirmed,Unconfirmed,,,,loot-family;gossamer,,B20-UNR,
77,B20-UNR-LOOTMETA-002,20,Faydwer,The Estate of Unrest,Damask armor candidate population,,,,,,,,,,,,,,,,,,,,,,,,,,,,,,,,,,,,,,,,,,,,,,Zone-specific,Supplemental,Medium,https://eqlwiki.com/Estate_of_Unrest,https://wiki.project1999.com/Unrest,,Yes,2,,,,,,,Current EQL Wiki-supported; direct-build confirmation varies,Add,,,,,,,,,,https://eqlwiki.com/Estate_of_Unrest,,2026-07-28,,,,Yes,Listed,Current Wiki evidence,No,C,Current EQL zone documentation with classic comparison.,,,,,Current EQL Wiki,,EQL-LOOT-1.0,metadata,Metadata,,B20-UNR-LOOTMETA-002,,,No,No,"Damask is present in the wider Unrest loot ecology, but exact current piece-to-source relationships remain quarantined.",,,,,,,,,,,,,,,,,,,Indoor/Outdoor Dungeon Compound,,,,,,,,,,Damask armor candidate population,,,,,,,,,,,,"Damask is present in the wider Unrest loot ecology, but exact current piece-to-source relationships remain quarantined.",,,,,,,,,,,Open World,Open World,,,,,,,,,,,,,,,,,,,,,,,,,,,,,,,,,,,,,,,,,,,,,,,,,,,,,,,,,,,,,,,,,,,,No,,,,,,,,,,,,,,,,,,,,Available,Current EQL beta-era content,,,,Confirmed,Unconfirmed,,,,loot-family;damask,,B20-UNR,
78,B20-UNR-LOOTMETA-003,20,Faydwer,The Estate of Unrest,Bronze and small-bronze population loot,,,,,,,,,,,,,,,,,,,,,,,,,,,,,,,,,,,,,,,,,,,,,,Zone-specific,Supplemental,Medium,https://eqlwiki.com/Estate_of_Unrest,https://wiki.project1999.com/Unrest,,Yes,2,,,,,,,Current EQL Wiki-supported; direct-build confirmation varies,Add,,,,,,,,,,https://eqlwiki.com/Estate_of_Unrest,,2026-07-28,,,,Yes,Listed,Current Wiki evidence,No,C,Current EQL zone documentation with classic comparison.,,,,,Current EQL Wiki,,EQL-LOOT-1.0,metadata,Metadata,,B20-UNR-LOOTMETA-003,,,No,No,Generic bronze and small-bronze pieces occur among appropriate undead populations but are excluded from active notable-loot rows.,,,,,,,,,,,,,,,,,,,Indoor/Outdoor Dungeon Compound,,,,,,,,,,Bronze and small-bronze population loot,,,,,,,,,,,,Generic bronze and small-bronze pieces occur among appropriate undead populations but are excluded from active notable-loot rows.,,,,,,,,,,,Open World,Open World,,,,,,,,,,,,,,,,,,,,,,,,,,,,,,,,,,,,,,,,,,,,,,,,,,,,,,,,,,,,,,,,,,,,No,,,,,,,,,,,,,,,,,,,,Available,Current EQL beta-era content,,,,Confirmed,Unconfirmed,,,,global-loot;excluded,,B20-UNR,
79,B20-UNR-LOOTMETA-004,20,Faydwer,The Estate of Unrest,"Raw-hide, fine-steel, gems, and research-word groups",,,,,,,,,,,,,,,,,,,,,,,,,,,,,,,,,,,,,,,,,,,,,,Zone-specific,Supplemental,Medium,https://eqlwiki.com/Estate_of_Unrest,https://wiki.project1999.com/Unrest,,Yes,2,,,,,,,Current EQL Wiki-supported; direct-build confirmation varies,Add,,,,,,,,,,https://eqlwiki.com/Estate_of_Unrest,,2026-07-28,,,,Yes,Listed,Current Wiki evidence,No,C,Current EQL zone documentation with classic comparison.,,,,,Current EQL Wiki,,EQL-LOOT-1.0,metadata,Metadata,,B20-UNR-LOOTMETA-004,,,No,No,Generic level-based equipment and materials are retained as population metadata rather than individual active rows.,,,,,,,,,,,,,,,,,,,Indoor/Outdoor Dungeon Compound,,,,,,,,,,"Raw-hide, fine-steel, gems, and research-word groups",,,,,,,,,,,,Generic level-based equipment and materials are retained as population metadata rather than individual active rows.,,,,,,,,,,,Open World,Open World,,,,,,,,,,,,,,,,,,,,,,,,,,,,,,,,,,,,,,,,,,,,,,,,,,,,,,,,,,,,,,,,,,,,No,,,,,,,,,,,,,,,,,,,,Available,Current EQL beta-era content,,,,Confirmed,Unconfirmed,,,,global-loot;excluded,,B20-UNR,
80,B20-UNR-RES-001,20,Faydwer,The Estate of Unrest,Estate of Unrest comprehensive revamp status,,,,,,,,,,,,,,,,,,,,,,,,,,,,,,,,,,,,,,,,,,,,,,Zone-specific,Supplemental,Low,https://eqlwiki.com/Estate_of_Unrest,https://wiki.project1999.com/Unrest,"Confirm whether any systematic EQL population, stat, spawn, or loot revamp exists beyond the identified key and item changes.",Yes,2,,,,,,,Unresolved; direct-build or stronger current evidence required,Quarantine,,,,,,,,,,https://eqlwiki.com/Estate_of_Unrest,,2026-07-28,,,,Yes,Partial / conflicting,Unverified lead,No,D,Meaningful lead without sufficient support for active promotion.,Unresolved,,,,Unverified EQL Wiki / inherited classic evidence,,EQL-LOOT-1.0,research,Quarantined,,B20-UNR-RES-001,,,No,Yes,Quarantined research record; hidden from default loot results.,,,,,,,,,,,,,,,,,,,Indoor/Outdoor Dungeon Compound,,,,,,,,,,,,,,,,,,,,,,,,,,,,,,,,,Open World,Open World,,,,,,,,,,,,,,,,,,,,,,,,,,,,,,,,,,,,,,,,,,,,,,,,,,,,,,,,,,,,,,,,,,,,No,,,,,,,,,,,,,,,,,,,,Available,Current EQL beta-era content,,,,Confirmed,Unconfirmed,,,,,,B20-UNR,
81,B20-UNR-RES-002,20,Faydwer,The Estate of Unrest,Unrest key consumption and persistence,,,,,,,,,,,,,,,,,,,,,,,,,,,,,,,,,,,,,,,,,,,,,,Zone-specific,Supplemental,Low,https://eqlwiki.com/Estate_of_Unrest,https://wiki.project1999.com/Unrest,"Verify whether the four functional keys are consumed, reusable, retained after death, shared with group members, or added to a keyring.",Yes,2,,,,,,,Unresolved; direct-build or stronger current evidence required,Quarantine,,,,,,,,,,https://eqlwiki.com/Estate_of_Unrest,,2026-07-28,,,,Yes,Partial / conflicting,Unverified lead,No,D,Meaningful lead without sufficient support for active promotion.,Unresolved,,,,Unverified EQL Wiki / inherited classic evidence,,EQL-LOOT-1.0,research,Quarantined,,B20-UNR-RES-002,,,No,Yes,Quarantined research record; hidden from default loot results.,,,,,,,,,,,,,,,,,,,Indoor/Outdoor Dungeon Compound,,,,,,,,,,,,,,,,,,,,,,,,,,,,,,,,,Open World,Open World,,,,,,,,,,,,,,,,,,,,,,,,,,,,,,,,,,,,,,,,,,,,,,,,,,,,,,,,,,,,,,,,,,,,No,,,,,,,,,,,,,,,,,,,,Available,Current EQL beta-era content,,,,Confirmed,Unconfirmed,,,,,,B20-UNR,
82,B20-UNR-RES-003,20,Faydwer,The Estate of Unrest,Reanimated hand spawn mechanics,,,,,,,,,,,,,,,,,,,,,,,,,,,,,,,,,,,,,,,,,,,,,,Zone-specific,Supplemental,Low,https://eqlwiki.com/Estate_of_Unrest,https://wiki.project1999.com/Unrest,"Resolve placeholder identity, exact room, spawn chance, and timer.",Yes,2,,,,,,,Unresolved; direct-build or stronger current evidence required,Quarantine,,,,,,,,,,https://eqlwiki.com/Estate_of_Unrest,,2026-07-28,,,,Yes,Partial / conflicting,Unverified lead,No,D,Meaningful lead without sufficient support for active promotion.,Spawn conflict,,,,Unverified EQL Wiki / inherited classic evidence,,EQL-LOOT-1.0,research,Quarantined,,B20-UNR-RES-003,,,No,Yes,Quarantined research record; hidden from default loot results.,,,,,,,,,,,,,,,,,,,Indoor/Outdoor Dungeon Compound,,,,,,,,,,,,,,,,,,,,,,,,,,,,,,,,,Open World,Open World,,,,,,,,,,,,,,,,,,,,,,,,,,,,,,,,,,,,,,,,,,,,,,,,,,,,,,,,,,,,,,,,,,,,No,,,,,,,,,,,,,,,,,,,,Available,Current EQL beta-era content,,,,Confirmed,Unconfirmed,,,,,,B20-UNR,
83,B20-UNR-RES-004,20,Faydwer,The Estate of Unrest,Reclusive ghoul magus spawn percentage,,,,,,,,,,,,,,,,,,,,,,,,,,,,,,,,,,,,,,,,,,,,,,Zone-specific,Supplemental,Low,https://eqlwiki.com/Estate_of_Unrest,https://wiki.project1999.com/Unrest,Determine the meaning and accuracy of the current 50% notation and identify the alternate spawn.,Yes,2,,,,,,,Unresolved; direct-build or stronger current evidence required,Quarantine,,,,,,,,,,https://eqlwiki.com/Estate_of_Unrest,,2026-07-28,,,,Yes,Partial / conflicting,Unverified lead,No,D,Meaningful lead without sufficient support for active promotion.,Spawn conflict,,,,Unverified EQL Wiki / inherited classic evidence,,EQL-LOOT-1.0,research,Quarantined,,B20-UNR-RES-004,,,No,Yes,Quarantined research record; hidden from default loot results.,,,,,,,,,,,,,,,,,,,Indoor/Outdoor Dungeon Compound,,,,,,,,,,,,,,,,,,,,,,,,,,,,,,,,,Open World,Open World,,,,,,,,,,,,,,,,,,,,,,,,,,,,,,,,,,,,,,,,,,,,,,,,,,,,,,,,,,,,,,,,,,,,No,,,,,,,,,,,,,,,,,,,,Available,Current EQL beta-era content,,,,Confirmed,Unconfirmed,,,,,,B20-UNR,
84,B20-UNR-RES-005,20,Faydwer,The Estate of Unrest,Undead knight placeholder cycle,,,,,,,,,,,,,,,,,,,,,,,,,,,,,,,,,,,,,,,,,,,,,,Zone-specific,Supplemental,Low,https://eqlwiki.com/Estate_of_Unrest,https://wiki.project1999.com/Unrest,Identify all placeholders and exact cycle behavior.,Yes,2,,,,,,,Unresolved; direct-build or stronger current evidence required,Quarantine,,,,,,,,,,https://eqlwiki.com/Estate_of_Unrest,,2026-07-28,,,,Yes,Partial / conflicting,Unverified lead,No,D,Meaningful lead without sufficient support for active promotion.,Unresolved,,,,Unverified EQL Wiki / inherited classic evidence,,EQL-LOOT-1.0,research,Quarantined,,B20-UNR-RES-005,,,No,Yes,Quarantined research record; hidden from default loot results.,,,,,,,,,,,,,,,,,,,Indoor/Outdoor Dungeon Compound,,,,,,,,,,,,,,,,,,,,,,,,,,,,,,,,,Open World,Open World,,,,,,,,,,,,,,,,,,,,,,,,,,,,,,,,,,,,,,,,,,,,,,,,,,,,,,,,,,,,,,,,,,,,No,,,,,,,,,,,,,,,,,,,,Available,Current EQL beta-era content,,,,Confirmed,Unconfirmed,,,,,,B20-UNR,
85,B20-UNR-RES-006,20,Faydwer,The Estate of Unrest,Priest of Najena placeholder and timer,,,,,,,,,,,,,,,,,,,,,,,,,,,,,,,,,,,,,,,,,,,,,,Zone-specific,Supplemental,Low,https://eqlwiki.com/Estate_of_Unrest,https://wiki.project1999.com/Unrest,Verify placeholder identities and whether the reported 55-minute timer is current-build accurate.,Yes,2,,,,,,,Unresolved; direct-build or stronger current evidence required,Quarantine,,,,,,,,,,https://eqlwiki.com/Estate_of_Unrest,,2026-07-28,,,,Yes,Partial / conflicting,Unverified lead,No,D,Meaningful lead without sufficient support for active promotion.,Unresolved,,,,Unverified EQL Wiki / inherited classic evidence,,EQL-LOOT-1.0,research,Quarantined,,B20-UNR-RES-006,,,No,Yes,Quarantined research record; hidden from default loot results.,,,,,,,,,,,,,,,,,,,Indoor/Outdoor Dungeon Compound,,,,,,,,,,,,,,,,,,,,,,,,,,,,,,,,,Open World,Open World,,,,,,,,,,,,,,,,,,,,,,,,,,,,,,,,,,,,,,,,,,,,,,,,,,,,,,,,,,,,,,,,,,,,No,,,,,,,,,,,,,,,,,,,,Available,Current EQL beta-era content,,,,Confirmed,Unconfirmed,,,,,,B20-UNR,
86,B20-UNR-RES-007,20,Faydwer,The Estate of Unrest,Torklar spawn mechanics,,,,,,,,,,,,,,,,,,,,,,,,,,,,,,,,,,,,,,,,,,,,,,Zone-specific,Supplemental,Low,https://eqlwiki.com/Estate_of_Unrest,https://wiki.project1999.com/Unrest,"Resolve timer, placeholder behavior, and any current quest gating.",Yes,2,,,,,,,Unresolved; direct-build or stronger current evidence required,Quarantine,,,,,,,,,,https://eqlwiki.com/Estate_of_Unrest,,2026-07-28,,,,Yes,Partial / conflicting,Unverified lead,No,D,Meaningful lead without sufficient support for active promotion.,Unresolved,,,,Unverified EQL Wiki / inherited classic evidence,,EQL-LOOT-1.0,research,Quarantined,,B20-UNR-RES-007,,,No,Yes,Quarantined research record; hidden from default loot results.,,,,,,,,,,,,,,,,,,,Indoor/Outdoor Dungeon Compound,,,,,,,,,,,,,,,,,,,,,,,,,,,,,,,,,Open World,Open World,,,,,,,,,,,,,,,,,,,,,,,,,,,,,,,,,,,,,,,,,,,,,,,,,,,,,,,,,,,,,,,,,,,,No,,,,,,,,,,,,,,,,,,,,Available,Current EQL beta-era content,,,,Confirmed,Unconfirmed,,,,,,B20-UNR,
87,B20-UNR-RES-008,20,Faydwer,The Estate of Unrest,Shadowpincer implementation and loot,,,,,,,,,,,,,,,,,,,,,,,,,,,,,,,,,,,,,,,,,,,,,,Zone-specific,Supplemental,Low,https://eqlwiki.com/Estate_of_Unrest,https://wiki.project1999.com/Unrest,"Verify current spawn method, special hostility, and actual loot table.",Yes,2,,,,,,,Unresolved; direct-build or stronger current evidence required,Quarantine,,,,,,,,,,https://eqlwiki.com/Estate_of_Unrest,,2026-07-28,,,,Yes,Partial / conflicting,Unverified lead,No,D,Meaningful lead without sufficient support for active promotion.,Unresolved,,,,Unverified EQL Wiki / inherited classic evidence,,EQL-LOOT-1.0,research,Quarantined,,B20-UNR-RES-008,,,No,Yes,Quarantined research record; hidden from default loot results.,,,,,,,,,,,,,,,,,,,Indoor/Outdoor Dungeon Compound,,,,,,,,,,,,,,,,,,,,,,,,,,,,,,,,,Open World,Open World,,,,,,,,,,,,,,,,,,,,,,,,,,,,,,,,,,,,,,,,,,,,,,,,,,,,,,,,,,,,,,,,,,,,No,,,,,,,,,,,,,,,,,,,,Available,Current EQL beta-era content,,,,Confirmed,Unconfirmed,,,,,,B20-UNR,
88,B20-UNR-RES-009,20,Faydwer,The Estate of Unrest,Serra doll interaction,,,,,,,,,,,,,,,,,,,,,,,,,,,,,,,,,,,,,,,,,,,,,,Zone-specific,Supplemental,Low,https://eqlwiki.com/Estate_of_Unrest,https://wiki.project1999.com/Unrest,"Verify current quest interaction, disposition, despawn behavior, and timer.",Yes,2,,,,,,,Unresolved; direct-build or stronger current evidence required,Quarantine,,,,,,,,,,https://eqlwiki.com/Estate_of_Unrest,,2026-07-28,,,,Yes,Partial / conflicting,Unverified lead,No,D,Meaningful lead without sufficient support for active promotion.,Unresolved,,,,Unverified EQL Wiki / inherited classic evidence,,EQL-LOOT-1.0,research,Quarantined,,B20-UNR-RES-009,,,No,Yes,Quarantined research record; hidden from default loot results.,,,,,,,,,,,,,,,,,,,Indoor/Outdoor Dungeon Compound,,,,,,,,,,,,,,,,,,,,,,,,,,,,,,,,,Open World,Open World,,,,,,,,,,,,,,,,,,,,,,,,,,,,,,,,,,,,,,,,,,,,,,,,,,,,,,,,,,,,,,,,,,,,No,,,,,,,,,,,,,,,,,,,,Available,Current EQL beta-era content,,,,Confirmed,Unconfirmed,,,,,,B20-UNR,
89,B20-UNR-RES-010,20,Faydwer,The Estate of Unrest,Khrix Abomination trigger and availability,,,,,,,,,,,,,,,,,,,,,,,,,,,,,,,,,,,,,,,,,,,,,,Zone-specific,Supplemental,Low,https://eqlwiki.com/Estate_of_Unrest,https://wiki.project1999.com/Unrest,"Verify trigger, roaming behavior, current implementation, and level.",Yes,2,,,,,,,Unresolved; direct-build or stronger current evidence required,Quarantine,,,,,,,,,,https://eqlwiki.com/Estate_of_Unrest,,2026-07-28,,,,Yes,Partial / conflicting,Unverified lead,No,D,Meaningful lead without sufficient support for active promotion.,Implementation conflict,,,,Unverified EQL Wiki / inherited classic evidence,,EQL-LOOT-1.0,research,Quarantined,,B20-UNR-RES-010,,,No,Yes,Quarantined research record; hidden from default loot results.,,,,,,,,,,,,,,,,,,,Indoor/Outdoor Dungeon Compound,,,,,,,,,,,,,,,,,,,,,,,,,,,,,,,,,Open World,Open World,,,,,,,,,,,,,,,,,,,,,,,,,,,,,,,,,,,,,,,,,,,,,,,,,,,,,,,,,,,,,,,,,,,,No,,,,,,,,,,,,,,,,,,,,Available,Current EQL beta-era content,,,,Confirmed,Unconfirmed,,,,,,B20-UNR,
90,B20-UNR-RES-011,20,Faydwer,The Estate of Unrest,Powder of Reanimation source,,,,,,,,,,,,,,,,,,,,,,,,,,,,,,,,,,,,,,,,,,,,,,Zone-specific,Supplemental,Low,https://eqlwiki.com/Estate_of_Unrest,https://wiki.project1999.com/Unrest,Confirm current Khrix Abomination drop relationship and whether the item is guaranteed.,Yes,2,,,,,,,Unresolved; direct-build or stronger current evidence required,Quarantine,,,,,,,,,,https://eqlwiki.com/Estate_of_Unrest,,2026-07-28,,,,Yes,Partial / conflicting,Unverified lead,No,D,Meaningful lead without sufficient support for active promotion.,Unresolved,,,,Unverified EQL Wiki / inherited classic evidence,,EQL-LOOT-1.0,research,Quarantined,,B20-UNR-RES-011,,,No,Yes,Quarantined research record; hidden from default loot results.,,,,,,,,,,,,,,,,,,,Indoor/Outdoor Dungeon Compound,,,,,,,,,,,,,,,,,,,,,,,,,,,,,,,,,Open World,Open World,,,,,,,,,,,,,,,,,,,,,,,,,,,,,,,,,,,,,,,,,,,,,,,,,,,,,,,,,,,,,,,,,,,,No,,,,,,,,,,,,,,,,,,,,Available,Current EQL beta-era content,,,,Confirmed,Unconfirmed,,,,,,B20-UNR,
91,B20-UNR-RES-012,20,Faydwer,The Estate of Unrest,Sphere of Unrest exact source,,,,,,,,,,,,,,,,,,,,,,,,,,,,,,,,,,,,,,,,,,,,,,Zone-specific,Supplemental,Low,https://eqlwiki.com/Estate_of_Unrest,https://wiki.project1999.com/Unrest,Resolve Garanel versus undead barkeep sourcing and any drop-rate differences.,Yes,2,,,,,,,Unresolved; direct-build or stronger current evidence required,Quarantine,,,,,,,,,,https://eqlwiki.com/Estate_of_Unrest,,2026-07-28,,,,Yes,Partial / conflicting,Unverified lead,No,D,Meaningful lead without sufficient support for active promotion.,Source conflict,,,,Unverified EQL Wiki / inherited classic evidence,,EQL-LOOT-1.0,research,Quarantined,,B20-UNR-RES-012,,,No,Yes,Quarantined research record; hidden from default loot results.,,,,,,,,,,,,,,,,,,,Indoor/Outdoor Dungeon Compound,,,,,,,,,,,,,,,,,,,,,,,,,,,,,,,,,Open World,Open World,,,,,,,,,,,,,,,,,,,,,,,,,,,,,,,,,,,,,,,,,,,,,,,,,,,,,,,,,,,,,,,,,,,,No,,,,,,,,,,,,,,,,,,,,Available,Current EQL beta-era content,,,,Confirmed,Unconfirmed,,,,,,B20-UNR,
92,B20-UNR-RES-013,20,Faydwer,The Estate of Unrest,Reanimated hand spell and research table,,,,,,,,,,,,,,,,,,,,,,,,,,,,,,,,,,,,,,,,,,,,,,Zone-specific,Supplemental,Low,https://eqlwiki.com/Estate_of_Unrest,https://wiki.project1999.com/Unrest,"Verify Diablerie II, Ipsor's Enlightenment IV, Mixxy's Delicacies Vol. 1, and The End of an Age as current EQL drops.",Yes,2,,,,,,,Unresolved; direct-build or stronger current evidence required,Quarantine,,,,,,,,,,https://eqlwiki.com/Estate_of_Unrest,,2026-07-28,,,,Yes,Partial / conflicting,Unverified lead,No,D,Meaningful lead without sufficient support for active promotion.,Unresolved,,,,Unverified EQL Wiki / inherited classic evidence,,EQL-LOOT-1.0,research,Quarantined,,B20-UNR-RES-013,,,No,Yes,Quarantined research record; hidden from default loot results.,,,,,,,,,,,,,,,,,,,Indoor/Outdoor Dungeon Compound,,,,,,,,,,,,,,,,,,,,,,,,,,,,,,,,,Open World,Open World,,,,,,,,,,,,,,,,,,,,,,,,,,,,,,,,,,,,,,,,,,,,,,,,,,,,,,,,,,,,,,,,,,,,No,,,,,,,,,,,,,,,,,,,,Available,Current EQL beta-era content,,,,Confirmed,Unconfirmed,,,,,,B20-UNR,
93,B20-UNR-RES-014,20,Faydwer,The Estate of Unrest,Steel Knuckles current item data,,,,,,,,,,,,,,,,,,,,,,,,,,,,,,,,,,,,,,,,,,,,,,Zone-specific,Supplemental,Low,https://eqlwiki.com/Estate_of_Unrest,https://wiki.project1999.com/Unrest,"Complete slot, stats, restrictions, flags, and exact mortuary-fungus source data before promotion.",Yes,2,,,,,,,Unresolved; direct-build or stronger current evidence required,Quarantine,,,,,,,,,,https://eqlwiki.com/Estate_of_Unrest,,2026-07-28,,,,Yes,Partial / conflicting,Unverified lead,No,D,Meaningful lead without sufficient support for active promotion.,Incomplete item data,,,,Unverified EQL Wiki / inherited classic evidence,,EQL-LOOT-1.0,research,Quarantined,,B20-UNR-RES-014,,,No,Yes,Quarantined research record; hidden from default loot results.,,,,,,,,,,,,,,,,,,,Indoor/Outdoor Dungeon Compound,,,,,,,,,,,,,,,,,,,,,,,,,,,,,,,,,Open World,Open World,,,,,,,,,,,,,,,,,,,,,,,,,,,,,,,,,,,,,,,,,,,,,,,,,,,,,,,,,,,,,,,,,,,,No,,,,,,,,,,,,,,,,,,,,Available,Current EQL beta-era content,,,,Confirmed,Unconfirmed,,,,,,B20-UNR,
94,B20-UNR-RES-015,20,Faydwer,The Estate of Unrest,Damask armor exact source census,,,,,,,,,,,,,,,,,,,,,,,,,,,,,,,,,,,,,,,,,,,,,,Zone-specific,Supplemental,Low,https://eqlwiki.com/Estate_of_Unrest,https://wiki.project1999.com/Unrest,Map every Damask piece to exact current Unrest NPC sources or population scopes.,Yes,2,,,,,,,Unresolved; direct-build or stronger current evidence required,Quarantine,,,,,,,,,,https://eqlwiki.com/Estate_of_Unrest,,2026-07-28,,,,Yes,Partial / conflicting,Unverified lead,No,D,Meaningful lead without sufficient support for active promotion.,Incomplete census,,,,Unverified EQL Wiki / inherited classic evidence,,EQL-LOOT-1.0,research,Quarantined,,B20-UNR-RES-015,,,No,Yes,Quarantined research record; hidden from default loot results.,,,,,,,,,,,,,,,,,,,Indoor/Outdoor Dungeon Compound,,,,,,,,,,,,,,,,,,,,,,,,,,,,,,,,,Open World,Open World,,,,,,,,,,,,,,,,,,,,,,,,,,,,,,,,,,,,,,,,,,,,,,,,,,,,,,,,,,,,,,,,,,,,No,,,,,,,,,,,,,,,,,,,,Available,Current EQL beta-era content,,,,Confirmed,Unconfirmed,,,,,,B20-UNR,
95,B20-UNR-RES-016,20,Faydwer,The Estate of Unrest,Special-population faction audit,,,,,,,,,,,,,,,,,,,,,,,,,,,,,,,,,,,,,,,,,,,,,,Zone-specific,Supplemental,Low,https://eqlwiki.com/Estate_of_Unrest,https://wiki.project1999.com/Unrest,"Verify exact faction hits and disposition for Serra, Shadowpincer, Torklar, Priest of Najena, Khrix Fritchoff, and the gnomish spelunker.",Yes,2,,,,,,,Unresolved; direct-build or stronger current evidence required,Quarantine,,,,,,,,,,https://eqlwiki.com/Estate_of_Unrest,,2026-07-28,,,,Yes,Partial / conflicting,Unverified lead,No,D,Meaningful lead without sufficient support for active promotion.,Faction unresolved,,,,Unverified EQL Wiki / inherited classic evidence,,EQL-LOOT-1.0,research,Quarantined,,B20-UNR-RES-016,,,No,Yes,Quarantined research record; hidden from default loot results.,,,,,,,,,,,,,,,,,,,Indoor/Outdoor Dungeon Compound,,,,,,,,,,,,,,,,,,,,,,,,,,,,,,,,,Open World,Open World,,,,,,,,,,,,,,,,,,,,,,,,,,,,,,,,,,,,,,,,,,,,,,,,,,,,,,,,,,,,,,,,,,,,No,,,,,,,,,,,,,,,,,,,,Available,Current EQL beta-era content,,,,Confirmed,Unconfirmed,,,,,,B20-UNR,
