index,record_id,batch,continent,zone,item_name,item_category,slot,equippable,inventory_only,magic,lore,no_drop,quest_item,weight,size,classes_classic,races_classic,stats_raw,damage,delay,weapon_skill,proc_click_focus,source_npc,source_npc_level,source_npc_class,source_npc_race_type,placeholder,placeholder_level_range,nearby_enemy_level_range,spawn_type,spawn_location,respawn_timer,time_condition,special_abilities,social_or_add_risk,faction_consequences,drop_frequency,drop_rate_reported,drop_notes,era_status,tlp_status,legends_status,best_for_classes,best_for_archetypes,general_value_notes,personal_build_notes,effect_transfer_value,target_priority_general,duplicate_item_group,inclusion_reason,source_scope,core_or_supplemental,data_confidence,source_primary,source_secondary,research_notes,approved,revision,stats_classic,stats_eql,classes_eql,races_eql,source_npc_level_classic,source_npc_level_eql,eql_verification_status,eql_audit_action,eql_npc_confirmed,eql_item_confirmed,eql_drop_source_confirmed,eql_stats_match,eql_classes_match,eql_races_match,eql_effect_match,eql_spawn_match,eql_era_status,eql_wiki_source,eql_official_source,eql_last_checked,eql_changes_summary,eql_verification_notes,official_override_status,official_source_checked,eql_wiki_listing_status,eql_wiki_verification_state,current_build_confirmed,evidence_grade,evidence_strength,conflict_status,classic_original_launch,classic_historical_era,last_directly_observed,primary_evidence_layer,per_field_provenance_notes,schema_version,record_type,record_status,source_record_id,canonical_record_id,parent_record_id,related_record_ids,display_default,searchable,record_notes,faction_risk_level,faction_hits_known,faction_gains_known,city_access_risk,merchant_access_risk,quest_access_risk,initial_disposition,protected_npc_type,faction_behavior_notes,creature_family,creature_subfamily,normalized_source_name,source_name_aliases,shared_loot_family,family_faction,family_hostility,family_zone_scope,source_variant_notes,zone_type,zone_subarea,zone_wing,zone_floor,camp_or_room,location_coordinates,location_description,navigation_notes,escape_or_exit_risk,environmental_hazards,encounter_name,encounter_type,encounter_tier,encounter_group_size,encounter_raid_size,encounter_difficulty,encounter_trigger,encounter_scripted,encounter_phases,encounter_adds,encounter_failure_condition,encounter_reset_behavior,encounter_notes,placeholder_npc,placeholder_cycle,spawn_probability,spawn_count,spawn_window,respawn_variance,despawn_condition,spawn_dependencies,spawn_guaranteed,spawn_mechanics_notes,instance_status,instance_type,instance_name,instance_entry_method,instance_reuse_timer,loot_lockout_type,loot_lockout_duration,lockout_scope,lockout_applies_per_npc,lockout_applies_per_instance,lockout_bypass_conditions,instance_notes,loot_delivery_method,loot_container_name,loot_table_name,loot_table_tier,loot_pool_type,loot_roll_type,loot_quantity_min,loot_quantity_max,loot_slots_reported,loot_selection_behavior,shared_loot_notes,currency_drop,loot_delivery_notes,drop_rate_type,drop_rate_numerator,drop_rate_denominator,drop_rate_sample_size,drop_rate_pool_probability,drop_rate_item_probability,drop_rate_source,drop_rate_confidence,drop_rate_conditions,access_requirement,access_key_item,access_key_consumed,access_quest,minimum_recommended_level,minimum_group_size,minimum_raid_size,class_role_requirements,door_or_lock_requirement,levitation_required,underwater_required,resist_requirements,corpse_recovery_difficulty,bind_or_reentry_notes,access_notes,encounter_hp,encounter_ac,damage_per_hit_min,damage_per_hit_max,attacks_per_round,aoe_effects,single_target_effects,debuffs,summons_players,enrages,rampage,flurry,banishes,mem_blur,charm,fear,death_touch,resist_profile,immunity_profile,combat_mechanics_notes,raid_target,raid_classification,raid_progression_role,raid_prerequisite,contested_status,racing_or_engagement_rules,racing_line,open_world_competition,recommended_composition,raid_notes,quest_name,quest_step,quest_role,epic_class,progression_category,required_for_access,required_for_spawn,required_for_turn_in,reward_type,quest_dependency_notes,content_availability,availability_context,availability_start,availability_end,availability_condition,beta_availability_status,launch_availability_status,instance_availability_status,compatibility_action,compatibility_reason,custom_tags,alternate_names,content_group_id,data_extension_json
1,B22-SPL-001,22,Antonica,Splitpaw Lair,Cap of Mending,Armor,HEAD,Yes,No,Yes,Yes,,,1.0,SMALL,,,AC 3; HP +10; ENDURANCE +10; STR +5; CHA +5; SV POISON +3,,,,,a Nisch Mas Mender,,Gnoll Healer,Gnoll,,,,EQL revamp rare,Mana/Healer rare,,,,,,,,Attunable,EQL-exclusive,,Current post-revamp EQL Wiki-listed,,,,,,,,"Notable exact-source equipment, utility, quest, or progression relationship.",Zone-specific,Core,High,https://www.everquestlegends.com/patch-notes/eql-update-notes-7-14-2026,https://eqlwiki.com/Splitpaw_Lair,,Yes,1,,AC 3; HP +10; ENDURANCE +10; STR +5; CHA +5; SV POISON +3,BER BRD BST CLR DRU MNK PAL RNG ROG SHM SHD WAR,ALL,,,Current post-revamp EQL Wiki-listed,Add,Wiki,Wiki,Wiki,Changed,Changed,Changed,No identified change,Revamped / unresolved,EQL-exclusive,https://eqlwiki.com/Splitpaw_Lair,https://www.everquestlegends.com/patch-notes/eql-update-notes-7-14-2026,2026-07-28,EQL-exclusive item added in the July 2026 Splitpaw revamp.,,,Yes,Listed,Post-revamp Wiki evidence,No,B,Official EQL revamp context plus current post-revamp EQL Wiki item/source data.,None identified,No,,,Official EQL / current EQL Wiki,Revamp structure from official EQL notes; current item/source fields from post-revamp EQL Wiki; classic comparison from Project 1999 where applicable.,EQL-LOOT-1.0,loot,Active,,B22-SPL-001,,,Yes,Yes,,,Splitpaw Clan -30,Guards of Qeynos +10; Residents of Karanas +10,,,,Hostile,,,Gnoll,,a Nisch Mas Mender,,,Splitpaw Clan,Hostile,Splitpaw Lair,,Open-world indoor dungeon,,,,Mana/Healer rare,,,,,,a Nisch Mas Mender,Named / notable source,Band 2,,,,,,,,,,,,,,,,,,,,,Open World,Open World,,,,,,,,,,,NPC Corpse,,,,,,,,,,,,,,,,,,,,,,,,,,,,,,,,,,,,,,,,,,,,,,,,,,,,,,,,,No,,,,,,,,,,,,,,,,,,,,Available,Major officially confirmed EQL revamp,,,,Confirmed,Unconfirmed,,,,,,B22-SPL,
2,B22-SPL-002,22,Antonica,Splitpaw Lair,Nisch Mas Ilkvel,Shield,SECONDARY,Yes,No,Yes,Yes,,,7.0,MEDIUM,,,AC 10; MANA +15; STA +6; WIS +6; SV DISEASE +12,,,,Focus: Mana Preservation II,a Nisch Mas Mender,,Gnoll Healer,Gnoll,,,,EQL revamp rare,Mana/Healer rare,,,,,,,,Attunable,EQL-exclusive,,Current post-revamp EQL Wiki-listed,,,,,,,,"Notable exact-source equipment, utility, quest, or progression relationship.",Zone-specific,Core,High,https://www.everquestlegends.com/patch-notes/eql-update-notes-7-14-2026,https://eqlwiki.com/Splitpaw_Lair,,Yes,1,,AC 10; MANA +15; STA +6; WIS +6; SV DISEASE +12,CLR DRU SHM,ALL,,,Current post-revamp EQL Wiki-listed,Add,Wiki,Wiki,Wiki,Changed,Changed,Changed,Changed,Revamped / unresolved,EQL-exclusive,https://eqlwiki.com/Splitpaw_Lair,https://www.everquestlegends.com/patch-notes/eql-update-notes-7-14-2026,2026-07-28,EQL-exclusive item added in the July 2026 Splitpaw revamp.,,,Yes,Listed,Post-revamp Wiki evidence,No,B,Official EQL revamp context plus current post-revamp EQL Wiki item/source data.,None identified,No,,,Official EQL / current EQL Wiki,Revamp structure from official EQL notes; current item/source fields from post-revamp EQL Wiki; classic comparison from Project 1999 where applicable.,EQL-LOOT-1.0,loot,Active,,B22-SPL-002,,,Yes,Yes,,,Splitpaw Clan -30,Guards of Qeynos +10; Residents of Karanas +10,,,,Hostile,,,Gnoll,,a Nisch Mas Mender,,,Splitpaw Clan,Hostile,Splitpaw Lair,,Open-world indoor dungeon,,,,Mana/Healer rare,,,,,,a Nisch Mas Mender,Named / notable source,Band 2,,,,,,,,,,,,,,,,,,,,,Open World,Open World,,,,,,,,,,,NPC Corpse,,,,,,,,,,,,,,,,,,,,,,,,,,,,,,,,,,,,,,,,,,,,,,,,,,,,,,,,,No,,,,,,,,,,,,,,,,,,,,Available,Major officially confirmed EQL revamp,,,,Confirmed,Unconfirmed,,,,,,B22-SPL,
3,B22-SPL-003,22,Antonica,Splitpaw Lair,Apprentice Heretic's Ring,Jewelry,FINGER,Yes,No,Yes,Yes,,,0.1,TINY,,,AC 2; MANA +75; STA -10; SV MAGIC +10,,,,,Ishma Mas Apprentice,,Gnoll Caster,Gnoll,,,,EQL revamp rare,Apprentice rare,,,,,,,,Attunable,EQL-exclusive,,Current post-revamp EQL Wiki-listed,,,,,,,,"Notable exact-source equipment, utility, quest, or progression relationship.",Zone-specific,Core,High,https://www.everquestlegends.com/patch-notes/eql-update-notes-7-14-2026,https://eqlwiki.com/Splitpaw_Lair,,Yes,1,,AC 2; MANA +75; STA -10; SV MAGIC +10,NEC WIZ MAG ENC,ALL,,,Current post-revamp EQL Wiki-listed,Add,Wiki,Wiki,Wiki,Changed,Changed,Changed,No identified change,Revamped / unresolved,EQL-exclusive,https://eqlwiki.com/Splitpaw_Lair,https://www.everquestlegends.com/patch-notes/eql-update-notes-7-14-2026,2026-07-28,EQL-exclusive item added in the July 2026 Splitpaw revamp.,,,Yes,Listed,Post-revamp Wiki evidence,No,B,Official EQL revamp context plus current post-revamp EQL Wiki item/source data.,None identified,No,,,Official EQL / current EQL Wiki,Revamp structure from official EQL notes; current item/source fields from post-revamp EQL Wiki; classic comparison from Project 1999 where applicable.,EQL-LOOT-1.0,loot,Active,,B22-SPL-003,,,Yes,Yes,,,Splitpaw Clan -30,Guards of Qeynos +10; Residents of Karanas +10,,,,Hostile,,,Gnoll,,Ishma Mas Apprentice,,,Splitpaw Clan,Hostile,Splitpaw Lair,,Open-world indoor dungeon,,,,Apprentice rare,,,,,,Ishma Mas Apprentice,Named / notable source,Band 2,,,,,,,,,,,,,,,,,,,,,Open World,Open World,,,,,,,,,,,NPC Corpse,,,,,,,,,,,,,,,,,,,,,,,,,,,,,,,,,,,,,,,,,,,,,,,,,,,,,,,,,No,,,,,,,,,,,,,,,,,,,,Available,Major officially confirmed EQL revamp,,,,Confirmed,Unconfirmed,,,,,,B22-SPL,
4,B22-SPL-004,22,Antonica,Splitpaw Lair,Ishva Mas Leggings,Armor,LEGS,Yes,No,Yes,Yes,,,0.7,SMALL,,,AC 5; INT +5; CHA +5; SV POISON +7; SV FIRE +7,,,,Focus: Reanimation Haste II,Ishva Mas Apprentice,,Gnoll Caster,Gnoll,,,,EQL revamp rare,Apprentice rare,,,,,,,,Attunable,EQL-exclusive,,Current post-revamp EQL Wiki-listed,,,,,,,,"Notable exact-source equipment, utility, quest, or progression relationship.",Zone-specific,Core,High,https://www.everquestlegends.com/patch-notes/eql-update-notes-7-14-2026,https://eqlwiki.com/Splitpaw_Lair,,Yes,1,,AC 5; INT +5; CHA +5; SV POISON +7; SV FIRE +7,NEC WIZ MAG ENC,ALL,,,Current post-revamp EQL Wiki-listed,Add,Wiki,Wiki,Wiki,Changed,Changed,Changed,Changed,Revamped / unresolved,EQL-exclusive,https://eqlwiki.com/Splitpaw_Lair,https://www.everquestlegends.com/patch-notes/eql-update-notes-7-14-2026,2026-07-28,EQL-exclusive item added in the July 2026 Splitpaw revamp.,,,Yes,Listed,Post-revamp Wiki evidence,No,B,Official EQL revamp context plus current post-revamp EQL Wiki item/source data.,None identified,No,,,Official EQL / current EQL Wiki,Revamp structure from official EQL notes; current item/source fields from post-revamp EQL Wiki; classic comparison from Project 1999 where applicable.,EQL-LOOT-1.0,loot,Active,,B22-SPL-004,,,Yes,Yes,,,Splitpaw Clan -30,Guards of Qeynos +10; Residents of Karanas +10,,,,Hostile,,,Gnoll,,Ishva Mas Apprentice,,,Splitpaw Clan,Hostile,Splitpaw Lair,,Open-world indoor dungeon,,,,Apprentice rare,,,,,,Ishva Mas Apprentice,Named / notable source,Band 2,,,,,,,,,,,,,,,,,,,,,Open World,Open World,,,,,,,,,,,NPC Corpse,,,,,,,,,,,,,,,,,,,,,,,,,,,,,,,,,,,,,,,,,,,,,,,,,,,,,,,,,No,,,,,,,,,,,,,,,,,,,,Available,Major officially confirmed EQL revamp,,,,Confirmed,Unconfirmed,,,,,,B22-SPL,
5,B22-SPL-005,22,Antonica,Splitpaw Lair,Splitpaw Keepsake Ring,Jewelry,FINGER,Yes,No,Yes,Yes,Yes,,0.5,TINY,,,AC 2; HP +10; DEX +4,,,,,a Lteth Val Deviant,,Gnoll Rogue,Gnoll,,,,EQL revamp rare,Deviant rare,,,,,,,,,EQL-exclusive,,Current post-revamp EQL Wiki-listed,,,,,,,,"Notable exact-source equipment, utility, quest, or progression relationship.",Zone-specific,Core,High,https://www.everquestlegends.com/patch-notes/eql-update-notes-7-14-2026,https://eqlwiki.com/Splitpaw_Lair,,Yes,1,,AC 2; HP +10; DEX +4,ALL,ALL,,,Current post-revamp EQL Wiki-listed,Add,Wiki,Wiki,Wiki,Changed,Changed,Changed,No identified change,Revamped / unresolved,EQL-exclusive,https://eqlwiki.com/Splitpaw_Lair,https://www.everquestlegends.com/patch-notes/eql-update-notes-7-14-2026,2026-07-28,EQL-exclusive item added in the July 2026 Splitpaw revamp.,,,Yes,Listed,Post-revamp Wiki evidence,No,B,Official EQL revamp context plus current post-revamp EQL Wiki item/source data.,None identified,No,,,Official EQL / current EQL Wiki,Revamp structure from official EQL notes; current item/source fields from post-revamp EQL Wiki; classic comparison from Project 1999 where applicable.,EQL-LOOT-1.0,loot,Active,,B22-SPL-005,,,Yes,Yes,,,Splitpaw Clan -30,Guards of Qeynos +10; Residents of Karanas +10,,,,Hostile,,,Gnoll,,a Lteth Val Deviant,,,Splitpaw Clan,Hostile,Splitpaw Lair,,Open-world indoor dungeon,,,,Deviant rare,,,,,,a Lteth Val Deviant,Named / notable source,Band 3,,,,,,,,,,,,,,,,,,,,,Open World,Open World,,,,,,,,,,,NPC Corpse,,,,,,,,,,,,,,,,,,,,,,,,,,,,,,,,,,,,,,,,,,,,,,,,,,,,,,,,,No,,,,,,,,,,,,,,,,,,,,Available,Major officially confirmed EQL revamp,,,,Confirmed,Unconfirmed,,,,,,B22-SPL,
6,B22-SPL-006,22,Antonica,Splitpaw Lair,Brutish Breastplate,Armor,CHEST,Yes,No,Yes,Yes,,,15.0,MEDIUM,,,AC 24; ENDURANCE +10; STA +7; SV POISON +11; SV DISEASE +11,,,,,a Tesch Val Brute,,Gnoll Warrior,Gnoll,,,,EQL revamp rare,Brute rare,,,,,,,,Attunable,EQL-exclusive,,Current post-revamp EQL Wiki-listed,,,,,,,,"Notable exact-source equipment, utility, quest, or progression relationship.",Zone-specific,Core,High,https://www.everquestlegends.com/patch-notes/eql-update-notes-7-14-2026,https://eqlwiki.com/Splitpaw_Lair,,Yes,1,,AC 24; ENDURANCE +10; STA +7; SV POISON +11; SV DISEASE +11,WAR PAL SHD,ALL,,,Current post-revamp EQL Wiki-listed,Add,Wiki,Wiki,Wiki,Changed,Changed,Changed,No identified change,Revamped / unresolved,EQL-exclusive,https://eqlwiki.com/Splitpaw_Lair,https://www.everquestlegends.com/patch-notes/eql-update-notes-7-14-2026,2026-07-28,EQL-exclusive item added in the July 2026 Splitpaw revamp.,,,Yes,Listed,Post-revamp Wiki evidence,No,B,Official EQL revamp context plus current post-revamp EQL Wiki item/source data.,None identified,No,,,Official EQL / current EQL Wiki,Revamp structure from official EQL notes; current item/source fields from post-revamp EQL Wiki; classic comparison from Project 1999 where applicable.,EQL-LOOT-1.0,loot,Active,,B22-SPL-006,,,Yes,Yes,,,Splitpaw Clan -30,Guards of Qeynos +10; Residents of Karanas +10,,,,Hostile,,,Gnoll,,a Tesch Val Brute,,,Splitpaw Clan,Hostile,Splitpaw Lair,,Open-world indoor dungeon,,,,Brute rare,,,,,,a Tesch Val Brute,Named / notable source,Band 4,,,,,,,,,,,,,,,,,,,,,Open World,Open World,,,,,,,,,,,NPC Corpse,,,,,,,,,,,,,,,,,,,,,,,,,,,,,,,,,,,,,,,,,,,,,,,,,,,,,,,,,No,,,,,,,,,,,,,,,,,,,,Available,Major officially confirmed EQL revamp,,,,Confirmed,Unconfirmed,,,,,,B22-SPL,
7,B22-SPL-007,22,Antonica,Splitpaw Lair,TornEar Thumper,Weapon,PRIMARY,Yes,No,Yes,,,,9.1,MEDIUM,,,HP +21; ENDURANCE +21; STR +9; AGI -5,16,30,2H Blunt,Focus: Stun,a Tesch Val Brute,,Gnoll Warrior,Gnoll,,,,EQL revamp rare,Brute rare,,,,,,,,Attunable; Required level 30,EQL-exclusive,,Current post-revamp EQL Wiki-listed,,,Weapon ratio 0.533,,,,,"Notable exact-source equipment, utility, quest, or progression relationship.",Zone-specific,Core,High,https://www.everquestlegends.com/patch-notes/eql-update-notes-7-14-2026,https://eqlwiki.com/Splitpaw_Lair,,Yes,1,,HP +21; ENDURANCE +21; STR +9; AGI -5,WAR MNK BST BER,ALL,,,Current post-revamp EQL Wiki-listed,Add,Wiki,Wiki,Wiki,Changed,Changed,Changed,Changed,Revamped / unresolved,EQL-exclusive,https://eqlwiki.com/Splitpaw_Lair,https://www.everquestlegends.com/patch-notes/eql-update-notes-7-14-2026,2026-07-28,EQL-exclusive item added in the July 2026 Splitpaw revamp.,,,Yes,Listed,Post-revamp Wiki evidence,No,B,Official EQL revamp context plus current post-revamp EQL Wiki item/source data.,None identified,No,,,Official EQL / current EQL Wiki,Revamp structure from official EQL notes; current item/source fields from post-revamp EQL Wiki; classic comparison from Project 1999 where applicable.,EQL-LOOT-1.0,loot,Active,,B22-SPL-007,,,Yes,Yes,,,Splitpaw Clan -30,Guards of Qeynos +10; Residents of Karanas +10,,,,Hostile,,,Gnoll,,a Tesch Val Brute,,,Splitpaw Clan,Hostile,Splitpaw Lair,,Open-world indoor dungeon,,,,Brute rare,,,,,,a Tesch Val Brute,Named / notable source,Band 4,,,,,,,,,,,,,,,,,,,,,Open World,Open World,,,,,,,,,,,NPC Corpse,,,,,,,,,,,,,,,,,,,,,,,,,,,,,,,,,,,,,,,,,,,,,,,,,,,,,,,,,No,,,,,,,,,,,,,,,,,,,,Available,Major officially confirmed EQL revamp,,,,Confirmed,Unconfirmed,,,,,,B22-SPL,
8,B22-SPL-008,22,Antonica,Splitpaw Lair,Ancient Earthen Vambraces,Armor,ARMS,Yes,No,Yes,Yes,,,5.2,SMALL,,,AC 10; DEX +7; SV POISON +5; SV DISEASE +5,,,,,Tesch Val Kadvem,,Gnoll Warrior,Gnoll,,,,EQL revamp rare,Kadvem room,,,,,,,,Attunable,EQL-exclusive,,Current post-revamp EQL Wiki-listed,,,,,,,,"Notable exact-source equipment, utility, quest, or progression relationship.",Zone-specific,Core,High,https://www.everquestlegends.com/patch-notes/eql-update-notes-7-14-2026,https://eqlwiki.com/Splitpaw_Lair,,Yes,1,,AC 10; DEX +7; SV POISON +5; SV DISEASE +5,WAR CLR PAL SHD,ALL,,,Current post-revamp EQL Wiki-listed,Add,Wiki,Wiki,Wiki,Changed,Changed,Changed,No identified change,Revamped / unresolved,EQL-exclusive,https://eqlwiki.com/Splitpaw_Lair,https://www.everquestlegends.com/patch-notes/eql-update-notes-7-14-2026,2026-07-28,EQL-exclusive item added in the July 2026 Splitpaw revamp.,,,Yes,Listed,Post-revamp Wiki evidence,No,B,Official EQL revamp context plus current post-revamp EQL Wiki item/source data.,None identified,No,,,Official EQL / current EQL Wiki,Revamp structure from official EQL notes; current item/source fields from post-revamp EQL Wiki; classic comparison from Project 1999 where applicable.,EQL-LOOT-1.0,loot,Active,,B22-SPL-008,,,Yes,Yes,,,Splitpaw Clan -30,Guards of Qeynos +10; Residents of Karanas +10,,,,Hostile,,,Gnoll,,Tesch Val Kadvem,,,Splitpaw Clan,Hostile,Splitpaw Lair,,Open-world indoor dungeon,,,,Kadvem room,,,,,,Tesch Val Kadvem,Named / notable source,Band 4,,,,,,,,,,,,,,,,,,,,,Open World,Open World,,,,,,,,,,,NPC Corpse,,,,,,,,,,,,,,,,,,,,,,,,,,,,,,,,,,,,,,,,,,,,,,,,,,,,,,,,,No,,,,,,,,,,,,,,,,,,,,Available,Major officially confirmed EQL revamp,,,,Confirmed,Unconfirmed,,,,,,B22-SPL,
9,B22-SPL-009,22,Antonica,Splitpaw Lair,Looted Channeler's Gloves,Armor,HANDS,Yes,No,Yes,Yes,,,0.4,SMALL,,,AC 2; MANA +5; DEX +4; INT +2; SV DISEASE +5,,,,,Rosch Val L'Vlor,,Gnoll Magician,Gnoll,,,,EQL revamp rare,L'Vlor caster room,,,,,,,,Attunable,EQL-exclusive,,Current post-revamp EQL Wiki-listed,,,,,,,,"Notable exact-source equipment, utility, quest, or progression relationship.",Zone-specific,Core,High,https://www.everquestlegends.com/patch-notes/eql-update-notes-7-14-2026,https://eqlwiki.com/Splitpaw_Lair,,Yes,1,,AC 2; MANA +5; DEX +4; INT +2; SV DISEASE +5,NEC WIZ MAG ENC,ALL,,,Current post-revamp EQL Wiki-listed,Add,Wiki,Wiki,Wiki,Changed,Changed,Changed,No identified change,Revamped / unresolved,EQL-exclusive,https://eqlwiki.com/Splitpaw_Lair,https://www.everquestlegends.com/patch-notes/eql-update-notes-7-14-2026,2026-07-28,EQL-exclusive item added in the July 2026 Splitpaw revamp.,,,Yes,Listed,Post-revamp Wiki evidence,No,B,Official EQL revamp context plus current post-revamp EQL Wiki item/source data.,None identified,No,,,Official EQL / current EQL Wiki,Revamp structure from official EQL notes; current item/source fields from post-revamp EQL Wiki; classic comparison from Project 1999 where applicable.,EQL-LOOT-1.0,loot,Active,,B22-SPL-009,,,Yes,Yes,,,Splitpaw Clan -30,Guards of Qeynos +10; Residents of Karanas +10,,,,Hostile,,,Gnoll,,Rosch Val L'Vlor,,,Splitpaw Clan,Hostile,Splitpaw Lair,,Open-world indoor dungeon,,,,L'Vlor caster room,,,,,,Rosch Val L'Vlor,Named / notable source,Band 4,,,,,,,,,,,,,,,,,,,,,Open World,Open World,,,,,,,,,,,NPC Corpse,,,,,,,,,,,,,,,,,,,,,,,,,,,,,,,,,,,,,,,,,,,,,,,,,,,,,,,,,No,,,,,,,,,,,,,,,,,,,,Available,Major officially confirmed EQL revamp,,,,Confirmed,Unconfirmed,,,,,,B22-SPL,
10,B22-SPL-010,22,Antonica,Splitpaw Lair,Sandals of the Ishva,Armor,FEET,Yes,No,Yes,Yes,,,1.0,SMALL,,,AC 2; MANA +10; DEX +5; INT +5,,,,,The Ishva Mal,,Gnoll Cleric,Gnoll,,,,EQL revamp rare,Inner Ishva complex,,,,,,,,Attunable,EQL-exclusive,,Current post-revamp EQL Wiki-listed,,,,,,,,"Notable exact-source equipment, utility, quest, or progression relationship.",Zone-specific,Core,High,https://www.everquestlegends.com/patch-notes/eql-update-notes-7-14-2026,https://eqlwiki.com/Splitpaw_Lair,,Yes,1,,AC 2; MANA +10; DEX +5; INT +5,NEC WIZ MAG ENC,ALL,,,Current post-revamp EQL Wiki-listed,Add,Wiki,Wiki,Wiki,Changed,Changed,Changed,No identified change,Revamped / unresolved,EQL-exclusive,https://eqlwiki.com/Splitpaw_Lair,https://www.everquestlegends.com/patch-notes/eql-update-notes-7-14-2026,2026-07-28,EQL-exclusive item added in the July 2026 Splitpaw revamp.,,,Yes,Listed,Post-revamp Wiki evidence,No,B,Official EQL revamp context plus current post-revamp EQL Wiki item/source data.,None identified,No,,,Official EQL / current EQL Wiki,Revamp structure from official EQL notes; current item/source fields from post-revamp EQL Wiki; classic comparison from Project 1999 where applicable.,EQL-LOOT-1.0,loot,Active,,B22-SPL-010,,,Yes,Yes,,,Splitpaw Clan -30,Guards of Qeynos +10; Residents of Karanas +10,,,,Hostile,,,Gnoll,,The Ishva Mal,,,Splitpaw Clan,Hostile,Splitpaw Lair,,Open-world indoor dungeon,,,,Inner Ishva complex,,,,,,The Ishva Mal,Named / notable source,Band 5,,,,,,,,,,,,,,,,,,,,,Open World,Open World,,,,,,,,,,,NPC Corpse,,,,,,,,,,,,,,,,,,,,,,,,,,,,,,,,,,,,,,,,,,,,,,,,,,,,,,,,,No,,,,,,,,,,,,,,,,,,,,Available,Major officially confirmed EQL revamp,,,,Confirmed,Unconfirmed,,,,,,B22-SPL,
11,B22-SPL-011,22,Antonica,Splitpaw Lair,Verishe Bracer of Dominance,Armor,WRIST,Yes,No,Yes,Yes,,,3.5,MEDIUM,,,AC 6; STR +3; STA +3; AGI +3; SV MAGIC +6; SV DISEASE +6,,,,,Verishe Mal Executioner,,Gnoll Warrior,Gnoll,,,,EQL revamp rare,Executioner room,,,,,,,,Attunable,EQL-exclusive,,Current post-revamp EQL Wiki-listed,,,,,,,,"Notable exact-source equipment, utility, quest, or progression relationship.",Zone-specific,Core,High,https://www.everquestlegends.com/patch-notes/eql-update-notes-7-14-2026,https://eqlwiki.com/Splitpaw_Lair,,Yes,1,,AC 6; STR +3; STA +3; AGI +3; SV MAGIC +6; SV DISEASE +6,WAR CLR PAL RNG SHD BRD BER,ALL,,,Current post-revamp EQL Wiki-listed,Add,Wiki,Wiki,Wiki,Changed,Changed,Changed,No identified change,Revamped / unresolved,EQL-exclusive,https://eqlwiki.com/Splitpaw_Lair,https://www.everquestlegends.com/patch-notes/eql-update-notes-7-14-2026,2026-07-28,EQL-exclusive item added in the July 2026 Splitpaw revamp.,,,Yes,Listed,Post-revamp Wiki evidence,No,B,Official EQL revamp context plus current post-revamp EQL Wiki item/source data.,None identified,No,,,Official EQL / current EQL Wiki,Revamp structure from official EQL notes; current item/source fields from post-revamp EQL Wiki; classic comparison from Project 1999 where applicable.,EQL-LOOT-1.0,loot,Active,,B22-SPL-011,,,Yes,Yes,,,Splitpaw Clan -30,Guards of Qeynos +10; Residents of Karanas +10,,,,Hostile,,,Gnoll,,Verishe Mal Executioner,,,Splitpaw Clan,Hostile,Splitpaw Lair,,Open-world indoor dungeon,,,,Executioner room,,,,,,Verishe Mal Executioner,Named / notable source,Band 5,,,,,,,,,,,,,,,,,,,,,Open World,Open World,,,,,,,,,,,NPC Corpse,,,,,,,,,,,,,,,,,,,,,,,,,,,,,,,,,,,,,,,,,,,,,,,,,,,,,,,,,No,,,,,,,,,,,,,,,,,,,,Available,Major officially confirmed EQL revamp,,,,Confirmed,Unconfirmed,,,,,,B22-SPL,
12,B22-SPL-012,22,Antonica,Splitpaw Lair,Verishe Mal Greataxe,Weapon,PRIMARY,Yes,No,Yes,,,,10.5,MEDIUM,,,,26,52,2H Slashing,,Verishe Mal Executioner,,Gnoll Warrior,Gnoll,,,,EQL revamp rare,Executioner room,,,,,,,,Attunable,EQL-exclusive,,Current post-revamp EQL Wiki-listed,,,Weapon ratio 0.500,,,,,"Notable exact-source equipment, utility, quest, or progression relationship.",Zone-specific,Core,High,https://www.everquestlegends.com/patch-notes/eql-update-notes-7-14-2026,https://eqlwiki.com/Splitpaw_Lair,,Yes,1,,,WAR BER,ALL,,,Current post-revamp EQL Wiki-listed,Add,Wiki,Wiki,Wiki,Changed,Changed,Changed,No identified change,Revamped / unresolved,EQL-exclusive,https://eqlwiki.com/Splitpaw_Lair,https://www.everquestlegends.com/patch-notes/eql-update-notes-7-14-2026,2026-07-28,EQL-exclusive item added in the July 2026 Splitpaw revamp.,,,Yes,Listed,Post-revamp Wiki evidence,No,B,Official EQL revamp context plus current post-revamp EQL Wiki item/source data.,None identified,No,,,Official EQL / current EQL Wiki,Revamp structure from official EQL notes; current item/source fields from post-revamp EQL Wiki; classic comparison from Project 1999 where applicable.,EQL-LOOT-1.0,loot,Active,,B22-SPL-012,,,Yes,Yes,,,Splitpaw Clan -30,Guards of Qeynos +10; Residents of Karanas +10,,,,Hostile,,,Gnoll,,Verishe Mal Executioner,,,Splitpaw Clan,Hostile,Splitpaw Lair,,Open-world indoor dungeon,,,,Executioner room,,,,,,Verishe Mal Executioner,Named / notable source,Band 5,,,,,,,,,,,,,,,,,,,,,Open World,Open World,,,,,,,,,,,NPC Corpse,,,,,,,,,,,,,,,,,,,,,,,,,,,,,,,,,,,,,,,,,,,,,,,,,,,,,,,,,No,,,,,,,,,,,,,,,,,,,,Available,Major officially confirmed EQL revamp,,,,Confirmed,Unconfirmed,,,,,,B22-SPL,
13,B22-SPL-013,22,Antonica,Splitpaw Lair,Kicsh Der Pavz,Weapon,PRIMARY SECONDARY,Yes,No,Yes,Yes,,,8.0,LARGE,WAR SHD BRD ROG,ALL,INT +5; DEX +5,13,38,1H Slashing,Proc: Strong Poison,Tesch Val Deval`Nmak,39+,Warrior,Gnoll,,,,,Deval`Nmak room,Approximately 20 minutes,,,,,,,,Classic / historical,,Current post-revamp EQL Wiki-listed,,,Weapon ratio 0.342,,,,,"Notable exact-source equipment, utility, quest, or progression relationship.",Zone-specific,Core,High,https://www.everquestlegends.com/patch-notes/eql-update-notes-7-14-2026,https://eqlwiki.com/Splitpaw_Lair,,Yes,1,DEX +5,INT +5; DEX +5,WAR SHD BRD ROG,ALL,,39+,Current post-revamp EQL Wiki-listed,Add,Wiki,Wiki,Wiki,Changed,No identified change,No identified change,No identified change,Revamped / unresolved,Classic-retained with EQL changes,https://eqlwiki.com/Splitpaw_Lair,https://www.everquestlegends.com/patch-notes/eql-update-notes-7-14-2026,2026-07-28,Damage increased 10 to 13; INT +5 added.,,,Yes,Listed,Post-revamp Wiki evidence,No,B,Official EQL revamp context plus current post-revamp EQL Wiki item/source data.,None identified,,Later classic Splitpaw revamp,,Official EQL / current EQL Wiki,Revamp structure from official EQL notes; current item/source fields from post-revamp EQL Wiki; classic comparison from Project 1999 where applicable.,EQL-LOOT-1.0,loot,Active,,B22-SPL-013,,,Yes,Yes,,,Splitpaw Clan -30,Guards of Qeynos +10; Residents of Karanas +10,,,,Hostile,,,Gnoll,,Tesch Val Deval`Nmak,,,Splitpaw Clan,Hostile,Splitpaw Lair,,Open-world indoor dungeon,,,,Deval`Nmak room,,,,,,Tesch Val Deval`Nmak,Named / notable source,Band 4,,,,,,,,,,,,,,,,,,,,,Open World,Open World,,,,,,,,,,,NPC Corpse,,,,,,,,,,,,,,,,,,,,,,,,,,,,,,,,,,,,,,,,,,,,,,,,,,,,,,,,,No,,,,,,,,,,,,,,,,,,,,Available,Major officially confirmed EQL revamp,,,,Confirmed,Unconfirmed,,,,,,B22-SPL,
14,B22-SPL-014,22,Antonica,Splitpaw Lair,Vacra Av Svim,Weapon,SECONDARY,Yes,No,Yes,Yes,Yes,,5.0,MEDIUM,WAR BRD ROG,ALL,AC 6; STR +6; WIS +6; AGI +6; HP +5,10,31,1H Slashing,,Tesch Val Kadvem,39+,Warrior,Gnoll,,,,,Kadvem room,,,,,,,,,Classic / historical,,Current post-revamp EQL Wiki-listed,,,Weapon ratio 0.323,,,,,"Notable exact-source equipment, utility, quest, or progression relationship.",Zone-specific,Core,High,https://www.everquestlegends.com/patch-notes/eql-update-notes-7-14-2026,https://eqlwiki.com/Splitpaw_Lair,,Yes,1,AGI +6; HP +5,AC 6; STR +6; WIS +6; AGI +6; HP +5,WAR RNG BRD ROG,ALL,,39+,Current post-revamp EQL Wiki-listed,Add,Wiki,Wiki,Wiki,Changed,Changed,No identified change,No identified change,Revamped / unresolved,Classic-retained with EQL changes,https://eqlwiki.com/Splitpaw_Lair,https://www.everquestlegends.com/patch-notes/eql-update-notes-7-14-2026,2026-07-28,"Damage increased 8 to 10; AC +6, STR +6, WIS +6 added; RNG eligibility added.",,,Yes,Listed,Post-revamp Wiki evidence,No,B,Official EQL revamp context plus current post-revamp EQL Wiki item/source data.,None identified,,Later classic Splitpaw revamp,,Official EQL / current EQL Wiki,Revamp structure from official EQL notes; current item/source fields from post-revamp EQL Wiki; classic comparison from Project 1999 where applicable.,EQL-LOOT-1.0,loot,Active,,B22-SPL-014,,,Yes,Yes,,,Splitpaw Clan -30,Guards of Qeynos +10; Residents of Karanas +10,,,,Hostile,,,Gnoll,,Tesch Val Kadvem,,,Splitpaw Clan,Hostile,Splitpaw Lair,,Open-world indoor dungeon,,,,Kadvem room,,,,,,Tesch Val Kadvem,Named / notable source,Band 4,,,,,,,,,,,,,,,,,,,,,Open World,Open World,,,,,,,,,,,NPC Corpse,,,,,,,,,,,,,,,,,,,,,,,,,,,,,,,,,,,,,,,,,,,,,,,,,,,,,,,,,No,,,,,,,,,,,,,,,,,,,,Available,Major officially confirmed EQL revamp,,,,Confirmed,Unconfirmed,,,,,,B22-SPL,
15,B22-SPL-015,22,Antonica,Splitpaw Lair,Devlas Ilkvel,Shield,SECONDARY,Yes,No,Yes,Yes,,,7.0,MEDIUM,WAR CLR PAL RNG SHD DRU BRD SHM,ALL,AC 15; STA +5; DEX +5; SV POISON +7,,,,,Nisch Val Torash Mashk,39+,Cleric,Gnoll,,,,,Torash Mashk room,,,,,,,,,Classic / historical,,Current post-revamp EQL Wiki-listed,,,,,,,,"Notable exact-source equipment, utility, quest, or progression relationship.",Zone-specific,Core,High,https://www.everquestlegends.com/patch-notes/eql-update-notes-7-14-2026,https://eqlwiki.com/Splitpaw_Lair,,Yes,1,AC 12; DEX +5; SV POISON +7,AC 15; STA +5; DEX +5; SV POISON +7,WAR CLR PAL RNG SHD DRU BRD SHM,ALL,,39+,Current post-revamp EQL Wiki-listed,Add,Wiki,Wiki,Wiki,Changed,No identified change,No identified change,No identified change,Revamped / unresolved,Classic-retained with EQL changes,https://eqlwiki.com/Splitpaw_Lair,https://www.everquestlegends.com/patch-notes/eql-update-notes-7-14-2026,2026-07-28,AC increased 12 to 15; STA +5 added.,,,Yes,Listed,Post-revamp Wiki evidence,No,B,Official EQL revamp context plus current post-revamp EQL Wiki item/source data.,None identified,,Later classic Splitpaw revamp,,Official EQL / current EQL Wiki,Revamp structure from official EQL notes; current item/source fields from post-revamp EQL Wiki; classic comparison from Project 1999 where applicable.,EQL-LOOT-1.0,loot,Active,,B22-SPL-015,,,Yes,Yes,,,Splitpaw Clan -30,Guards of Qeynos +10; Residents of Karanas +10,,,,Hostile,,,Gnoll,,Nisch Val Torash Mashk,,,Splitpaw Clan,Hostile,Splitpaw Lair,,Open-world indoor dungeon,,,,Torash Mashk room,,,,,,Nisch Val Torash Mashk,Named / notable source,Band 4,,,,,,,,,,,,,,,,,,,,,Open World,Open World,,,,,,,,,,,NPC Corpse,,,,,,,,,,,,,,,,,,,,,,,,,,,,,,,,,,,,,,,,,,,,,,,,,,,,,,,,,No,,,,,,,,,,,,,,,,,,,,Available,Major officially confirmed EQL revamp,,,,Confirmed,Unconfirmed,,,,,,B22-SPL,
16,B22-SPL-016,22,Antonica,Splitpaw Lair,Dagger of Dropping,Weapon,PRIMARY SECONDARY,Yes,No,Yes,,,,1.5,TINY,ROG NEC WIZ MAG ENC,ALL except HUM ERU HFL,BACKSTAB +4,4,22,Piercing,Proc: Weaken,Tesch Val Deval`Nmak,,Warrior,Gnoll,,,,,Deval`Nmak room,,,,,,,,,Classic / historical,,Current post-revamp EQL Wiki-listed,,,Weapon ratio 0.182,,,,,"Notable exact-source equipment, utility, quest, or progression relationship.",Zone-specific,Core,High,https://www.everquestlegends.com/patch-notes/eql-update-notes-7-14-2026,https://eqlwiki.com/Splitpaw_Lair,,Yes,1,,BACKSTAB +4,ROG NEC WIZ MAG ENC,ALL,,,Current post-revamp EQL Wiki-listed,Add,Wiki,Wiki,Wiki,Changed,No identified change,Changed,No identified change,Revamped / unresolved,Classic-retained with EQL changes,https://eqlwiki.com/Splitpaw_Lair,https://www.everquestlegends.com/patch-notes/eql-update-notes-7-14-2026,2026-07-28,Backstab +4 added; race eligibility expanded to ALL.,,,Yes,Listed,Post-revamp Wiki evidence,No,B,Official EQL revamp context plus current post-revamp EQL Wiki item/source data.,None identified,,Later classic Splitpaw revamp,,Official EQL / current EQL Wiki,Revamp structure from official EQL notes; current item/source fields from post-revamp EQL Wiki; classic comparison from Project 1999 where applicable.,EQL-LOOT-1.0,loot,Active,,B22-SPL-016,,,Yes,Yes,,,Splitpaw Clan -30,Guards of Qeynos +10; Residents of Karanas +10,,,,Hostile,,,Gnoll,,Tesch Val Deval`Nmak,,,Splitpaw Clan,Hostile,Splitpaw Lair,,Open-world indoor dungeon,,,,Deval`Nmak room,,,,,,Tesch Val Deval`Nmak,Named / notable source,Band 4,,,,,,,,,,,,,,,,,,,,,Open World,Open World,,,,,,,,,,,NPC Corpse,,,,,,,,,,,,,,,,,,,,,,,,,,,,,,,,,,,,,,,,,,,,,,,,,,,,,,,,,No,,,,,,,,,,,,,,,,,,,,Available,Major officially confirmed EQL revamp,,,,Confirmed,Unconfirmed,,,,duplicate-source,,B22-SPL,
17,B22-SPL-017,22,Antonica,Splitpaw Lair,Dagger of Dropping,Weapon,PRIMARY SECONDARY,Yes,No,Yes,,,,1.5,TINY,ROG NEC WIZ MAG ENC,ALL except HUM ERU HFL,BACKSTAB +4,4,22,Piercing,Proc: Weaken,The Ishva Mal,,Cleric,Gnoll,,,,,Inner Ishva complex,,,,,,,,,Classic / historical,,Current post-revamp EQL Wiki-listed,,,Weapon ratio 0.182,,,,,"Notable exact-source equipment, utility, quest, or progression relationship.",Zone-specific,Core,High,https://www.everquestlegends.com/patch-notes/eql-update-notes-7-14-2026,https://eqlwiki.com/Splitpaw_Lair,,Yes,1,,BACKSTAB +4,ROG NEC WIZ MAG ENC,ALL,,,Current post-revamp EQL Wiki-listed,Add,Wiki,Wiki,Wiki,Changed,No identified change,Changed,No identified change,Revamped / unresolved,Classic-retained with EQL changes,https://eqlwiki.com/Splitpaw_Lair,https://www.everquestlegends.com/patch-notes/eql-update-notes-7-14-2026,2026-07-28,Backstab +4 added; race eligibility expanded to ALL.,,,Yes,Listed,Post-revamp Wiki evidence,No,B,Official EQL revamp context plus current post-revamp EQL Wiki item/source data.,None identified,,Later classic Splitpaw revamp,,Official EQL / current EQL Wiki,Revamp structure from official EQL notes; current item/source fields from post-revamp EQL Wiki; classic comparison from Project 1999 where applicable.,EQL-LOOT-1.0,loot,Active,,B22-SPL-017,,,Yes,Yes,,,Splitpaw Clan -30,Guards of Qeynos +10; Residents of Karanas +10,,,,Hostile,,,Gnoll,,The Ishva Mal,,,Splitpaw Clan,Hostile,Splitpaw Lair,,Open-world indoor dungeon,,,,Inner Ishva complex,,,,,,The Ishva Mal,Named / notable source,Band 5,,,,,,,,,,,,,,,,,,,,,Open World,Open World,,,,,,,,,,,NPC Corpse,,,,,,,,,,,,,,,,,,,,,,,,,,,,,,,,,,,,,,,,,,,,,,,,,,,,,,,,,No,,,,,,,,,,,,,,,,,,,,Available,Major officially confirmed EQL revamp,,,,Confirmed,Unconfirmed,,,,duplicate-source,,B22-SPL,
18,B22-SPL-018,22,Antonica,Splitpaw Lair,Robe of the Ishva,Armor,CHEST,Yes,No,Yes,Yes,,,1.8,MEDIUM,NEC WIZ MAG ENC,HUM ERU HIE DEF GNM IKS,AC 8; CHA +5; MANA +50; SV POISON +14,,,,Focus: Reanimation Efficiency III,The Ishva Mal,40+,Cleric,Gnoll,,,,,Inner Ishva complex,Approximately 28 minutes,,,,,,,,Classic / historical,,Current post-revamp EQL Wiki-listed,,,,,,,,"Notable exact-source equipment, utility, quest, or progression relationship.",Zone-specific,Core,High,https://www.everquestlegends.com/patch-notes/eql-update-notes-7-14-2026,https://eqlwiki.com/Splitpaw_Lair,,Yes,1,AC 8; CHA +5; MANA +50; SV POISON +14,AC 8; CHA +5; MANA +50; SV POISON +14,NEC WIZ MAG ENC,ALL,,40+,Current post-revamp EQL Wiki-listed,Add,Wiki,Wiki,Wiki,Changed,No identified change,Changed,Changed,Revamped / unresolved,Classic-retained with EQL changes,https://eqlwiki.com/Splitpaw_Lair,https://www.everquestlegends.com/patch-notes/eql-update-notes-7-14-2026,2026-07-28,Reanimation Efficiency III added; races expanded to ALL.,,,Yes,Listed,Post-revamp Wiki evidence,No,B,Official EQL revamp context plus current post-revamp EQL Wiki item/source data.,None identified,,Later classic Splitpaw revamp,,Official EQL / current EQL Wiki,Revamp structure from official EQL notes; current item/source fields from post-revamp EQL Wiki; classic comparison from Project 1999 where applicable.,EQL-LOOT-1.0,loot,Active,,B22-SPL-018,,,Yes,Yes,,,Splitpaw Clan -30,Guards of Qeynos +10; Residents of Karanas +10,,,,Hostile,,,Gnoll,,The Ishva Mal,,,Splitpaw Clan,Hostile,Splitpaw Lair,,Open-world indoor dungeon,,,,Inner Ishva complex,,,,,,The Ishva Mal,Named / notable source,Band 5,,,,,,,,,,,,,,,,,,,,,Open World,Open World,,,,,,,,,,,NPC Corpse,,,,,,,,,,,,,,,,,,,,,,,,,,,,,,,,,,,,,,,,,,,,,,,,,,,,,,,,,No,,,,,,,,,,,,,,,,,,,,Available,Major officially confirmed EQL revamp,,,,Confirmed,Unconfirmed,,,,,,B22-SPL,
19,B22-SPL-019,22,Antonica,Splitpaw Lair,Gnoll Hide Tome,Caster Item,PRIMARY,Yes,No,Yes,Yes,,,1.0,TINY,NEC WIZ MAG ENC,HUM ERU HIE DEF GNM IKS,STR -10; WIS +5; INT +10; HP +15; SV POISON +10,,,,,Rosch Val L'Vlor,39+,Magician,Gnoll,,,,,L'Vlor caster room,,,,,,,,,Classic / historical,,Current post-revamp EQL Wiki-listed,,,,,,,,"Notable exact-source equipment, utility, quest, or progression relationship.",Zone-specific,Core,High,https://www.everquestlegends.com/patch-notes/eql-update-notes-7-14-2026,https://eqlwiki.com/Splitpaw_Lair,,Yes,1,STR -10; WIS +5; INT +10; HP +15; SV POISON +10,STR -10; WIS +5; INT +10; HP +15; SV POISON +10,NEC WIZ MAG ENC,ALL,,39+,Current post-revamp EQL Wiki-listed,Add,Wiki,Wiki,Wiki,Changed,No identified change,Changed,No identified change,Revamped / unresolved,Classic-retained with EQL changes,https://eqlwiki.com/Splitpaw_Lair,https://www.everquestlegends.com/patch-notes/eql-update-notes-7-14-2026,2026-07-28,Race eligibility expanded to ALL.,,,Yes,Listed,Post-revamp Wiki evidence,No,B,Official EQL revamp context plus current post-revamp EQL Wiki item/source data.,None identified,,Later classic Splitpaw revamp,,Official EQL / current EQL Wiki,Revamp structure from official EQL notes; current item/source fields from post-revamp EQL Wiki; classic comparison from Project 1999 where applicable.,EQL-LOOT-1.0,loot,Active,,B22-SPL-019,,,Yes,Yes,,,Splitpaw Clan -30,Guards of Qeynos +10; Residents of Karanas +10,,,,Hostile,,,Gnoll,,Rosch Val L'Vlor,,,Splitpaw Clan,Hostile,Splitpaw Lair,,Open-world indoor dungeon,,,,L'Vlor caster room,,,,,,Rosch Val L'Vlor,Named / notable source,Band 4,,,,,,,,,,,,,,,,,,,,,Open World,Open World,,,,,,,,,,,NPC Corpse,,,,,,,,,,,,,,,,,,,,,,,,,,,,,,,,,,,,,,,,,,,,,,,,,,,,,,,,,No,,,,,,,,,,,,,,,,,,,,Available,Major officially confirmed EQL revamp,,,,Confirmed,Unconfirmed,,,,,,B22-SPL,
20,B22-SPL-020,22,Antonica,Splitpaw Lair,Tesch Val Sinisch,Weapon,PRIMARY,Yes,No,Yes,Yes,,,7.0,LARGE,SHM,ALL,WIS +4; INT +4,9,33,Piercing,Proc: Weak Poison,Nisch Val Torash Mashk,39+,Cleric,Gnoll,,,,,Torash Mashk room,,,,,,,,,Classic / historical,,Current post-revamp EQL Wiki-listed,,,Weapon ratio 0.273,,,,,"Notable exact-source equipment, utility, quest, or progression relationship.",Zone-specific,Core,High,https://www.everquestlegends.com/patch-notes/eql-update-notes-7-14-2026,https://eqlwiki.com/Splitpaw_Lair,,Yes,1,WIS +4; INT +4,WIS +4; INT +4,SHM,ALL,,39+,Current post-revamp EQL Wiki-listed,Add,Wiki,Wiki,Wiki,No identified change,No identified change,No identified change,No identified change,Revamped / unresolved,Classic-retained,https://eqlwiki.com/Splitpaw_Lair,https://www.everquestlegends.com/patch-notes/eql-update-notes-7-14-2026,2026-07-28,,,,Yes,Listed,Post-revamp Wiki evidence,No,B,Official EQL revamp context plus current post-revamp EQL Wiki item/source data.,None identified,,Later classic Splitpaw revamp,,Official EQL / current EQL Wiki,Revamp structure from official EQL notes; current item/source fields from post-revamp EQL Wiki; classic comparison from Project 1999 where applicable.,EQL-LOOT-1.0,loot,Active,,B22-SPL-020,,,Yes,Yes,,,Splitpaw Clan -30,Guards of Qeynos +10; Residents of Karanas +10,,,,Hostile,,,Gnoll,,Nisch Val Torash Mashk,,,Splitpaw Clan,Hostile,Splitpaw Lair,,Open-world indoor dungeon,,,,Torash Mashk room,,,,,,Nisch Val Torash Mashk,Named / notable source,Band 4,,,,,,,,,,,,,,,,,,,,,Open World,Open World,,,,,,,,,,,NPC Corpse,,,,,,,,,,,,,,,,,,,,,,,,,,,,,,,,,,,,,,,,,,,,,,,,,,,,,,,,,No,,,,,,,,,,,,,,,,,,,,Available,Major officially confirmed EQL revamp,,,,Confirmed,Unconfirmed,,,,,,B22-SPL,
21,B22-SPL-021,22,Antonica,Splitpaw Lair,Split Paw Hide Gloves,Armor,HANDS,Yes,No,Yes,,,,2.0,TINY,ALL except NEC WIZ MAG ENC,ALL,AC 4; DEX +3; WIS +2,,,,,a one-eyed gnoll,,Warrior,Gnoll,,,,,One-eyed gnoll cave,,,,,,,,,Classic / historical,,Current post-revamp EQL Wiki-listed,,,,,,,,"Notable exact-source equipment, utility, quest, or progression relationship.",Zone-specific,Core,High,https://www.everquestlegends.com/patch-notes/eql-update-notes-7-14-2026,https://eqlwiki.com/Splitpaw_Lair,,Yes,1,AC 4; DEX +3; WIS +2,AC 4; DEX +3; WIS +2,ALL except NEC WIZ MAG ENC,ALL,,,Current post-revamp EQL Wiki-listed,Add,Wiki,Wiki,Wiki,No identified change,No identified change,No identified change,No identified change,Revamped / unresolved,Classic-retained,https://eqlwiki.com/Splitpaw_Lair,https://www.everquestlegends.com/patch-notes/eql-update-notes-7-14-2026,2026-07-28,,,,Yes,Listed,Post-revamp Wiki evidence,No,B,Official EQL revamp context plus current post-revamp EQL Wiki item/source data.,None identified,,Later classic Splitpaw revamp,,Official EQL / current EQL Wiki,Revamp structure from official EQL notes; current item/source fields from post-revamp EQL Wiki; classic comparison from Project 1999 where applicable.,EQL-LOOT-1.0,loot,Active,,B22-SPL-021,,,Yes,Yes,,,Splitpaw Clan -30,Guards of Qeynos +10; Residents of Karanas +10,,,,Hostile,,,Gnoll,,a one-eyed gnoll,,,Splitpaw Clan,Hostile,Splitpaw Lair,,Open-world indoor dungeon,,,,One-eyed gnoll cave,,,,,,a one-eyed gnoll,Named / notable source,Band 3,,,,,,,,,,,,,,,,,,,,,Open World,Open World,,,,,,,,,,,NPC Corpse,,,,,,,,,,,,,,,,,,,,,,,,,,,,,,,,,,,,,,,,,,,,,,,,,,,,,,,,,No,,,,,,,,,,,,,,,,,,,,Available,Major officially confirmed EQL revamp,,,,Confirmed,Unconfirmed,,,,duplicate-source,,B22-SPL,
22,B22-SPL-022,22,Antonica,Splitpaw Lair,Split Paw Hide Gloves,Armor,HANDS,Yes,No,Yes,,,,2.0,TINY,ALL except NEC WIZ MAG ENC,ALL,AC 4; DEX +3; WIS +2,,,,,Verishe Mal Executioner,,Warrior,Gnoll,,,,,Executioner room,,,,,,,,,Classic / historical,,Current post-revamp EQL Wiki-listed,,,,,,,,"Notable exact-source equipment, utility, quest, or progression relationship.",Zone-specific,Core,High,https://www.everquestlegends.com/patch-notes/eql-update-notes-7-14-2026,https://eqlwiki.com/Splitpaw_Lair,,Yes,1,AC 4; DEX +3; WIS +2,AC 4; DEX +3; WIS +2,ALL except NEC WIZ MAG ENC,ALL,,,Current post-revamp EQL Wiki-listed,Add,Wiki,Wiki,Wiki,No identified change,No identified change,No identified change,No identified change,Revamped / unresolved,Classic-retained,https://eqlwiki.com/Splitpaw_Lair,https://www.everquestlegends.com/patch-notes/eql-update-notes-7-14-2026,2026-07-28,,,,Yes,Listed,Post-revamp Wiki evidence,No,B,Official EQL revamp context plus current post-revamp EQL Wiki item/source data.,None identified,,Later classic Splitpaw revamp,,Official EQL / current EQL Wiki,Revamp structure from official EQL notes; current item/source fields from post-revamp EQL Wiki; classic comparison from Project 1999 where applicable.,EQL-LOOT-1.0,loot,Active,,B22-SPL-022,,,Yes,Yes,,,Splitpaw Clan -30,Guards of Qeynos +10; Residents of Karanas +10,,,,Hostile,,,Gnoll,,Verishe Mal Executioner,,,Splitpaw Clan,Hostile,Splitpaw Lair,,Open-world indoor dungeon,,,,Executioner room,,,,,,Verishe Mal Executioner,Named / notable source,Band 5,,,,,,,,,,,,,,,,,,,,,Open World,Open World,,,,,,,,,,,NPC Corpse,,,,,,,,,,,,,,,,,,,,,,,,,,,,,,,,,,,,,,,,,,,,,,,,,,,,,,,,,No,,,,,,,,,,,,,,,,,,,,Available,Major officially confirmed EQL revamp,,,,Confirmed,Unconfirmed,,,,duplicate-source,,B22-SPL,
23,B22-SPL-023,22,Antonica,Splitpaw Lair,T.O.L. 2020,Quest Key,,No,Yes,,,,Yes,,,ALL,ALL,,,,,,Brother Hayle,,Cleric,Human,,,,,Brother Hayle prison,,,,,,,,,Classic / historical,,Current post-revamp EQL Wiki-listed,,,,,,,,"Notable exact-source equipment, utility, quest, or progression relationship.",Zone-specific,Core,High,https://www.everquestlegends.com/patch-notes/eql-update-notes-7-14-2026,https://eqlwiki.com/Splitpaw_Lair,,Yes,1,,,ALL,ALL,,,Current post-revamp EQL Wiki-listed,Add,Wiki,Wiki,Wiki,No identified change,No identified change,No identified change,No identified change,Revamped / unresolved,Classic-retained,https://eqlwiki.com/Splitpaw_Lair,https://www.everquestlegends.com/patch-notes/eql-update-notes-7-14-2026,2026-07-28,,,,Yes,Listed,Post-revamp Wiki evidence,No,B,Official EQL revamp context plus current post-revamp EQL Wiki item/source data.,None identified,,Later classic Splitpaw revamp,,Official EQL / current EQL Wiki,Revamp structure from official EQL notes; current item/source fields from post-revamp EQL Wiki; classic comparison from Project 1999 where applicable.,EQL-LOOT-1.0,loot,Active,,B22-SPL-023,,,Yes,Yes,,,,,,,,Quest-sensitive,Protected Quest NPC,,Human,,Brother Hayle,,,Qeynos / Temple of Life aligned,Quest-sensitive,Splitpaw Lair,,Open-world indoor dungeon,Prison,,,Brother Hayle prison,,,,,,Brother Hayle,Named / notable source,Band 2,,,,,,,,,,,,,,,,,,,,,Open World,Open World,,,,,,,,,,,Quest Reward,,,,,,,,,,,,,,,,,,,,,,,,,,,,,,,,,,,,,,,,,,,,,,,,,,,,,,,,,No,,,,,,,,,,Blessed Oil,,Strongbox key reward,,,,,,,,Available,Major officially confirmed EQL revamp,,,,Confirmed,Unconfirmed,,,,,,B22-SPL,
24,B22-SPL-024,22,Antonica,Splitpaw Lair,Brain of the Ishva Mal,Quest Component,,No,Yes,,Yes,Yes,Yes,,,ALL,ALL,,,,,,The Ishva Mal,40+,Cleric,Gnoll,,,,,Inner Ishva complex,Approximately 28 minutes,,,,,,,,Classic / historical,,Current post-revamp EQL Wiki-listed,,,,,,,,"Notable exact-source equipment, utility, quest, or progression relationship.",Zone-specific,Core,High,https://www.everquestlegends.com/patch-notes/eql-update-notes-7-14-2026,https://eqlwiki.com/Splitpaw_Lair,,Yes,1,,,ALL,ALL,,40+,Current post-revamp EQL Wiki-listed,Add,Wiki,Wiki,Wiki,No identified change,No identified change,No identified change,No identified change,Revamped / unresolved,Classic-retained,https://eqlwiki.com/Splitpaw_Lair,https://www.everquestlegends.com/patch-notes/eql-update-notes-7-14-2026,2026-07-28,,,,Yes,Listed,Post-revamp Wiki evidence,No,B,Official EQL revamp context plus current post-revamp EQL Wiki item/source data.,None identified,,Later classic Splitpaw revamp,,Official EQL / current EQL Wiki,Revamp structure from official EQL notes; current item/source fields from post-revamp EQL Wiki; classic comparison from Project 1999 where applicable.,EQL-LOOT-1.0,loot,Active,,B22-SPL-024,,,Yes,Yes,,,Splitpaw Clan -30,Guards of Qeynos +10; Residents of Karanas +10,,,,Hostile,,,Gnoll,,The Ishva Mal,,,Splitpaw Clan,Hostile,Splitpaw Lair,,Open-world indoor dungeon,Deep Splitpaw,,,Inner Ishva complex,,,,,,The Ishva Mal,Named / notable source,Band 5,,,,,,,,,,,,,,,,,,,,,Open World,Open World,,,,,,,,,,,NPC Corpse,,,,,,,,,,,,,,,,,,,,,,,,,,,,,,,,,,,,,,,,,,,,,,,,,,,,,,,,,No,,,,,,,,,,The Summoning of Dread,,Paineel-era quest component,,,,,,,,Available,Major officially confirmed EQL revamp,,,,Confirmed,Unconfirmed,,,,,,B22-SPL,
25,B22-SPL-025,22,Antonica,Splitpaw Lair,Preserved Split Paw Eye,Utility / Quest Item,RANGE,Yes,No,Yes,,,Yes,0.0,TINY,ALL,ALL,SV POISON +2,,,,Click: Glimpse (5 charges),The Ishva Mal,40+,Cleric,Gnoll,,,,,Inner Ishva complex,Approximately 28 minutes,,,,,,,,Classic / historical,,Current post-revamp EQL Wiki-listed,,,,,,,,"Notable exact-source equipment, utility, quest, or progression relationship.",Zone-specific,Core,High,https://www.everquestlegends.com/patch-notes/eql-update-notes-7-14-2026,https://eqlwiki.com/Splitpaw_Lair,,Yes,1,SV POISON +2,SV POISON +2,ALL,ALL,,40+,Current post-revamp EQL Wiki-listed,Add,Wiki,Wiki,Wiki,No identified change,No identified change,No identified change,No identified change,Revamped / unresolved,Classic-retained,https://eqlwiki.com/Splitpaw_Lair,https://www.everquestlegends.com/patch-notes/eql-update-notes-7-14-2026,2026-07-28,,,,Yes,Listed,Post-revamp Wiki evidence,No,B,Official EQL revamp context plus current post-revamp EQL Wiki item/source data.,None identified,,Later classic Splitpaw revamp,,Official EQL / current EQL Wiki,Revamp structure from official EQL notes; current item/source fields from post-revamp EQL Wiki; classic comparison from Project 1999 where applicable.,EQL-LOOT-1.0,loot,Active,,B22-SPL-025,,,Yes,Yes,,,Splitpaw Clan -30,Guards of Qeynos +10; Residents of Karanas +10,,,,Hostile,,,Gnoll,,The Ishva Mal,,,Splitpaw Clan,Hostile,Splitpaw Lair,,Open-world indoor dungeon,,,,Inner Ishva complex,,,,,,The Ishva Mal,Named / notable source,Band 5,,,,,,,,,,,,,,,,,,,,,Open World,Open World,,,,,,,,,,,NPC Corpse,,,,,,,,,,,,,,,,,,,,,,,,,,,,,,,,,,,,,,,,,,,,,,,,,,,,,,,,,No,,,,,,,,,,,,Quest and utility item,,,,,,,,Available,Major officially confirmed EQL revamp,,,,Confirmed,Unconfirmed,,,,,,B22-SPL,
26,B22-SPL-026,22,Antonica,Splitpaw Lair,A Split Paw,Charged Quest / Utility Item,,No,Yes,Yes,,,Yes,,,ALL,ALL,,,,,,Nisch Val Torash Mashk,,Cleric,Gnoll,,,,,Torash Mashk room,,,,,,,,,Classic / historical,,Current post-revamp EQL Wiki-listed,,,,,,,,"Notable exact-source equipment, utility, quest, or progression relationship.",Zone-specific,Core,High,https://www.everquestlegends.com/patch-notes/eql-update-notes-7-14-2026,https://eqlwiki.com/Splitpaw_Lair,,Yes,1,,,ALL,ALL,,,Current post-revamp EQL Wiki-listed,Add,Wiki,Wiki,Wiki,Changed,No identified change,No identified change,No identified change,Revamped / unresolved,Classic-retained with EQL changes,https://eqlwiki.com/Splitpaw_Lair,https://www.everquestlegends.com/patch-notes/eql-update-notes-7-14-2026,2026-07-28,Current EQL exact-source relationship retained.,,,Yes,Listed,Post-revamp Wiki evidence,No,B,Official EQL revamp context plus current post-revamp EQL Wiki item/source data.,None identified,,Later classic Splitpaw revamp,,Official EQL / current EQL Wiki,Revamp structure from official EQL notes; current item/source fields from post-revamp EQL Wiki; classic comparison from Project 1999 where applicable.,EQL-LOOT-1.0,loot,Active,,B22-SPL-026,,,Yes,Yes,,,Splitpaw Clan -30,Guards of Qeynos +10; Residents of Karanas +10,,,,Hostile,,,Gnoll,,Nisch Val Torash Mashk,,,Splitpaw Clan,Hostile,Splitpaw Lair,,Open-world indoor dungeon,,,,Torash Mashk room,,,,,,Nisch Val Torash Mashk,Named / notable source,Band 4,,,,,,,,,,,,,,,,,,,,,Open World,Open World,,,,,,,,,,,NPC Corpse,,,,,,,,,,,,,,,,,,,,,,,,,,,,,,,,,,,,,,,,,,,,,,,,,,,,,,,,,No,,,,,,,,,,,,Five-charge Dance of the Fireflies utility and quest item,,,,,,,,Available,Major officially confirmed EQL revamp,,,,Confirmed,Unconfirmed,,,,duplicate-source,,B22-SPL,
27,B22-SPL-027,22,Antonica,Splitpaw Lair,A Split Paw,Charged Quest / Utility Item,,No,Yes,Yes,,,Yes,,,ALL,ALL,,,,,,a Rosch Val gnoll,,Caster,Gnoll,,,,,Rosch Val population,,,,,,,,,Classic / historical,,Current post-revamp EQL Wiki-listed,,,,,,,,"Notable exact-source equipment, utility, quest, or progression relationship.",Zone-specific,Core,High,https://www.everquestlegends.com/patch-notes/eql-update-notes-7-14-2026,https://eqlwiki.com/Splitpaw_Lair,,Yes,1,,,ALL,ALL,,,Current post-revamp EQL Wiki-listed,Add,Wiki,Wiki,Wiki,Changed,No identified change,No identified change,No identified change,Revamped / unresolved,Classic-retained with EQL changes,https://eqlwiki.com/Splitpaw_Lair,https://www.everquestlegends.com/patch-notes/eql-update-notes-7-14-2026,2026-07-28,Current EQL exact-source relationship retained.,,,Yes,Listed,Post-revamp Wiki evidence,No,B,Official EQL revamp context plus current post-revamp EQL Wiki item/source data.,None identified,,Later classic Splitpaw revamp,,Official EQL / current EQL Wiki,Revamp structure from official EQL notes; current item/source fields from post-revamp EQL Wiki; classic comparison from Project 1999 where applicable.,EQL-LOOT-1.0,loot,Active,,B22-SPL-027,,,Yes,Yes,,,Splitpaw Clan -30,Guards of Qeynos +10; Residents of Karanas +10,,,,Hostile,,,Gnoll,,a Rosch Val gnoll,,,Splitpaw Clan,Hostile,Splitpaw Lair,,Open-world indoor dungeon,,,,Rosch Val population,,,,,,a Rosch Val gnoll,Named / notable source,Band 4,,,,,,,,,,,,,,,,,,,,,Open World,Open World,,,,,,,,,,,NPC Corpse,,,,,,,,,,,,,,,,,,,,,,,,,,,,,,,,,,,,,,,,,,,,,,,,,,,,,,,,,No,,,,,,,,,,,,Five-charge Dance of the Fireflies utility and quest item,,,,,,,,Available,Major officially confirmed EQL revamp,,,,Confirmed,Unconfirmed,,,,duplicate-source,,B22-SPL,
28,B22-SPL-028,22,Antonica,Splitpaw Lair,Gnoll's Eye,Quest Component,,No,Yes,Yes,Yes,Yes,Yes,,,ALL,ALL,,,,,,a one-eyed gnoll,35+,Warrior,Gnoll,,,,,One-eyed gnoll cave,,,,,,,,,Classic / historical,,Current post-revamp EQL Wiki-listed,,,,,,,,"Notable exact-source equipment, utility, quest, or progression relationship.",Zone-specific,Core,High,https://www.everquestlegends.com/patch-notes/eql-update-notes-7-14-2026,https://eqlwiki.com/Splitpaw_Lair,,Yes,1,,,ALL,ALL,,35+,Current post-revamp EQL Wiki-listed,Add,Wiki,Wiki,Wiki,No identified change,No identified change,No identified change,No identified change,Revamped / unresolved,Classic-retained,https://eqlwiki.com/Splitpaw_Lair,https://www.everquestlegends.com/patch-notes/eql-update-notes-7-14-2026,2026-07-28,,,,Yes,Listed,Post-revamp Wiki evidence,No,B,Official EQL revamp context plus current post-revamp EQL Wiki item/source data.,None identified,,Later classic Splitpaw revamp,,Official EQL / current EQL Wiki,Revamp structure from official EQL notes; current item/source fields from post-revamp EQL Wiki; classic comparison from Project 1999 where applicable.,EQL-LOOT-1.0,loot,Active,,B22-SPL-028,,,Yes,Yes,,,Splitpaw Clan -30,Guards of Qeynos +10; Residents of Karanas +10,,,,Hostile,,,Gnoll,,a one-eyed gnoll,,,Splitpaw Clan,Hostile,Splitpaw Lair,,Open-world indoor dungeon,Middle Splitpaw,,,One-eyed gnoll cave,,,,,,a one-eyed gnoll,Named / notable source,Band 3,,,,,,,,,,,,,,,,,,,,,Open World,Open World,,,,,,,,,,,NPC Corpse,,,,,,,,,,,,,,,,,,,,,,,,,,,,,,,,,,,,,,,,,,,,,,,,,,,,,,,,,No,,,,,,,,,,The Gnoll Slayer,,Exact named-source quest item,,,,,,,,Available,Major officially confirmed EQL revamp,,,,Confirmed,Unconfirmed,,,,,,B22-SPL,
29,B22-SPL-029,22,Antonica,Splitpaw Lair,Journal of Greater Enchantment,Quest Component,,No,Yes,Yes,Yes,Yes,Yes,,,ALL,ALL,,,,,,a Lteth Val Scribe,,Rogue / Scribe,Gnoll,,,,,Scribe passage,,,,,,,,,Classic / historical,,Current post-revamp EQL Wiki-listed,,,,,,,,"Notable exact-source equipment, utility, quest, or progression relationship.",Zone-specific,Core,High,https://www.everquestlegends.com/patch-notes/eql-update-notes-7-14-2026,https://eqlwiki.com/Splitpaw_Lair,,Yes,1,,,ALL,ALL,,,Current post-revamp EQL Wiki-listed,Add,Wiki,Wiki,Wiki,No identified change,No identified change,No identified change,No identified change,Revamped / unresolved,Classic-retained,https://eqlwiki.com/Splitpaw_Lair,https://www.everquestlegends.com/patch-notes/eql-update-notes-7-14-2026,2026-07-28,,,,Yes,Listed,Post-revamp Wiki evidence,No,B,Official EQL revamp context plus current post-revamp EQL Wiki item/source data.,None identified,,Later classic Splitpaw revamp,,Official EQL / current EQL Wiki,Revamp structure from official EQL notes; current item/source fields from post-revamp EQL Wiki; classic comparison from Project 1999 where applicable.,EQL-LOOT-1.0,loot,Active,,B22-SPL-029,,,Yes,Yes,,,Splitpaw Clan -30,Guards of Qeynos +10; Residents of Karanas +10,,,,Hostile,,,Gnoll,,a Lteth Val Scribe,,,Splitpaw Clan,Hostile,Splitpaw Lair,,Open-world indoor dungeon,Middle Splitpaw,,,Scribe passage,,,,,,a Lteth Val Scribe,Named / notable source,Band 3,,,,,,,,,,,,,,,,,,,,,Open World,Open World,,,,,,,,,,,NPC Corpse,,,,,,,,,,,,,,,,,,,,,,,,,,,,,,,,,,,,,,,,,,,,,,,,,,,,,,,,,No,,,,,,,,,,,,Quest or research document,,,,,,,,Available,Major officially confirmed EQL revamp,,,,Confirmed,Unconfirmed,,,,,,B22-SPL,
30,B22-SPL-030,22,Antonica,Splitpaw Lair,Spell: Summon Corpse,Spell Scroll,,No,Yes,,,,Yes,,,ALL,ALL,,,,,,The Ishva Mal,40+,Cleric,Gnoll,,,,,Inner Ishva complex,Approximately 28 minutes,,,,,,,,Classic / historical,,Current post-revamp EQL Wiki-listed,,,,,,,,"Notable exact-source equipment, utility, quest, or progression relationship.",Zone-specific,Core,High,https://www.everquestlegends.com/patch-notes/eql-update-notes-7-14-2026,https://eqlwiki.com/Splitpaw_Lair,,Yes,1,,,ALL,ALL,,40+,Current post-revamp EQL Wiki-listed,Add,Wiki,Wiki,Wiki,No identified change,No identified change,No identified change,No identified change,Revamped / unresolved,Classic-retained,https://eqlwiki.com/Splitpaw_Lair,https://www.everquestlegends.com/patch-notes/eql-update-notes-7-14-2026,2026-07-28,,,,Yes,Listed,Post-revamp Wiki evidence,No,B,Official EQL revamp context plus current post-revamp EQL Wiki item/source data.,None identified,,Later classic Splitpaw revamp,,Official EQL / current EQL Wiki,Revamp structure from official EQL notes; current item/source fields from post-revamp EQL Wiki; classic comparison from Project 1999 where applicable.,EQL-LOOT-1.0,loot,Active,,B22-SPL-030,,,Yes,Yes,,,Splitpaw Clan -30,Guards of Qeynos +10; Residents of Karanas +10,,,,Hostile,,,Gnoll,,The Ishva Mal,,,Splitpaw Clan,Hostile,Splitpaw Lair,,Open-world indoor dungeon,Deep Splitpaw,,,Inner Ishva complex,,,,,,The Ishva Mal,Named / notable source,Band 5,,,,,,,,,,,,,,,,,,,,,Open World,Open World,,,,,,,,,,,NPC Corpse,,,,,,,,,,,,,,,,,,,,,,,,,,,,,,,,,,,,,,,,,,,,,,,,,,,,,,,,,No,,,,,,,,,,,,Notable spell drop,,,,,,,,Available,Major officially confirmed EQL revamp,,,,Confirmed,Unconfirmed,,,,,,B22-SPL,
31,B22-SPL-META-001,22,Antonica,Splitpaw Lair,Splitpaw official revamp status,,,,,,,,,,,,,,,,,,,,,,,,25-42 standard; named may exceed,,,,,,,,,,,,,,,,,,,,,,Zone-specific,Supplemental,High,https://www.everquestlegends.com/patch-notes/eql-update-notes-7-14-2026,https://eqlwiki.com/Splitpaw_Lair,,Yes,1,,,,,,,Official revamp-supported; exact local details may remain Wiki-dependent,Add,,,,,,,,,,https://eqlwiki.com/Splitpaw_Lair,https://www.everquestlegends.com/patch-notes/eql-update-notes-7-14-2026,2026-07-28,,,,Yes,Listed,Post-revamp Wiki evidence,Official,A,Official July 2026 Splitpaw revamp notes plus current EQL zone/NPC documentation.,,,,,Official EQL,,EQL-LOOT-1.0,zone_metadata,Metadata,,B22-SPL-META-001,,,No,No,"Major officially confirmed EQL revamp with five difficulty bands, new rares, new and improved equipment, and increased rare/drop frequency.",,,,,,,,,,,,,,,,,,,Open-world indoor dungeon,,,,,,,,,,Splitpaw official revamp status,,,,,,,,,,,,"Major officially confirmed EQL revamp with five difficulty bands, new rares, new and improved equipment, and increased rare/drop frequency.",,,,,,,,,,,Open World,Open World,,,,,,,,,,,,,,,,,,,,,,,,,,,,,,,,,,,,,,,,,,,,,,,,,,,,,,,,,,,,,,,,,,,,No,,,,,,,,,,,,,,,,,,,,Available,Major officially confirmed EQL revamp,,,,Confirmed,Unconfirmed,,,,official-revamp,,B22-SPL,
32,B22-SPL-META-002,22,Antonica,Splitpaw Lair,Splitpaw five-band progression,,,,,,,,,,,,,,,,,,,,,,,,,,,,,,,,,,,,,,,,,,,,,,Zone-specific,Supplemental,High,https://www.everquestlegends.com/patch-notes/eql-update-notes-7-14-2026,https://eqlwiki.com/Splitpaw_Lair,,Yes,1,,,,,,,Official revamp-supported; exact local details may remain Wiki-dependent,Add,,,,,,,,,,https://eqlwiki.com/Splitpaw_Lair,https://www.everquestlegends.com/patch-notes/eql-update-notes-7-14-2026,2026-07-28,,,,Yes,Listed,Post-revamp Wiki evidence,Official,A,Official July 2026 Splitpaw revamp notes plus current EQL zone/NPC documentation.,,,,,Official EQL,,EQL-LOOT-1.0,zone_metadata,Metadata,,B22-SPL-META-002,,,No,No,Officially five bands. Band 1 standard enemies begin around 25-28; Band 5 standard enemies reach 40-42. Middle boundaries remain working estimates.,,,,,,,,,,,,,,,,,,,Open-world indoor dungeon,,,,,,,,,,Splitpaw five-band progression,,,,,,,,,,,,Officially five bands. Band 1 standard enemies begin around 25-28; Band 5 standard enemies reach 40-42. Middle boundaries remain working estimates.,,,,,,,,,,,Open World,Open World,,,,,,,,,,,,,,,,,,,,,,,,,,,,,,,,,,,,,,,,,,,,,,,,,,,,,,,,,,,,,,,,,,,,No,,,,,,,,,,,,,,,,,,,,Available,Major officially confirmed EQL revamp,,,,Confirmed,Unconfirmed,,,,difficulty-bands,,B22-SPL,
33,B22-SPL-META-003,22,Antonica,Splitpaw Lair,Splitpaw entrance level range,,,,,,,,,,,,,,,,,,,,,,,,25-28,,,,,,,,,,,,,,,,,,,,,,Zone-specific,Supplemental,High,https://www.everquestlegends.com/patch-notes/eql-update-notes-7-14-2026,https://eqlwiki.com/Splitpaw_Lair,,Yes,1,,,,,,,Official revamp-supported; exact local details may remain Wiki-dependent,Add,,,,,,,,,,https://eqlwiki.com/Splitpaw_Lair,https://www.everquestlegends.com/patch-notes/eql-update-notes-7-14-2026,2026-07-28,,,,Yes,Listed,Post-revamp Wiki evidence,Official,A,Official July 2026 Splitpaw revamp notes plus current EQL zone/NPC documentation.,,,,,Official EQL,,EQL-LOOT-1.0,zone_metadata,Metadata,,B22-SPL-META-003,,,No,No,Official entrance standard-enemy range approximately 25-28.,,,,,,,,,,,,,,,,,,,Open-world indoor dungeon,,,,,,,,,,Splitpaw entrance level range,,Band 1,,,,,,,,,,Official entrance standard-enemy range approximately 25-28.,,,,,,,,,,,Open World,Open World,,,,,,,,,,,,,,,,,,,,,,,,,,,,,,,,,,,,,,,,,,,,,,,,,,,,,,,,,,,,,,,,,,,,No,,,,,,,,,,,,,,,,,,,,Available,Major officially confirmed EQL revamp,,,,Confirmed,Unconfirmed,,,,,,B22-SPL,
34,B22-SPL-META-004,22,Antonica,Splitpaw Lair,Splitpaw deep level range,,,,,,,,,,,,,,,,,,,,,,,,40-42,,,,,,,,,,,,,,,,,,,,,,Zone-specific,Supplemental,High,https://www.everquestlegends.com/patch-notes/eql-update-notes-7-14-2026,https://eqlwiki.com/Splitpaw_Lair,,Yes,1,,,,,,,Official revamp-supported; exact local details may remain Wiki-dependent,Add,,,,,,,,,,https://eqlwiki.com/Splitpaw_Lair,https://www.everquestlegends.com/patch-notes/eql-update-notes-7-14-2026,2026-07-28,,,,Yes,Listed,Post-revamp Wiki evidence,Official,A,Official July 2026 Splitpaw revamp notes plus current EQL zone/NPC documentation.,,,,,Official EQL,,EQL-LOOT-1.0,zone_metadata,Metadata,,B22-SPL-META-004,,,No,No,Official deepest standard-enemy range approximately 40-42; named NPCs may exceed surrounding standards.,,,,,,,,,,,,,,,,,,,Open-world indoor dungeon,,,,,,,,,,Splitpaw deep level range,,Band 5,,,,,,,,,,Official deepest standard-enemy range approximately 40-42; named NPCs may exceed surrounding standards.,,,,,,,,,,,Open World,Open World,,,,,,,,,,,,,,,,,,,,,,,,,,,,,,,,,,,,,,,,,,,,,,,,,,,,,,,,,,,,,,,,,,,,No,,,,,,,,,,,,,,,,,,,,Available,Major officially confirmed EQL revamp,,,,Confirmed,Unconfirmed,,,,,,B22-SPL,
35,B22-SPL-META-005,22,Antonica,Splitpaw Lair,Splitpaw rare-spawn model,,,,,,,,,,,,,,,,,,,,,,,,,,,,,,,,,,,,,,,,,,,,,,Zone-specific,Supplemental,High,https://www.everquestlegends.com/patch-notes/eql-update-notes-7-14-2026,https://eqlwiki.com/Splitpaw_Lair,,Yes,1,,,,,,,Official revamp-supported; exact local details may remain Wiki-dependent,Add,,,,,,,,,,https://eqlwiki.com/Splitpaw_Lair,https://www.everquestlegends.com/patch-notes/eql-update-notes-7-14-2026,2026-07-28,,,,Yes,Listed,Post-revamp Wiki evidence,Official,A,Official July 2026 Splitpaw revamp notes plus current EQL zone/NPC documentation.,,,,,Official EQL,,EQL-LOOT-1.0,zone_metadata,Metadata,,B22-SPL-META-005,,,No,No,Rare frequency was intentionally increased; lower bands may contain guaranteed rares while deeper named frequency declines gradually but remains high.,,,,,,,,,,,,,,,,,,,Open-world indoor dungeon,,,,,,,,,,Splitpaw rare-spawn model,,,,,,,,,,,,Rare frequency was intentionally increased; lower bands may contain guaranteed rares while deeper named frequency declines gradually but remains high.,,,,,,,,,,,Open World,Open World,,,,,,,,,,,,,,,,,,,,,,,,,,,,,,,,,,,,,,,,,,,,,,,,,,,,,,,,,,,,,,,,,,,,No,,,,,,,,,,,,,,,,,,,,Available,Major officially confirmed EQL revamp,,,,Confirmed,Unconfirmed,,,,rare-spawns,,B22-SPL,
36,B22-SPL-META-006,22,Antonica,Splitpaw Lair,Splitpaw equipment-drop model,,,,,,,,,,,,,,,,,,,,,,,,,,,,,,,,,,,,,,,,,,,,,,Zone-specific,Supplemental,High,https://www.everquestlegends.com/patch-notes/eql-update-notes-7-14-2026,https://eqlwiki.com/Splitpaw_Lair,,Yes,1,,,,,,,Official revamp-supported; exact local details may remain Wiki-dependent,Add,,,,,,,,,,https://eqlwiki.com/Splitpaw_Lair,https://www.everquestlegends.com/patch-notes/eql-update-notes-7-14-2026,2026-07-28,,,,Yes,Listed,Post-revamp Wiki evidence,Official,A,Official July 2026 Splitpaw revamp notes plus current EQL zone/NPC documentation.,,,,,Official EQL,,EQL-LOOT-1.0,zone_metadata,Metadata,,B22-SPL-META-006,,,No,No,Equipment-drop rates were substantially increased as part of the July 2026 revamp.,,,,,,,,,,,,,,,,,,,Open-world indoor dungeon,,,,,,,,,,Splitpaw equipment-drop model,,,,,,,,,,,,Equipment-drop rates were substantially increased as part of the July 2026 revamp.,,,,,,,,,,,Open World,Open World,,,,,,,,,,,,,,,,,,,,,,,,,,,,,,,,,,,,,,,,,,,,,,,,,,,,,,,,,,,,,,,,,,,,No,,,,,,,,,,,,,,,,,,,,Available,Major officially confirmed EQL revamp,,,,Confirmed,Unconfirmed,,,,drop-rates,,B22-SPL,
37,B22-SPL-META-007,22,Antonica,Splitpaw Lair,Splitpaw timers and hazards,,,,,,,,,,,,,,,,,,,,,,,,,,,,,,High,,,,,,,,,,,,,,,,Zone-specific,Supplemental,High,https://www.everquestlegends.com/patch-notes/eql-update-notes-7-14-2026,https://eqlwiki.com/Splitpaw_Lair,,Yes,1,,,,,,,Official revamp-supported; exact local details may remain Wiki-dependent,Add,,,,,,,,,,https://eqlwiki.com/Splitpaw_Lair,https://www.everquestlegends.com/patch-notes/eql-update-notes-7-14-2026,2026-07-28,,,,Yes,Listed,Post-revamp Wiki evidence,Official,A,Official July 2026 Splitpaw revamp notes plus current EQL zone/NPC documentation.,,,,,Official EQL,,EQL-LOOT-1.0,zone_metadata,Metadata,,B22-SPL-META-007,,,No,No,"General timer approximately 22 minutes; Ishva approximately 28 minutes; hazards include social aggro through walls, fleeing runners, healer support, pets, rain spells, underwater travel, and deep corpse recovery.",,,,,,,,,,,,,,,,,,,Open-world indoor dungeon,,,,,,,,,,Splitpaw timers and hazards,,,,,,,,,,,,"General timer approximately 22 minutes; Ishva approximately 28 minutes; hazards include social aggro through walls, fleeing runners, healer support, pets, rain spells, underwater travel, and deep corpse recovery.",,,,,,,,,,,Open World,Open World,,,,,,,,,,,,,,,,,,,,,,,,,,,,,,,,,,,,,,,,,,,,,,,,,,,,,,,,,,,,,,,,,,,,No,,,,,,,,,,,,,,,,,,,,Available,Major officially confirmed EQL revamp,,,,Confirmed,Unconfirmed,,,,timers;hazards,,B22-SPL,
38,B22-SPL-ENC-001,22,Antonica,Splitpaw Lair,Entrance pair,,,,,,,,,,,,,,,,,,,,,,,,25-28,,,,,,Social aggro,,,,,,,,,,,,,,,,Zone-specific,Supplemental,Medium,https://www.everquestlegends.com/patch-notes/eql-update-notes-7-14-2026,https://eqlwiki.com/Splitpaw_Lair,,Yes,1,,,,,,,Official revamp-supported; exact local details may remain Wiki-dependent,Add,,,,,,,,,,https://eqlwiki.com/Splitpaw_Lair,https://www.everquestlegends.com/patch-notes/eql-update-notes-7-14-2026,2026-07-28,,,,Yes,Listed,Post-revamp Wiki evidence,No,C,Official July 2026 Splitpaw revamp notes plus current EQL zone/NPC documentation.,,,,,Official EQL,,EQL-LOOT-1.0,encounter_metadata,Metadata,,B22-SPL-ENC-001,,,No,No,Paired entry gnolls establish the new 25-28 starting band.,,,,,,,,,,,,,,,,,,,Open-world indoor dungeon,Entrance,,,Zone entrance,,,,,,Entrance pair,Camp Population,Band 1,,,,,,,,,,Paired entry gnolls establish the new 25-28 starting band.,,,,,,,,,,,Open World,Open World,,,,,,,,,,,,,,,,,,,,,,,,,,,,,,,,,,,,,,,,,,,,,,,,,,,,,,,,,,,,,,,,,,,,No,,,,,,,,,,,,,,,,,,,,Available,Major officially confirmed EQL revamp,,,,Confirmed,Unconfirmed,,,,,,B22-SPL,
39,B22-SPL-ENC-002,22,Antonica,Splitpaw Lair,Lower Mas rooms,,,,,,,,,,,,,,,,,,,,,,,,25-30,,,,,,Fleeing adds,,,,,,,,,,,,,,,,Zone-specific,Supplemental,Medium,https://www.everquestlegends.com/patch-notes/eql-update-notes-7-14-2026,https://eqlwiki.com/Splitpaw_Lair,,Yes,1,,,,,,,Official revamp-supported; exact local details may remain Wiki-dependent,Add,,,,,,,,,,https://eqlwiki.com/Splitpaw_Lair,https://www.everquestlegends.com/patch-notes/eql-update-notes-7-14-2026,2026-07-28,,,,Yes,Listed,Post-revamp Wiki evidence,No,C,Official July 2026 Splitpaw revamp notes plus current EQL zone/NPC documentation.,,,,,Official EQL,,EQL-LOOT-1.0,encounter_metadata,Metadata,,B22-SPL-ENC-002,,,No,No,Mas-rank lower-band gnolls and early revamped rare framework.,,,,,,,,,,,,,,,,,,,Open-world indoor dungeon,Entrance / lower halls,,,Lower Mas chambers,,,,,,Lower Mas rooms,Shared Population,Band 1,,,,,,,,,,Mas-rank lower-band gnolls and early revamped rare framework.,,,,,,,,,,,Open World,Open World,,,,,,,,,,,,,,,,,,,,,,,,,,,,,,,,,,,,,,,,,,,,,,,,,,,,,,,,,,,,,,,,,,,,No,,,,,,,,,,,,,,,,,,,,Available,Major officially confirmed EQL revamp,,,,Confirmed,Unconfirmed,,,,,,B22-SPL,
40,B22-SPL-ENC-003,22,Antonica,Splitpaw Lair,Band 1 rare framework,,,,,,,,,,,,,,,,,,,,,,,,25-30,,,,,,Exact mechanics unresolved,,,,,,,,,,,,,,,,Zone-specific,Supplemental,Medium,https://www.everquestlegends.com/patch-notes/eql-update-notes-7-14-2026,https://eqlwiki.com/Splitpaw_Lair,,Yes,1,,,,,,,Official revamp-supported; exact local details may remain Wiki-dependent,Add,,,,,,,,,,https://eqlwiki.com/Splitpaw_Lair,https://www.everquestlegends.com/patch-notes/eql-update-notes-7-14-2026,2026-07-28,,,,Yes,Listed,Post-revamp Wiki evidence,No,C,Official July 2026 Splitpaw revamp notes plus current EQL zone/NPC documentation.,,,,,Official EQL,,EQL-LOOT-1.0,encounter_metadata,Metadata,,B22-SPL-ENC-003,,,No,No,Official notes indicate lower bands may contain guaranteed rares.,,,,,,,,,,,,,,,,,,,Open-world indoor dungeon,Lower Splitpaw,,,Early rare locations,,,,,,Band 1 rare framework,Rare Framework,Band 1,,,,,,,,,,Official notes indicate lower bands may contain guaranteed rares.,,,,,,,,,,,Open World,Open World,,,,,,,,,,,,,,,,,,,,,,,,,,,,,,,,,,,,,,,,,,,,,,,,,,,,,,,,,,,,,,,,,,,,No,,,,,,,,,,,,,,,,,,,,Available,Major officially confirmed EQL revamp,,,,Confirmed,Unconfirmed,,,,,,B22-SPL,
41,B22-SPL-ENC-004,22,Antonica,Splitpaw Lair,Water cavern,,,,,,,,,,,,,,,,,,,,,,,,28-32,,,,,,Underwater travel,,,,,,,,,,,,,,,,Zone-specific,Supplemental,Medium,https://www.everquestlegends.com/patch-notes/eql-update-notes-7-14-2026,https://eqlwiki.com/Splitpaw_Lair,,Yes,1,,,,,,,Official revamp-supported; exact local details may remain Wiki-dependent,Add,,,,,,,,,,https://eqlwiki.com/Splitpaw_Lair,https://www.everquestlegends.com/patch-notes/eql-update-notes-7-14-2026,2026-07-28,,,,Yes,Listed,Post-revamp Wiki evidence,No,C,Official July 2026 Splitpaw revamp notes plus current EQL zone/NPC documentation.,,,,,Official EQL,,EQL-LOOT-1.0,encounter_metadata,Metadata,,B22-SPL-ENC-004,,,No,No,"Hiding gnolls, water routes, and Gaduladian widemouths.",,,,,,,,,,,,,,,,,,,Open-world indoor dungeon,Lower Splitpaw,,,Water cavern,,,,,,Water cavern,Shared Population,Band 2,,,,,,,,,,"Hiding gnolls, water routes, and Gaduladian widemouths.",,,,,,,,,,,Open World,Open World,,,,,,,,,,,,,,,,,,,,,,,,,,,,,,,,,,,,,,,,,,,,,,,,,,,,,,,,,,,,,,,,,,,,No,,,,,,,,,,,,,,,,,,,,Available,Major officially confirmed EQL revamp,,,,Confirmed,Unconfirmed,,,,,,B22-SPL,
42,B22-SPL-ENC-005,22,Antonica,Splitpaw Lair,Gnoll prisoners,,,,,,,,,,,,,,,,,,,,,,,,19-30,,,,,,Disposition exception,,,,,,,,,,,,,,,,Zone-specific,Supplemental,Medium,https://www.everquestlegends.com/patch-notes/eql-update-notes-7-14-2026,https://eqlwiki.com/Splitpaw_Lair,,Yes,1,,,,,,,Official revamp-supported; exact local details may remain Wiki-dependent,Add,,,,,,,,,,https://eqlwiki.com/Splitpaw_Lair,https://www.everquestlegends.com/patch-notes/eql-update-notes-7-14-2026,2026-07-28,,,,Yes,Listed,Post-revamp Wiki evidence,No,C,Official July 2026 Splitpaw revamp notes plus current EQL zone/NPC documentation.,,,,,Official EQL,,EQL-LOOT-1.0,encounter_metadata,Metadata,,B22-SPL-ENC-005,,,No,No,Wiki-reported non-KoS prisoners that assist one another.,,,,,,,,,,,,,,,,,,,Open-world indoor dungeon,Lower Splitpaw,,,Prisoner area,,,,,,Gnoll prisoners,Neutral / Social Population,Band 2,,,,,,,,,,Wiki-reported non-KoS prisoners that assist one another.,,,,,,,,,,,Open World,Open World,,,,,,,,,,,,,,,,,,,,,,,,,,,,,,,,,,,,,,,,,,,,,,,,,,,,,,,,,,,,,,,,,,,,No,,,,,,,,,,,,,,,,,,,,Available,Major officially confirmed EQL revamp,,,,Confirmed,Unconfirmed,,,,,,B22-SPL,
43,B22-SPL-ENC-006,22,Antonica,Splitpaw Lair,Brother Hayle prison,,,,,,,,,,,,,,,,,,,,,,,,Quest NPC,,,,,,Faction-sensitive,,,,,,,,,,,,,,,,Zone-specific,Supplemental,Medium,https://www.everquestlegends.com/patch-notes/eql-update-notes-7-14-2026,https://eqlwiki.com/Splitpaw_Lair,,Yes,1,,,,,,,Official revamp-supported; exact local details may remain Wiki-dependent,Add,,,,,,,,,,https://eqlwiki.com/Splitpaw_Lair,https://www.everquestlegends.com/patch-notes/eql-update-notes-7-14-2026,2026-07-28,,,,Yes,Listed,Post-revamp Wiki evidence,No,C,Official July 2026 Splitpaw revamp notes plus current EQL zone/NPC documentation.,,,,,Official EQL,,EQL-LOOT-1.0,encounter_metadata,Metadata,,B22-SPL-ENC-006,,,No,No,Protected human cleric for Blessed Oil and T.O.L. 2020.,,,,,,,,,,,,,,,,,,,Open-world indoor dungeon,Lower Splitpaw,,,Prison,,,,,,Brother Hayle prison,Quest Encounter,Band 2,,,,,,,,,,Protected human cleric for Blessed Oil and T.O.L. 2020.,,,,,,,,,,,Open World,Open World,,,,,,,,,,,,,,,,,,,,,,,,,,,,,,,,,,,,,,,,,,,,,,,,,,,,,,,,,,,,,,,,,,,,No,,,,,,,,,,,,,,,,,,,,Available,Major officially confirmed EQL revamp,,,,Confirmed,Unconfirmed,,,,,,B22-SPL,
44,B22-SPL-ENC-007,22,Antonica,Splitpaw Lair,Nisch Mas Mender area,,,,,,,,,,,,,,,,,,,,,,,,29-32,,,,,,Healer support,,,,,,,,,,,,,,,,Zone-specific,Supplemental,Medium,https://www.everquestlegends.com/patch-notes/eql-update-notes-7-14-2026,https://eqlwiki.com/Splitpaw_Lair,,Yes,1,,,,,,,Official revamp-supported; exact local details may remain Wiki-dependent,Add,,,,,,,,,,https://eqlwiki.com/Splitpaw_Lair,https://www.everquestlegends.com/patch-notes/eql-update-notes-7-14-2026,2026-07-28,,,,Yes,Listed,Post-revamp Wiki evidence,No,C,Official July 2026 Splitpaw revamp notes plus current EQL zone/NPC documentation.,,,,,Official EQL,,EQL-LOOT-1.0,encounter_metadata,Metadata,,B22-SPL-ENC-007,,,No,No,New healer rare with Cap of Mending and Nisch Mas Ilkvel.,,,,,,,,,,,,,,,,,,,Open-world indoor dungeon,Lower-mid Splitpaw,,,Mender rare area,,,,,,Nisch Mas Mender area,EQL Rare,Band 2,,,,,,,,,,New healer rare with Cap of Mending and Nisch Mas Ilkvel.,,,,,,,,,,,Open World,Open World,,,,,,,,,,,,,,,,,,,,,,,,,,,,,,,,,,,,,,,,,,,,,,,,,,,,,,,,,,,,,,,,,,,,No,,,,,,,,,,,,,,,,,,,,Available,Major officially confirmed EQL revamp,,,,Confirmed,Unconfirmed,,,,,,B22-SPL,
45,B22-SPL-ENC-008,22,Antonica,Splitpaw Lair,Apprentice rare population,,,,,,,,,,,,,,,,,,,,,,,,29-33,,,,,,Caster risk,,,,,,,,,,,,,,,,Zone-specific,Supplemental,Medium,https://www.everquestlegends.com/patch-notes/eql-update-notes-7-14-2026,https://eqlwiki.com/Splitpaw_Lair,,Yes,1,,,,,,,Official revamp-supported; exact local details may remain Wiki-dependent,Add,,,,,,,,,,https://eqlwiki.com/Splitpaw_Lair,https://www.everquestlegends.com/patch-notes/eql-update-notes-7-14-2026,2026-07-28,,,,Yes,Listed,Post-revamp Wiki evidence,No,C,Official July 2026 Splitpaw revamp notes plus current EQL zone/NPC documentation.,,,,,Official EQL,,EQL-LOOT-1.0,encounter_metadata,Metadata,,B22-SPL-ENC-008,,,No,No,Ishma and Ishva Mas apprentice rares with distinct items.,,,,,,,,,,,,,,,,,,,Open-world indoor dungeon,Lower-mid Splitpaw,,,Apprentice rooms,,,,,,Apprentice rare population,EQL Rare Group,Band 2,,,,,,,,,,Ishma and Ishva Mas apprentice rares with distinct items.,,,,,,,,,,,Open World,Open World,,,,,,,,,,,,,,,,,,,,,,,,,,,,,,,,,,,,,,,,,,,,,,,,,,,,,,,,,,,,,,,,,,,,No,,,,,,,,,,,,,,,,,,,,Available,Major officially confirmed EQL revamp,,,,Confirmed,Unconfirmed,,,,,,B22-SPL,
46,B22-SPL-ENC-009,22,Antonica,Splitpaw Lair,First bridge,,,,,,,,,,,,,,,,,,,,,,,,31-35,,,,,,Wall aggro,,,,,,,,,,,,,,,,Zone-specific,Supplemental,Medium,https://www.everquestlegends.com/patch-notes/eql-update-notes-7-14-2026,https://eqlwiki.com/Splitpaw_Lair,,Yes,1,,,,,,,Official revamp-supported; exact local details may remain Wiki-dependent,Add,,,,,,,,,,https://eqlwiki.com/Splitpaw_Lair,https://www.everquestlegends.com/patch-notes/eql-update-notes-7-14-2026,2026-07-28,,,,Yes,Listed,Post-revamp Wiki evidence,No,C,Official July 2026 Splitpaw revamp notes plus current EQL zone/NPC documentation.,,,,,Official EQL,,EQL-LOOT-1.0,encounter_metadata,Metadata,,B22-SPL-ENC-009,,,No,No,"Bridge, gated room, social aggro and branching pull routes.",,,,,,,,,,,,,,,,,,,Open-world indoor dungeon,Middle Splitpaw,,,First bridge,,,,,,First bridge,Camp Hub,Band 3,,,,,,,,,,"Bridge, gated room, social aggro and branching pull routes.",,,,,,,,,,,Open World,Open World,,,,,,,,,,,,,,,,,,,,,,,,,,,,,,,,,,,,,,,,,,,,,,,,,,,,,,,,,,,,,,,,,,,,No,,,,,,,,,,,,,,,,,,,,Available,Major officially confirmed EQL revamp,,,,Confirmed,Unconfirmed,,,,,,B22-SPL,
47,B22-SPL-ENC-010,22,Antonica,Splitpaw Lair,Scribe passage,,,,,,,,,,,,,,,,,,,,,,,,32-36,,,,,,Rogue behavior,,,,,,,,,,,,,,,,Zone-specific,Supplemental,Medium,https://www.everquestlegends.com/patch-notes/eql-update-notes-7-14-2026,https://eqlwiki.com/Splitpaw_Lair,,Yes,1,,,,,,,Official revamp-supported; exact local details may remain Wiki-dependent,Add,,,,,,,,,,https://eqlwiki.com/Splitpaw_Lair,https://www.everquestlegends.com/patch-notes/eql-update-notes-7-14-2026,2026-07-28,,,,Yes,Listed,Post-revamp Wiki evidence,No,C,Official July 2026 Splitpaw revamp notes plus current EQL zone/NPC documentation.,,,,,Official EQL,,EQL-LOOT-1.0,encounter_metadata,Metadata,,B22-SPL-ENC-010,,,No,No,Lteth Val Scribe and Journal of Greater Enchantment source.,,,,,,,,,,,,,,,,,,,Open-world indoor dungeon,Middle Splitpaw,,,Scribe passage,,,,,,Scribe passage,Camp Population,Band 3,,,,,,,,,,Lteth Val Scribe and Journal of Greater Enchantment source.,,,,,,,,,,,Open World,Open World,,,,,,,,,,,,,,,,,,,,,,,,,,,,,,,,,,,,,,,,,,,,,,,,,,,,,,,,,,,,,,,,,,,,No,,,,,,,,,,,,,,,,,,,,Available,Major officially confirmed EQL revamp,,,,Confirmed,Unconfirmed,,,,,,B22-SPL,
48,B22-SPL-ENC-011,22,Antonica,Splitpaw Lair,One-eyed gnoll cave,,,,,,,,,,,,,,,,,,,,,,,,35+,,,,,,See invisibility,,,,,,,,,,,,,,,,Zone-specific,Supplemental,Medium,https://www.everquestlegends.com/patch-notes/eql-update-notes-7-14-2026,https://eqlwiki.com/Splitpaw_Lair,,Yes,1,,,,,,,Official revamp-supported; exact local details may remain Wiki-dependent,Add,,,,,,,,,,https://eqlwiki.com/Splitpaw_Lair,https://www.everquestlegends.com/patch-notes/eql-update-notes-7-14-2026,2026-07-28,,,,Yes,Listed,Post-revamp Wiki evidence,No,C,Official July 2026 Splitpaw revamp notes plus current EQL zone/NPC documentation.,,,,,Official EQL,,EQL-LOOT-1.0,encounter_metadata,Metadata,,B22-SPL-ENC-011,,,No,No,Split Paw Hide Gloves and Gnoll's Eye source.,,,,,,,,,,,,,,,,,,,Open-world indoor dungeon,Middle Splitpaw,,,Isolated cave,,,,,,One-eyed gnoll cave,Named Encounter,Band 3,,,,,,,,,,Split Paw Hide Gloves and Gnoll's Eye source.,,,,,,,,,,,Open World,Open World,,,,,,,,,,,,,,,,,,,,,,,,,,,,,,,,,,,,,,,,,,,,,,,,,,,,,,,,,,,,,,,,,,,,No,,,,,,,,,,,,,,,,,,,,Available,Major officially confirmed EQL revamp,,,,Confirmed,Unconfirmed,,,,,,B22-SPL,
49,B22-SPL-ENC-012,22,Antonica,Splitpaw Lair,Middle caster rooms,,,,,,,,,,,,,,,,,,,,,,,,33-37,,,,,,Caster overlap,,,,,,,,,,,,,,,,Zone-specific,Supplemental,Medium,https://www.everquestlegends.com/patch-notes/eql-update-notes-7-14-2026,https://eqlwiki.com/Splitpaw_Lair,,Yes,1,,,,,,,Official revamp-supported; exact local details may remain Wiki-dependent,Add,,,,,,,,,,https://eqlwiki.com/Splitpaw_Lair,https://www.everquestlegends.com/patch-notes/eql-update-notes-7-14-2026,2026-07-28,,,,Yes,Listed,Post-revamp Wiki evidence,No,C,Official July 2026 Splitpaw revamp notes plus current EQL zone/NPC documentation.,,,,,Official EQL,,EQL-LOOT-1.0,encounter_metadata,Metadata,,B22-SPL-ENC-012,,,No,No,"Rosch and Nisch caster populations with pets, heals, or rain spells.",,,,,,,,,,,,,,,,,,,Open-world indoor dungeon,Middle Splitpaw,,,Caster rooms,,,,,,Middle caster rooms,Shared Population,Band 3,,,,,,,,,,"Rosch and Nisch caster populations with pets, heals, or rain spells.",,,,,,,,,,,Open World,Open World,,,,,,,,,,,,,,,,,,,,,,,,,,,,,,,,,,,,,,,,,,,,,,,,,,,,,,,,,,,,,,,,,,,,No,,,,,,,,,,,,,,,,,,,,Available,Major officially confirmed EQL revamp,,,,Confirmed,Unconfirmed,,,,,,B22-SPL,
50,B22-SPL-ENC-013,22,Antonica,Splitpaw Lair,Judges area,,,,,,,,,,,,,,,,,,,,,,,,34-39,,,,,,Pathing through executioner,,,,,,,,,,,,,,,,Zone-specific,Supplemental,Medium,https://www.everquestlegends.com/patch-notes/eql-update-notes-7-14-2026,https://eqlwiki.com/Splitpaw_Lair,,Yes,1,,,,,,,Official revamp-supported; exact local details may remain Wiki-dependent,Add,,,,,,,,,,https://eqlwiki.com/Splitpaw_Lair,https://www.everquestlegends.com/patch-notes/eql-update-notes-7-14-2026,2026-07-28,,,,Yes,Listed,Post-revamp Wiki evidence,No,C,Official July 2026 Splitpaw revamp notes plus current EQL zone/NPC documentation.,,,,,Official EQL,,EQL-LOOT-1.0,encounter_metadata,Metadata,,B22-SPL-ENC-013,,,No,No,Verishe Mal Judges and Split Paw Hide Belt candidate relationship.,,,,,,,,,,,,,,,,,,,Open-world indoor dungeon,Upper Splitpaw,,,Judges,,,,,,Judges area,Shared Named Population,Band 4,,,,,,,,,,Verishe Mal Judges and Split Paw Hide Belt candidate relationship.,,,,,,,,,,,Open World,Open World,,,,,,,,,,,,,,,,,,,,,,,,,,,,,,,,,,,,,,,,,,,,,,,,,,,,,,,,,,,,,,,,,,,,No,,,,,,,,,,,,,,,,,,,,Available,Major officially confirmed EQL revamp,,,,Confirmed,Unconfirmed,,,,,,B22-SPL,
51,B22-SPL-ENC-014,22,Antonica,Splitpaw Lair,Executioner area,,,,,,,,,,,,,,,,,,,,,,,,40-42,,,,,,Deep social aggro,,,,,,,,,,,,,,,,Zone-specific,Supplemental,Medium,https://www.everquestlegends.com/patch-notes/eql-update-notes-7-14-2026,https://eqlwiki.com/Splitpaw_Lair,,Yes,1,,,,,,,Official revamp-supported; exact local details may remain Wiki-dependent,Add,,,,,,,,,,https://eqlwiki.com/Splitpaw_Lair,https://www.everquestlegends.com/patch-notes/eql-update-notes-7-14-2026,2026-07-28,,,,Yes,Listed,Post-revamp Wiki evidence,No,C,Official July 2026 Splitpaw revamp notes plus current EQL zone/NPC documentation.,,,,,Official EQL,,EQL-LOOT-1.0,encounter_metadata,Metadata,,B22-SPL-ENC-014,,,No,No,Level-42 executioner with new EQL equipment and gloves source.,,,,,,,,,,,,,,,,,,,Open-world indoor dungeon,Upper/deep Splitpaw,,,Executioner room,,,,,,Executioner area,Named Encounter,Band 5,,,,,,,,,,Level-42 executioner with new EQL equipment and gloves source.,,,,,,,,,,,Open World,Open World,,,,,,,,,,,,,,,,,,,,,,,,,,,,,,,,,,,,,,,,,,,,,,,,,,,,,,,,,,,,,,,,,,,,No,,,,,,,,,,,,,,,,,,,,Available,Major officially confirmed EQL revamp,,,,Confirmed,Unconfirmed,,,,,,B22-SPL,
52,B22-SPL-ENC-015,22,Antonica,Splitpaw Lair,Kadvem room,,,,,,,,,,,,,,,,,,,,,,,,39+,,,,,,Warrior pressure,,,,,,,,,,,,,,,,Zone-specific,Supplemental,Medium,https://www.everquestlegends.com/patch-notes/eql-update-notes-7-14-2026,https://eqlwiki.com/Splitpaw_Lair,,Yes,1,,,,,,,Official revamp-supported; exact local details may remain Wiki-dependent,Add,,,,,,,,,,https://eqlwiki.com/Splitpaw_Lair,https://www.everquestlegends.com/patch-notes/eql-update-notes-7-14-2026,2026-07-28,,,,Yes,Listed,Post-revamp Wiki evidence,No,C,Official July 2026 Splitpaw revamp notes plus current EQL zone/NPC documentation.,,,,,Official EQL,,EQL-LOOT-1.0,encounter_metadata,Metadata,,B22-SPL-ENC-015,,,No,No,Vacra Av Svim and Ancient Earthen Vambraces.,,,,,,,,,,,,,,,,,,,Open-world indoor dungeon,Upper Splitpaw,,,Kadvem room,,,,,,Kadvem room,Named Encounter,Band 4,,,,,,,,,,Vacra Av Svim and Ancient Earthen Vambraces.,,,,,,,,,,,Open World,Open World,,,,,,,,,,,,,,,,,,,,,,,,,,,,,,,,,,,,,,,,,,,,,,,,,,,,,,,,,,,,,,,,,,,,No,,,,,,,,,,,,,,,,,,,,Available,Major officially confirmed EQL revamp,,,,Confirmed,Unconfirmed,,,,,,B22-SPL,
53,B22-SPL-ENC-016,22,Antonica,Splitpaw Lair,Deval`Nmak room,,,,,,,,,,,,,,,,,,,,,,,,39+,,,,,,Poison proc,,,,,,,,,,,,,,,,Zone-specific,Supplemental,Medium,https://www.everquestlegends.com/patch-notes/eql-update-notes-7-14-2026,https://eqlwiki.com/Splitpaw_Lair,,Yes,1,,,,,,,Official revamp-supported; exact local details may remain Wiki-dependent,Add,,,,,,,,,,https://eqlwiki.com/Splitpaw_Lair,https://www.everquestlegends.com/patch-notes/eql-update-notes-7-14-2026,2026-07-28,,,,Yes,Listed,Post-revamp Wiki evidence,No,C,Official July 2026 Splitpaw revamp notes plus current EQL zone/NPC documentation.,,,,,Official EQL,,EQL-LOOT-1.0,encounter_metadata,Metadata,,B22-SPL-ENC-016,,,No,No,Upgraded Kicsh Der Pavz and Dagger of Dropping.,,,,,,,,,,,,,,,,,,,Open-world indoor dungeon,Upper Splitpaw,,,Deval`Nmak room,,,,,,Deval`Nmak room,Named Encounter,Band 4,,,,,,,,,,Upgraded Kicsh Der Pavz and Dagger of Dropping.,,,,,,,,,,,Open World,Open World,,,,,,,,,,,,,,,,,,,,,,,,,,,,,,,,,,,,,,,,,,,,,,,,,,,,,,,,,,,,,,,,,,,,No,,,,,,,,,,,,,,,,,,,,Available,Major officially confirmed EQL revamp,,,,Confirmed,Unconfirmed,,,,,,B22-SPL,
54,B22-SPL-ENC-017,22,Antonica,Splitpaw Lair,Torash Mashk room,,,,,,,,,,,,,,,,,,,,,,,,39+,,,,,,Cleric heals,,,,,,,,,,,,,,,,Zone-specific,Supplemental,Medium,https://www.everquestlegends.com/patch-notes/eql-update-notes-7-14-2026,https://eqlwiki.com/Splitpaw_Lair,,Yes,1,,,,,,,Official revamp-supported; exact local details may remain Wiki-dependent,Add,,,,,,,,,,https://eqlwiki.com/Splitpaw_Lair,https://www.everquestlegends.com/patch-notes/eql-update-notes-7-14-2026,2026-07-28,,,,Yes,Listed,Post-revamp Wiki evidence,No,C,Official July 2026 Splitpaw revamp notes plus current EQL zone/NPC documentation.,,,,,Official EQL,,EQL-LOOT-1.0,encounter_metadata,Metadata,,B22-SPL-ENC-017,,,No,No,"Upgraded Devlas Ilkvel, Tesch Val Sinisch, and A Split Paw.",,,,,,,,,,,,,,,,,,,Open-world indoor dungeon,Upper Splitpaw,,,Torash Mashk room,,,,,,Torash Mashk room,Named Encounter,Band 4,,,,,,,,,,"Upgraded Devlas Ilkvel, Tesch Val Sinisch, and A Split Paw.",,,,,,,,,,,Open World,Open World,,,,,,,,,,,,,,,,,,,,,,,,,,,,,,,,,,,,,,,,,,,,,,,,,,,,,,,,,,,,,,,,,,,,No,,,,,,,,,,,,,,,,,,,,Available,Major officially confirmed EQL revamp,,,,Confirmed,Unconfirmed,,,,,,B22-SPL,
55,B22-SPL-ENC-018,22,Antonica,Splitpaw Lair,L'Vlor room,,,,,,,,,,,,,,,,,,,,,,,,39+,,,,,,Pets and rain spells,,,,,,,,,,,,,,,,Zone-specific,Supplemental,Medium,https://www.everquestlegends.com/patch-notes/eql-update-notes-7-14-2026,https://eqlwiki.com/Splitpaw_Lair,,Yes,1,,,,,,,Official revamp-supported; exact local details may remain Wiki-dependent,Add,,,,,,,,,,https://eqlwiki.com/Splitpaw_Lair,https://www.everquestlegends.com/patch-notes/eql-update-notes-7-14-2026,2026-07-28,,,,Yes,Listed,Post-revamp Wiki evidence,No,C,Official July 2026 Splitpaw revamp notes plus current EQL zone/NPC documentation.,,,,,Official EQL,,EQL-LOOT-1.0,encounter_metadata,Metadata,,B22-SPL-ENC-018,,,No,No,Gnoll Hide Tome and Looted Channeler's Gloves.,,,,,,,,,,,,,,,,,,,Open-world indoor dungeon,Upper Splitpaw,,,L'Vlor caster room,,,,,,L'Vlor room,Named Encounter,Band 4,,,,,,,,,,Gnoll Hide Tome and Looted Channeler's Gloves.,,,,,,,,,,,Open World,Open World,,,,,,,,,,,,,,,,,,,,,,,,,,,,,,,,,,,,,,,,,,,,,,,,,,,,,,,,,,,,,,,,,,,,No,,,,,,,,,,,,,,,,,,,,Available,Major officially confirmed EQL revamp,,,,Confirmed,Unconfirmed,,,,,,B22-SPL,
56,B22-SPL-ENC-019,22,Antonica,Splitpaw Lair,Ishva access tunnel,,,,,,,,,,,,,,,,,,,,,,,,38-42,,,,,,Underwater recovery,,,,,,,,,,,,,,,,Zone-specific,Supplemental,Medium,https://www.everquestlegends.com/patch-notes/eql-update-notes-7-14-2026,https://eqlwiki.com/Splitpaw_Lair,,Yes,1,,,,,,,Official revamp-supported; exact local details may remain Wiki-dependent,Add,,,,,,,,,,https://eqlwiki.com/Splitpaw_Lair,https://www.everquestlegends.com/patch-notes/eql-update-notes-7-14-2026,2026-07-28,,,,Yes,Listed,Post-revamp Wiki evidence,No,C,Official July 2026 Splitpaw revamp notes plus current EQL zone/NPC documentation.,,,,,Official EQL,,EQL-LOOT-1.0,encounter_metadata,Metadata,,B22-SPL-ENC-019,,,No,No,"Bridge drop, ramp, pond, and underwater route to inner Ishva.",,,,,,,,,,,,,,,,,,,Open-world indoor dungeon,Deep Splitpaw,,,Tunnel / pond / underwater route,,,,,,Ishva access tunnel,Access Route,Band 5,,,,,,,,,,"Bridge drop, ramp, pond, and underwater route to inner Ishva.",,,,,,,,,,,Open World,Open World,,,,,,,,,,,,,,,,,,,,,,,,,,,,,,,,,,,,,,,,,,,,,,,,,,,,,,,,,,,,,,,,,,,,No,,,,,,,,,,,,,,,,,,,,Available,Major officially confirmed EQL revamp,,,,Confirmed,Unconfirmed,,,,,,B22-SPL,
57,B22-SPL-ENC-020,22,Antonica,Splitpaw Lair,Inner Ishva complex,,,,,,,,,,,,,,,,,,,,,,,,40-42+,,,,,,Healer support,,,,,,,,,,,,,,,,Zone-specific,Supplemental,Medium,https://www.everquestlegends.com/patch-notes/eql-update-notes-7-14-2026,https://eqlwiki.com/Splitpaw_Lair,,Yes,1,,,,,,,Official revamp-supported; exact local details may remain Wiki-dependent,Add,,,,,,,,,,https://eqlwiki.com/Splitpaw_Lair,https://www.everquestlegends.com/patch-notes/eql-update-notes-7-14-2026,2026-07-28,,,,Yes,Listed,Post-revamp Wiki evidence,No,C,Official July 2026 Splitpaw revamp notes plus current EQL zone/NPC documentation.,,,,,Official EQL,,EQL-LOOT-1.0,encounter_metadata,Metadata,,B22-SPL-ENC-020,,,No,No,"Ishva Mal, guards, nearby healers, new sandals, upgraded robe, utility and quest drops.",,,,,,,,,,,,,,,,,,,Open-world indoor dungeon,Deep Splitpaw,,,Ishva complex,,,,,,Inner Ishva complex,Named Encounter,Band 5,,,,,,,,,,"Ishva Mal, guards, nearby healers, new sandals, upgraded robe, utility and quest drops.",,,,,,,,,,,Open World,Open World,,,,,,,,,,,,,,,,,,,,,,,,,,,,,,,,,,,,,,,,,,,,,,,,,,,,,,,,,,,,,,,,,,,,No,,,,,,,,,,,,,,,,,,,,Available,Major officially confirmed EQL revamp,,,,Confirmed,Unconfirmed,,,,,,B22-SPL,
58,B22-SPL-LOOTMETA-001,22,Antonica,Splitpaw Lair,Split Paw Hide armor family,,,,,,,,,,,,,,,,,,,,,,,,,,,,,,,,,,,,,,,,,,,,,,Zone-specific,Supplemental,Medium,https://www.everquestlegends.com/patch-notes/eql-update-notes-7-14-2026,https://eqlwiki.com/Splitpaw_Lair,,Yes,1,,,,,,,Official revamp-supported; exact local details may remain Wiki-dependent,Add,,,,,,,,,,https://eqlwiki.com/Splitpaw_Lair,https://www.everquestlegends.com/patch-notes/eql-update-notes-7-14-2026,2026-07-28,,,,Yes,Listed,Post-revamp Wiki evidence,No,C,Official July 2026 Splitpaw revamp notes plus current EQL zone/NPC documentation.,,,,,Official EQL,,EQL-LOOT-1.0,metadata,Metadata,,B22-SPL-LOOTMETA-001,,,No,No,"Piece-level promotion only; mask, tunic, belt, and additional pieces remain incomplete or broad-source unless exact current evidence exists.",,,,,,,,,,,,,,,,,,,Open-world indoor dungeon,,,,,,,,,,Split Paw Hide armor family,,,,,,,,,,,,"Piece-level promotion only; mask, tunic, belt, and additional pieces remain incomplete or broad-source unless exact current evidence exists.",,,,,,,,,,,Open World,Open World,,,,,,,,,,,,,,,,,,,,,,,,,,,,,,,,,,,,,,,,,,,,,,,,,,,,,,,,,,,,,,,,,,,,No,,,,,,,,,,,,,,,,,,,,Available,Major officially confirmed EQL revamp,,,,Confirmed,Unconfirmed,,,,loot-family;split-paw-hide,,B22-SPL,
59,B22-SPL-LOOTMETA-002,22,Antonica,Splitpaw Lair,Dagger of Dropping source family,,,,,,,,,,,,,,,,,,,,,,,,,,,,,,,,,,,,,,,,,,,,,,Zone-specific,Supplemental,Medium,https://www.everquestlegends.com/patch-notes/eql-update-notes-7-14-2026,https://eqlwiki.com/Splitpaw_Lair,,Yes,1,,,,,,,Official revamp-supported; exact local details may remain Wiki-dependent,Add,,,,,,,,,,https://eqlwiki.com/Splitpaw_Lair,https://www.everquestlegends.com/patch-notes/eql-update-notes-7-14-2026,2026-07-28,,,,Yes,Listed,Post-revamp Wiki evidence,No,C,Official July 2026 Splitpaw revamp notes plus current EQL zone/NPC documentation.,,,,,Official EQL,,EQL-LOOT-1.0,metadata,Metadata,,B22-SPL-LOOTMETA-002,,,No,No,Active exact rows retained for Deval`Nmak and Ishva; Kurrpok and broad ordinary-source claims remain quarantined.,,,,,,,,,,,,,,,,,,,Open-world indoor dungeon,,,,,,,,,,Dagger of Dropping source family,,,,,,,,,,,,Active exact rows retained for Deval`Nmak and Ishva; Kurrpok and broad ordinary-source claims remain quarantined.,,,,,,,,,,,Open World,Open World,,,,,,,,,,,,,,,,,,,,,,,,,,,,,,,,,,,,,,,,,,,,,,,,,,,,,,,,,,,,,,,,,,,,No,,,,,,,,,,,,,,,,,,,,Available,Major officially confirmed EQL revamp,,,,Confirmed,Unconfirmed,,,,loot-family;duplicate-source,,B22-SPL,
60,B22-SPL-LOOTMETA-003,22,Antonica,Splitpaw Lair,Tanned Split Paw Skin lore volumes,,,,,,,,,,,,,,,,,,,,,,,,,,,,,,,,,,,,,,,,,,,,,,Zone-specific,Supplemental,Medium,https://www.everquestlegends.com/patch-notes/eql-update-notes-7-14-2026,https://eqlwiki.com/Splitpaw_Lair,,Yes,1,,,,,,,Official revamp-supported; exact local details may remain Wiki-dependent,Add,,,,,,,,,,https://eqlwiki.com/Splitpaw_Lair,https://www.everquestlegends.com/patch-notes/eql-update-notes-7-14-2026,2026-07-28,,,,Yes,Listed,Post-revamp Wiki evidence,No,C,Official July 2026 Splitpaw revamp notes plus current EQL zone/NPC documentation.,,,,,Official EQL,,EQL-LOOT-1.0,metadata,Metadata,,B22-SPL-LOOTMETA-003,,,No,No,Four lore volumes must remain separate from each other and from the non-lore skin; exact current sources remain research.,,,,,,,,,,,,,,,,,,,Open-world indoor dungeon,,,,,,,,,,Tanned Split Paw Skin lore volumes,,,,,,,,,,,,Four lore volumes must remain separate from each other and from the non-lore skin; exact current sources remain research.,,,,,,,,,,,Open World,Open World,,,,,,,,,,,,,,,,,,,,,,,,,,,,,,,,,,,,,,,,,,,,,,,,,,,,,,,,,,,,,,,,,,,,No,,,,,,,,,,,,,,,,,,,,Available,Major officially confirmed EQL revamp,,,,Confirmed,Unconfirmed,,,,loot-family;lore-scrolls,,B22-SPL,
61,B22-SPL-LOOTMETA-004,22,Antonica,Splitpaw Lair,Non-lore Tanned Split Paw Skin,,,,,,,,,,,,,,,,,,,,,,,,,,,,,,,,,,,,,,,,,,,,,,Zone-specific,Supplemental,Medium,https://www.everquestlegends.com/patch-notes/eql-update-notes-7-14-2026,https://eqlwiki.com/Splitpaw_Lair,,Yes,1,,,,,,,Official revamp-supported; exact local details may remain Wiki-dependent,Add,,,,,,,,,,https://eqlwiki.com/Splitpaw_Lair,https://www.everquestlegends.com/patch-notes/eql-update-notes-7-14-2026,2026-07-28,,,,Yes,Listed,Post-revamp Wiki evidence,No,C,Official July 2026 Splitpaw revamp notes plus current EQL zone/NPC documentation.,,,,,Official EQL,,EQL-LOOT-1.0,metadata,Metadata,,B22-SPL-LOOTMETA-004,,,No,No,"Low-value ordinary skin retained as metadata, not notable active loot.",,,,,,,,,,,,,,,,,,,Open-world indoor dungeon,,,,,,,,,,Non-lore Tanned Split Paw Skin,,,,,,,,,,,,"Low-value ordinary skin retained as metadata, not notable active loot.",,,,,,,,,,,Open World,Open World,,,,,,,,,,,,,,,,,,,,,,,,,,,,,,,,,,,,,,,,,,,,,,,,,,,,,,,,,,,,,,,,,,,,No,,,,,,,,,,,,,,,,,,,,Available,Major officially confirmed EQL revamp,,,,Confirmed,Unconfirmed,,,,global-loot;excluded,,B22-SPL,
62,B22-SPL-LOOTMETA-005,22,Antonica,Splitpaw Lair,Five-band shared-equipment possibility,,,,,,,,,,,,,,,,,,,,,,,,,,,,,,,,,,,,,,,,,,,,,,Zone-specific,Supplemental,Medium,https://www.everquestlegends.com/patch-notes/eql-update-notes-7-14-2026,https://eqlwiki.com/Splitpaw_Lair,,Yes,1,,,,,,,Official revamp-supported; exact local details may remain Wiki-dependent,Add,,,,,,,,,,https://eqlwiki.com/Splitpaw_Lair,https://www.everquestlegends.com/patch-notes/eql-update-notes-7-14-2026,2026-07-28,,,,Yes,Listed,Post-revamp Wiki evidence,No,C,Official July 2026 Splitpaw revamp notes plus current EQL zone/NPC documentation.,,,,,Official EQL,,EQL-LOOT-1.0,metadata,Metadata,,B22-SPL-LOOTMETA-005,,,No,No,"Official revamp may use band-specific shared pools, but exact pool architecture is unverified.",,,,,,,,,,,,,,,,,,,Open-world indoor dungeon,,,,,,,,,,Five-band shared-equipment possibility,,,,,,,,,,,,"Official revamp may use band-specific shared pools, but exact pool architecture is unverified.",,,,,,,,,,,Open World,Open World,,,,,,,,,,,,,,,,,,,,,,,,,,,,,,,,,,,,,,,,,,,,,,,,,,,,,,,,,,,,,,,,,,,,No,,,,,,,,,,,,,,,,,,,,Available,Major officially confirmed EQL revamp,,,,Confirmed,Unconfirmed,,,,loot-family;shared-pool,,B22-SPL,
63,B22-SPL-LOOTMETA-006,22,Antonica,Splitpaw Lair,Fine Steel and ringmail population loot,,,,,,,,,,,,,,,,,,,,,,,,,,,,,,,,,,,,,,,,,,,,,,Zone-specific,Supplemental,Medium,https://www.everquestlegends.com/patch-notes/eql-update-notes-7-14-2026,https://eqlwiki.com/Splitpaw_Lair,,Yes,1,,,,,,,Official revamp-supported; exact local details may remain Wiki-dependent,Add,,,,,,,,,,https://eqlwiki.com/Splitpaw_Lair,https://www.everquestlegends.com/patch-notes/eql-update-notes-7-14-2026,2026-07-28,,,,Yes,Listed,Post-revamp Wiki evidence,No,C,Official July 2026 Splitpaw revamp notes plus current EQL zone/NPC documentation.,,,,,Official EQL,,EQL-LOOT-1.0,metadata,Metadata,,B22-SPL-LOOTMETA-006,,,No,No,Generic equipment retained as population metadata rather than active notable rows.,,,,,,,,,,,,,,,,,,,Open-world indoor dungeon,,,,,,,,,,Fine Steel and ringmail population loot,,,,,,,,,,,,Generic equipment retained as population metadata rather than active notable rows.,,,,,,,,,,,Open World,Open World,,,,,,,,,,,,,,,,,,,,,,,,,,,,,,,,,,,,,,,,,,,,,,,,,,,,,,,,,,,,,,,,,,,,No,,,,,,,,,,,,,,,,,,,,Available,Major officially confirmed EQL revamp,,,,Confirmed,Unconfirmed,,,,global-loot;excluded,,B22-SPL,
64,B22-SPL-LOOTMETA-007,22,Antonica,Splitpaw Lair,"Global runes, words, and scrolls",,,,,,,,,,,,,,,,,,,,,,,,,,,,,,,,,,,,,,,,,,,,,,Zone-specific,Supplemental,Medium,https://www.everquestlegends.com/patch-notes/eql-update-notes-7-14-2026,https://eqlwiki.com/Splitpaw_Lair,,Yes,1,,,,,,,Official revamp-supported; exact local details may remain Wiki-dependent,Add,,,,,,,,,,https://eqlwiki.com/Splitpaw_Lair,https://www.everquestlegends.com/patch-notes/eql-update-notes-7-14-2026,2026-07-28,,,,Yes,Listed,Post-revamp Wiki evidence,No,C,Official July 2026 Splitpaw revamp notes plus current EQL zone/NPC documentation.,,,,,Official EQL,,EQL-LOOT-1.0,metadata,Metadata,,B22-SPL-LOOTMETA-007,,,No,No,Generic research and spell-table items excluded unless uniquely notable or exact-source relevant.,,,,,,,,,,,,,,,,,,,Open-world indoor dungeon,,,,,,,,,,"Global runes, words, and scrolls",,,,,,,,,,,,Generic research and spell-table items excluded unless uniquely notable or exact-source relevant.,,,,,,,,,,,Open World,Open World,,,,,,,,,,,,,,,,,,,,,,,,,,,,,,,,,,,,,,,,,,,,,,,,,,,,,,,,,,,,,,,,,,,,No,,,,,,,,,,,,,,,,,,,,Available,Major officially confirmed EQL revamp,,,,Confirmed,Unconfirmed,,,,global-loot;excluded,,B22-SPL,
65,B22-SPL-LOOTMETA-008,22,Antonica,Splitpaw Lair,Original low-level Splitpaw exclusions,,,,,,,,,,,,,,,,,,,,,,,,,,,,,,,,,,,,,,,,,,,,,,Zone-specific,Supplemental,Medium,https://www.everquestlegends.com/patch-notes/eql-update-notes-7-14-2026,https://eqlwiki.com/Splitpaw_Lair,,Yes,1,,,,,,,Official revamp-supported; exact local details may remain Wiki-dependent,Add,,,,,,,,,,https://eqlwiki.com/Splitpaw_Lair,https://www.everquestlegends.com/patch-notes/eql-update-notes-7-14-2026,2026-07-28,,,,Yes,Listed,Post-revamp Wiki evidence,No,C,Official July 2026 Splitpaw revamp notes plus current EQL zone/NPC documentation.,,,,,Official EQL,,EQL-LOOT-1.0,metadata,Metadata,,B22-SPL-LOOTMETA-008,,,No,No,"Pre-revamp low-level enemies, Zixx Nenix, Brother Gruff, and uncertain legacy content remain quarantined unless explicitly restored.",,,,,,,,,,,,,,,,,,,Open-world indoor dungeon,,,,,,,,,,Original low-level Splitpaw exclusions,,,,,,,,,,,,"Pre-revamp low-level enemies, Zixx Nenix, Brother Gruff, and uncertain legacy content remain quarantined unless explicitly restored.",,,,,,,,,,,Open World,Open World,,,,,,,,,,,,,,,,,,,,,,,,,,,,,,,,,,,,,,,,,,,,,,,,,,,,,,,,,,,,,,,,,,,,No,,,,,,,,,,,,,,,,,,,,Available,Major officially confirmed EQL revamp,,,,Confirmed,Unconfirmed,,,,historical-content;excluded,,B22-SPL,
66,B22-SPL-RES-001,22,Antonica,Splitpaw Lair,Exact five-band boundaries,,,,,,,,,,,,,,,,,,,,,,,,,,,,,,,,,,,,,,,,,,,,,,Zone-specific,Supplemental,Low,https://www.everquestlegends.com/patch-notes/eql-update-notes-7-14-2026,https://eqlwiki.com/Splitpaw_Lair,Determine official or direct-build boundaries for Bands 2-4.,Yes,1,,,,,,,Unresolved; direct-build or stronger current evidence required,Quarantine,,,,,,,,,,https://eqlwiki.com/Splitpaw_Lair,https://www.everquestlegends.com/patch-notes/eql-update-notes-7-14-2026,2026-07-28,,,,Yes,Partial / conflicting,Unverified lead,No,D,Meaningful post-revamp or historical lead without enough evidence for active promotion.,Incomplete band data,,,,Official EQL / unverified current Wiki / historical baseline,,EQL-LOOT-1.0,research,Quarantined,,B22-SPL-RES-001,,,No,Yes,Quarantined research record; hidden from default loot results.,,,,,,,,,,,,,,,,,,,Open-world indoor dungeon,,,,,,,,,,,,,,,,,,,,,,,,,,,,,,,,,Open World,Open World,,,,,,,,,,,,,,,,,,,,,,,,,,,,,,,,,,,,,,,,,,,,,,,,,,,,,,,,,,,,,,,,,,,,No,,,,,,,,,,,,,,,,,,,,Available,Major officially confirmed EQL revamp,,,,Confirmed,Unconfirmed,,,,,,B22-SPL,
67,B22-SPL-RES-002,22,Antonica,Splitpaw Lair,Complete post-revamp NPC census,,,,,,,,,,,,,,,,,,,,,,,,,,,,,,,,,,,,,,,,,,,,,,Zone-specific,Supplemental,Low,https://www.everquestlegends.com/patch-notes/eql-update-notes-7-14-2026,https://eqlwiki.com/Splitpaw_Lair,Build a direct current-build census including all new rares omitted from the main Wiki NPC table.,Yes,1,,,,,,,Unresolved; direct-build or stronger current evidence required,Quarantine,,,,,,,,,,https://eqlwiki.com/Splitpaw_Lair,https://www.everquestlegends.com/patch-notes/eql-update-notes-7-14-2026,2026-07-28,,,,Yes,Partial / conflicting,Unverified lead,No,D,Meaningful post-revamp or historical lead without enough evidence for active promotion.,Incomplete census,,,,Official EQL / unverified current Wiki / historical baseline,,EQL-LOOT-1.0,research,Quarantined,,B22-SPL-RES-002,,,No,Yes,Quarantined research record; hidden from default loot results.,,,,,,,,,,,,,,,,,,,Open-world indoor dungeon,,,,,,,,,,,,,,,,,,,,,,,,,,,,,,,,,Open World,Open World,,,,,,,,,,,,,,,,,,,,,,,,,,,,,,,,,,,,,,,,,,,,,,,,,,,,,,,,,,,,,,,,,,,,No,,,,,,,,,,,,,,,,,,,,Available,Major officially confirmed EQL revamp,,,,Confirmed,Unconfirmed,,,,,,B22-SPL,
68,B22-SPL-RES-003,22,Antonica,Splitpaw Lair,Nisch Mas Mender level and location,,,,,,,,,,,,,,,,,,,,,,,,,,,,,,,,,,,,,,,,,,,,,,Zone-specific,Supplemental,Low,https://www.everquestlegends.com/patch-notes/eql-update-notes-7-14-2026,https://eqlwiki.com/Splitpaw_Lair,"Verify exact level, placeholder, location, and rare mechanics.",Yes,1,,,,,,,Unresolved; direct-build or stronger current evidence required,Quarantine,,,,,,,,,,https://eqlwiki.com/Splitpaw_Lair,https://www.everquestlegends.com/patch-notes/eql-update-notes-7-14-2026,2026-07-28,,,,Yes,Partial / conflicting,Unverified lead,No,D,Meaningful post-revamp or historical lead without enough evidence for active promotion.,Incomplete spawn data,,,,Official EQL / unverified current Wiki / historical baseline,,EQL-LOOT-1.0,research,Quarantined,,B22-SPL-RES-003,,,No,Yes,Quarantined research record; hidden from default loot results.,,,,,,,,,,,,,,,,,,,Open-world indoor dungeon,,,,,,,,,,,,,,,,,,,,,,,,,,,,,,,,,Open World,Open World,,,,,,,,,,,,,,,,,,,,,,,,,,,,,,,,,,,,,,,,,,,,,,,,,,,,,,,,,,,,,,,,,,,,No,,,,,,,,,,,,,,,,,,,,Available,Major officially confirmed EQL revamp,,,,Confirmed,Unconfirmed,,,,,,B22-SPL,
69,B22-SPL-RES-004,22,Antonica,Splitpaw Lair,Ishma Mas Apprentice level and location,,,,,,,,,,,,,,,,,,,,,,,,,,,,,,,,,,,,,,,,,,,,,,Zone-specific,Supplemental,Low,https://www.everquestlegends.com/patch-notes/eql-update-notes-7-14-2026,https://eqlwiki.com/Splitpaw_Lair,"Verify exact level, source-name spelling, placeholder, and location.",Yes,1,,,,,,,Unresolved; direct-build or stronger current evidence required,Quarantine,,,,,,,,,,https://eqlwiki.com/Splitpaw_Lair,https://www.everquestlegends.com/patch-notes/eql-update-notes-7-14-2026,2026-07-28,,,,Yes,Partial / conflicting,Unverified lead,No,D,Meaningful post-revamp or historical lead without enough evidence for active promotion.,Name/spawn conflict,,,,Official EQL / unverified current Wiki / historical baseline,,EQL-LOOT-1.0,research,Quarantined,,B22-SPL-RES-004,,,No,Yes,Quarantined research record; hidden from default loot results.,,,,,,,,,,,,,,,,,,,Open-world indoor dungeon,,,,,,,,,,,,,,,,,,,,,,,,,,,,,,,,,Open World,Open World,,,,,,,,,,,,,,,,,,,,,,,,,,,,,,,,,,,,,,,,,,,,,,,,,,,,,,,,,,,,,,,,,,,,No,,,,,,,,,,,,,,,,,,,,Available,Major officially confirmed EQL revamp,,,,Confirmed,Unconfirmed,,,,,,B22-SPL,
70,B22-SPL-RES-005,22,Antonica,Splitpaw Lair,Ishva Mas Apprentice level and location,,,,,,,,,,,,,,,,,,,,,,,,,,,,,,,,,,,,,,,,,,,,,,Zone-specific,Supplemental,Low,https://www.everquestlegends.com/patch-notes/eql-update-notes-7-14-2026,https://eqlwiki.com/Splitpaw_Lair,"Verify exact level, placeholder, and location independently from Ishma Mas Apprentice.",Yes,1,,,,,,,Unresolved; direct-build or stronger current evidence required,Quarantine,,,,,,,,,,https://eqlwiki.com/Splitpaw_Lair,https://www.everquestlegends.com/patch-notes/eql-update-notes-7-14-2026,2026-07-28,,,,Yes,Partial / conflicting,Unverified lead,No,D,Meaningful post-revamp or historical lead without enough evidence for active promotion.,Incomplete spawn data,,,,Official EQL / unverified current Wiki / historical baseline,,EQL-LOOT-1.0,research,Quarantined,,B22-SPL-RES-005,,,No,Yes,Quarantined research record; hidden from default loot results.,,,,,,,,,,,,,,,,,,,Open-world indoor dungeon,,,,,,,,,,,,,,,,,,,,,,,,,,,,,,,,,Open World,Open World,,,,,,,,,,,,,,,,,,,,,,,,,,,,,,,,,,,,,,,,,,,,,,,,,,,,,,,,,,,,,,,,,,,,No,,,,,,,,,,,,,,,,,,,,Available,Major officially confirmed EQL revamp,,,,Confirmed,Unconfirmed,,,,,,B22-SPL,
71,B22-SPL-RES-006,22,Antonica,Splitpaw Lair,Lteth Val Deviant level and location,,,,,,,,,,,,,,,,,,,,,,,,,,,,,,,,,,,,,,,,,,,,,,Zone-specific,Supplemental,Low,https://www.everquestlegends.com/patch-notes/eql-update-notes-7-14-2026,https://eqlwiki.com/Splitpaw_Lair,"Verify exact level, placeholder, and camp.",Yes,1,,,,,,,Unresolved; direct-build or stronger current evidence required,Quarantine,,,,,,,,,,https://eqlwiki.com/Splitpaw_Lair,https://www.everquestlegends.com/patch-notes/eql-update-notes-7-14-2026,2026-07-28,,,,Yes,Partial / conflicting,Unverified lead,No,D,Meaningful post-revamp or historical lead without enough evidence for active promotion.,Incomplete spawn data,,,,Official EQL / unverified current Wiki / historical baseline,,EQL-LOOT-1.0,research,Quarantined,,B22-SPL-RES-006,,,No,Yes,Quarantined research record; hidden from default loot results.,,,,,,,,,,,,,,,,,,,Open-world indoor dungeon,,,,,,,,,,,,,,,,,,,,,,,,,,,,,,,,,Open World,Open World,,,,,,,,,,,,,,,,,,,,,,,,,,,,,,,,,,,,,,,,,,,,,,,,,,,,,,,,,,,,,,,,,,,,No,,,,,,,,,,,,,,,,,,,,Available,Major officially confirmed EQL revamp,,,,Confirmed,Unconfirmed,,,,,,B22-SPL,
72,B22-SPL-RES-007,22,Antonica,Splitpaw Lair,Tesch Val Brute level and location,,,,,,,,,,,,,,,,,,,,,,,,,,,,,,,,,,,,,,,,,,,,,,Zone-specific,Supplemental,Low,https://www.everquestlegends.com/patch-notes/eql-update-notes-7-14-2026,https://eqlwiki.com/Splitpaw_Lair,"Verify exact level, placeholder, and camp.",Yes,1,,,,,,,Unresolved; direct-build or stronger current evidence required,Quarantine,,,,,,,,,,https://eqlwiki.com/Splitpaw_Lair,https://www.everquestlegends.com/patch-notes/eql-update-notes-7-14-2026,2026-07-28,,,,Yes,Partial / conflicting,Unverified lead,No,D,Meaningful post-revamp or historical lead without enough evidence for active promotion.,Incomplete spawn data,,,,Official EQL / unverified current Wiki / historical baseline,,EQL-LOOT-1.0,research,Quarantined,,B22-SPL-RES-007,,,No,Yes,Quarantined research record; hidden from default loot results.,,,,,,,,,,,,,,,,,,,Open-world indoor dungeon,,,,,,,,,,,,,,,,,,,,,,,,,,,,,,,,,Open World,Open World,,,,,,,,,,,,,,,,,,,,,,,,,,,,,,,,,,,,,,,,,,,,,,,,,,,,,,,,,,,,,,,,,,,,No,,,,,,,,,,,,,,,,,,,,Available,Major officially confirmed EQL revamp,,,,Confirmed,Unconfirmed,,,,,,B22-SPL,
73,B22-SPL-RES-008,22,Antonica,Splitpaw Lair,Guaranteed rare-spawn behavior,,,,,,,,,,,,,,,,,,,,,,,,,,,,,,,,,,,,,,,,,,,,,,Zone-specific,Supplemental,Low,https://www.everquestlegends.com/patch-notes/eql-update-notes-7-14-2026,https://eqlwiki.com/Splitpaw_Lair,"Determine whether lower-band rares are guaranteed per spawn point, cycle, or band-wide state.",Yes,1,,,,,,,Unresolved; direct-build or stronger current evidence required,Quarantine,,,,,,,,,,https://eqlwiki.com/Splitpaw_Lair,https://www.everquestlegends.com/patch-notes/eql-update-notes-7-14-2026,2026-07-28,,,,Yes,Partial / conflicting,Unverified lead,No,D,Meaningful post-revamp or historical lead without enough evidence for active promotion.,Mechanic unresolved,,,,Official EQL / unverified current Wiki / historical baseline,,EQL-LOOT-1.0,research,Quarantined,,B22-SPL-RES-008,,,No,Yes,Quarantined research record; hidden from default loot results.,,,,,,,,,,,,,,,,,,,Open-world indoor dungeon,,,,,,,,,,,,,,,,,,,,,,,,,,,,,,,,,Open World,Open World,,,,,,,,,,,,,,,,,,,,,,,,,,,,,,,,,,,,,,,,,,,,,,,,,,,,,,,,,,,,,,,,,,,,No,,,,,,,,,,,,,,,,,,,,Available,Major officially confirmed EQL revamp,,,,Confirmed,Unconfirmed,,,,,,B22-SPL,
74,B22-SPL-RES-009,22,Antonica,Splitpaw Lair,Rare probability by band,,,,,,,,,,,,,,,,,,,,,,,,,,,,,,,,,,,,,,,,,,,,,,Zone-specific,Supplemental,Low,https://www.everquestlegends.com/patch-notes/eql-update-notes-7-14-2026,https://eqlwiki.com/Splitpaw_Lair,Measure or document current rare-spawn rates for all five bands.,Yes,1,,,,,,,Unresolved; direct-build or stronger current evidence required,Quarantine,,,,,,,,,,https://eqlwiki.com/Splitpaw_Lair,https://www.everquestlegends.com/patch-notes/eql-update-notes-7-14-2026,2026-07-28,,,,Yes,Partial / conflicting,Unverified lead,No,D,Meaningful post-revamp or historical lead without enough evidence for active promotion.,Probability unresolved,,,,Official EQL / unverified current Wiki / historical baseline,,EQL-LOOT-1.0,research,Quarantined,,B22-SPL-RES-009,,,No,Yes,Quarantined research record; hidden from default loot results.,,,,,,,,,,,,,,,,,,,Open-world indoor dungeon,,,,,,,,,,,,,,,,,,,,,,,,,,,,,,,,,Open World,Open World,,,,,,,,,,,,,,,,,,,,,,,,,,,,,,,,,,,,,,,,,,,,,,,,,,,,,,,,,,,,,,,,,,,,No,,,,,,,,,,,,,,,,,,,,Available,Major officially confirmed EQL revamp,,,,Confirmed,Unconfirmed,,,,,,B22-SPL,
75,B22-SPL-RES-010,22,Antonica,Splitpaw Lair,Shared loot-table structure by band,,,,,,,,,,,,,,,,,,,,,,,,,,,,,,,,,,,,,,,,,,,,,,Zone-specific,Supplemental,Low,https://www.everquestlegends.com/patch-notes/eql-update-notes-7-14-2026,https://eqlwiki.com/Splitpaw_Lair,Determine whether new and improved items use exact named tables or shared band pools.,Yes,1,,,,,,,Unresolved; direct-build or stronger current evidence required,Quarantine,,,,,,,,,,https://eqlwiki.com/Splitpaw_Lair,https://www.everquestlegends.com/patch-notes/eql-update-notes-7-14-2026,2026-07-28,,,,Yes,Partial / conflicting,Unverified lead,No,D,Meaningful post-revamp or historical lead without enough evidence for active promotion.,Source-table unresolved,,,,Official EQL / unverified current Wiki / historical baseline,,EQL-LOOT-1.0,research,Quarantined,,B22-SPL-RES-010,,,No,Yes,Quarantined research record; hidden from default loot results.,,,,,,,,,,,,,,,,,,,Open-world indoor dungeon,,,,,,,,,,,,,,,,,,,,,,,,,,,,,,,,,Open World,Open World,,,,,,,,,,,,,,,,,,,,,,,,,,,,,,,,,,,,,,,,,,,,,,,,,,,,,,,,,,,,,,,,,,,,No,,,,,,,,,,,,,,,,,,,,Available,Major officially confirmed EQL revamp,,,,Confirmed,Unconfirmed,,,,,,B22-SPL,
76,B22-SPL-RES-011,22,Antonica,Splitpaw Lair,Kurrpok current availability,,,,,,,,,,,,,,,,,,,,,,,,,,,,,,,,,,,,,,,,,,,,,,Zone-specific,Supplemental,Low,https://www.everquestlegends.com/patch-notes/eql-update-notes-7-14-2026,https://eqlwiki.com/Splitpaw_Lair,Verify whether Kurrpok currently spawns inside Splitpaw.,Yes,1,,,,,,,Unresolved; direct-build or stronger current evidence required,Quarantine,,,,,,,,,,https://eqlwiki.com/Splitpaw_Lair,https://www.everquestlegends.com/patch-notes/eql-update-notes-7-14-2026,2026-07-28,,,,Yes,Partial / conflicting,Unverified lead,No,D,Meaningful post-revamp or historical lead without enough evidence for active promotion.,Availability conflict,,,,Official EQL / unverified current Wiki / historical baseline,,EQL-LOOT-1.0,research,Quarantined,,B22-SPL-RES-011,,,No,Yes,Quarantined research record; hidden from default loot results.,,,,,,,,,,,,,,,,,,,Open-world indoor dungeon,,,,,,,,,,,,,,,,,,,,,,,,,,,,,,,,,Open World,Open World,,,,,,,,,,,,,,,,,,,,,,,,,,,,,,,,,,,,,,,,,,,,,,,,,,,,,,,,,,,,,,,,,,,,No,,,,,,,,,,,,,,,,,,,,Available,Major officially confirmed EQL revamp,,,,Confirmed,Unconfirmed,,,,,,B22-SPL,
77,B22-SPL-RES-012,22,Antonica,Splitpaw Lair,Kurrpok fixed location versus execution event,,,,,,,,,,,,,,,,,,,,,,,,,,,,,,,,,,,,,,,,,,,,,,Zone-specific,Supplemental,Low,https://www.everquestlegends.com/patch-notes/eql-update-notes-7-14-2026,https://eqlwiki.com/Splitpaw_Lair,Resolve conflicting fixed-location and execution-room narratives.,Yes,1,,,,,,,Unresolved; direct-build or stronger current evidence required,Quarantine,,,,,,,,,,https://eqlwiki.com/Splitpaw_Lair,https://www.everquestlegends.com/patch-notes/eql-update-notes-7-14-2026,2026-07-28,,,,Yes,Partial / conflicting,Unverified lead,No,D,Meaningful post-revamp or historical lead without enough evidence for active promotion.,Spawn conflict,,,,Official EQL / unverified current Wiki / historical baseline,,EQL-LOOT-1.0,research,Quarantined,,B22-SPL-RES-012,,,No,Yes,Quarantined research record; hidden from default loot results.,,,,,,,,,,,,,,,,,,,Open-world indoor dungeon,,,,,,,,,,,,,,,,,,,,,,,,,,,,,,,,,Open World,Open World,,,,,,,,,,,,,,,,,,,,,,,,,,,,,,,,,,,,,,,,,,,,,,,,,,,,,,,,,,,,,,,,,,,,No,,,,,,,,,,,,,,,,,,,,Available,Major officially confirmed EQL revamp,,,,Confirmed,Unconfirmed,,,,,,B22-SPL,
78,B22-SPL-RES-013,22,Antonica,Splitpaw Lair,Ruby Pendant current source,,,,,,,,,,,,,,,,,,,,,,,,,,,,,,,,,,,,,,,,,,,,,,Zone-specific,Supplemental,Low,https://www.everquestlegends.com/patch-notes/eql-update-notes-7-14-2026,https://eqlwiki.com/Splitpaw_Lair,Verify current Kurrpok or alternate source before promotion.,Yes,1,,,,,,,Unresolved; direct-build or stronger current evidence required,Quarantine,,,,,,,,,,https://eqlwiki.com/Splitpaw_Lair,https://www.everquestlegends.com/patch-notes/eql-update-notes-7-14-2026,2026-07-28,,,,Yes,Partial / conflicting,Unverified lead,No,D,Meaningful post-revamp or historical lead without enough evidence for active promotion.,Source conflict,,,,Official EQL / unverified current Wiki / historical baseline,,EQL-LOOT-1.0,research,Quarantined,,B22-SPL-RES-013,,,No,Yes,Quarantined research record; hidden from default loot results.,,,,,,,,,,,,,,,,,,,Open-world indoor dungeon,,,,,,,,,,,,,,,,,,,,,,,,,,,,,,,,,Open World,Open World,,,,,,,,,,,,,,,,,,,,,,,,,,,,,,,,,,,,,,,,,,,,,,,,,,,,,,,,,,,,,,,,,,,,No,,,,,,,,,,,,,,,,,,,,Available,Major officially confirmed EQL revamp,,,,Confirmed,Unconfirmed,,,,,,B22-SPL,
79,B22-SPL-RES-014,22,Antonica,Splitpaw Lair,Kurrpok Dagger of Dropping source,,,,,,,,,,,,,,,,,,,,,,,,,,,,,,,,,,,,,,,,,,,,,,Zone-specific,Supplemental,Low,https://www.everquestlegends.com/patch-notes/eql-update-notes-7-14-2026,https://eqlwiki.com/Splitpaw_Lair,Verify current source relationship independently from item data.,Yes,1,,,,,,,Unresolved; direct-build or stronger current evidence required,Quarantine,,,,,,,,,,https://eqlwiki.com/Splitpaw_Lair,https://www.everquestlegends.com/patch-notes/eql-update-notes-7-14-2026,2026-07-28,,,,Yes,Partial / conflicting,Unverified lead,No,D,Meaningful post-revamp or historical lead without enough evidence for active promotion.,Source conflict,,,,Official EQL / unverified current Wiki / historical baseline,,EQL-LOOT-1.0,research,Quarantined,,B22-SPL-RES-014,,,No,Yes,Quarantined research record; hidden from default loot results.,,,,,,,,,,,,,,,,,,,Open-world indoor dungeon,,,,,,,,,,,,,,,,,,,,,,,,,,,,,,,,,Open World,Open World,,,,,,,,,,,,,,,,,,,,,,,,,,,,,,,,,,,,,,,,,,,,,,,,,,,,,,,,,,,,,,,,,,,,No,,,,,,,,,,,,,,,,,,,,Available,Major officially confirmed EQL revamp,,,,Confirmed,Unconfirmed,,,,,,B22-SPL,
80,B22-SPL-RES-015,22,Antonica,Splitpaw Lair,Kurrpok Split Paw Hide Mask source,,,,,,,,,,,,,,,,,,,,,,,,,,,,,,,,,,,,,,,,,,,,,,Zone-specific,Supplemental,Low,https://www.everquestlegends.com/patch-notes/eql-update-notes-7-14-2026,https://eqlwiki.com/Splitpaw_Lair,Verify current source relationship independently from broad Various listings.,Yes,1,,,,,,,Unresolved; direct-build or stronger current evidence required,Quarantine,,,,,,,,,,https://eqlwiki.com/Splitpaw_Lair,https://www.everquestlegends.com/patch-notes/eql-update-notes-7-14-2026,2026-07-28,,,,Yes,Partial / conflicting,Unverified lead,No,D,Meaningful post-revamp or historical lead without enough evidence for active promotion.,Source conflict,,,,Official EQL / unverified current Wiki / historical baseline,,EQL-LOOT-1.0,research,Quarantined,,B22-SPL-RES-015,,,No,Yes,Quarantined research record; hidden from default loot results.,,,,,,,,,,,,,,,,,,,Open-world indoor dungeon,,,,,,,,,,,,,,,,,,,,,,,,,,,,,,,,,Open World,Open World,,,,,,,,,,,,,,,,,,,,,,,,,,,,,,,,,,,,,,,,,,,,,,,,,,,,,,,,,,,,,,,,,,,,No,,,,,,,,,,,,,,,,,,,,Available,Major officially confirmed EQL revamp,,,,Confirmed,Unconfirmed,,,,,,B22-SPL,
81,B22-SPL-RES-016,22,Antonica,Splitpaw Lair,Bronze Bastard Sword current source,,,,,,,,,,,,,,,,,,,,,,,,,,,,,,,,,,,,,,,,,,,,,,Zone-specific,Supplemental,Low,https://www.everquestlegends.com/patch-notes/eql-update-notes-7-14-2026,https://eqlwiki.com/Splitpaw_Lair,Verify whether Kurrpok currently drops this item.,Yes,1,,,,,,,Unresolved; direct-build or stronger current evidence required,Quarantine,,,,,,,,,,https://eqlwiki.com/Splitpaw_Lair,https://www.everquestlegends.com/patch-notes/eql-update-notes-7-14-2026,2026-07-28,,,,Yes,Partial / conflicting,Unverified lead,No,D,Meaningful post-revamp or historical lead without enough evidence for active promotion.,Source conflict,,,,Official EQL / unverified current Wiki / historical baseline,,EQL-LOOT-1.0,research,Quarantined,,B22-SPL-RES-016,,,No,Yes,Quarantined research record; hidden from default loot results.,,,,,,,,,,,,,,,,,,,Open-world indoor dungeon,,,,,,,,,,,,,,,,,,,,,,,,,,,,,,,,,Open World,Open World,,,,,,,,,,,,,,,,,,,,,,,,,,,,,,,,,,,,,,,,,,,,,,,,,,,,,,,,,,,,,,,,,,,,No,,,,,,,,,,,,,,,,,,,,Available,Major officially confirmed EQL revamp,,,,Confirmed,Unconfirmed,,,,,,B22-SPL,
82,B22-SPL-RES-017,22,Antonica,Splitpaw Lair,Zixx Nenix restoration,,,,,,,,,,,,,,,,,,,,,,,,,,,,,,,,,,,,,,,,,,,,,,Zone-specific,Supplemental,Low,https://www.everquestlegends.com/patch-notes/eql-update-notes-7-14-2026,https://eqlwiki.com/Splitpaw_Lair,Determine whether the pre-revamp Kurrpok-triggered NPC exists in current EQL.,Yes,1,,,,,,,Unresolved; direct-build or stronger current evidence required,Quarantine,,,,,,,,,,https://eqlwiki.com/Splitpaw_Lair,https://www.everquestlegends.com/patch-notes/eql-update-notes-7-14-2026,2026-07-28,,,,Yes,Partial / conflicting,Unverified lead,No,D,Meaningful post-revamp or historical lead without enough evidence for active promotion.,Historical restoration,,,,Official EQL / unverified current Wiki / historical baseline,,EQL-LOOT-1.0,research,Quarantined,,B22-SPL-RES-017,,,No,Yes,Quarantined research record; hidden from default loot results.,,,,,,,,,,,,,,,,,,,Open-world indoor dungeon,,,,,,,,,,,,,,,,,,,,,,,,,,,,,,,,,Open World,Open World,,,,,,,,,,,,,,,,,,,,,,,,,,,,,,,,,,,,,,,,,,,,,,,,,,,,,,,,,,,,,,,,,,,,No,,,,,,,,,,,,,,,,,,,,Available,Major officially confirmed EQL revamp,,,,Confirmed,Unconfirmed,,,,,,B22-SPL,
83,B22-SPL-RES-018,22,Antonica,Splitpaw Lair,Brother Gruff implementation,,,,,,,,,,,,,,,,,,,,,,,,,,,,,,,,,,,,,,,,,,,,,,Zone-specific,Supplemental,Low,https://www.everquestlegends.com/patch-notes/eql-update-notes-7-14-2026,https://eqlwiki.com/Splitpaw_Lair,"Verify current existence, level, role, disposition, and loot.",Yes,1,,,,,,,Unresolved; direct-build or stronger current evidence required,Quarantine,,,,,,,,,,https://eqlwiki.com/Splitpaw_Lair,https://www.everquestlegends.com/patch-notes/eql-update-notes-7-14-2026,2026-07-28,,,,Yes,Partial / conflicting,Unverified lead,No,D,Meaningful post-revamp or historical lead without enough evidence for active promotion.,Legacy-content conflict,,,,Official EQL / unverified current Wiki / historical baseline,,EQL-LOOT-1.0,research,Quarantined,,B22-SPL-RES-018,,,No,Yes,Quarantined research record; hidden from default loot results.,,,,,,,,,,,,,,,,,,,Open-world indoor dungeon,,,,,,,,,,,,,,,,,,,,,,,,,,,,,,,,,Open World,Open World,,,,,,,,,,,,,,,,,,,,,,,,,,,,,,,,,,,,,,,,,,,,,,,,,,,,,,,,,,,,,,,,,,,,No,,,,,,,,,,,,,,,,,,,,Available,Major officially confirmed EQL revamp,,,,Confirmed,Unconfirmed,,,,,,B22-SPL,
84,B22-SPL-RES-019,22,Antonica,Splitpaw Lair,Hiding gnoll behavior,,,,,,,,,,,,,,,,,,,,,,,,,,,,,,,,,,,,,,,,,,,,,,Zone-specific,Supplemental,Low,https://www.everquestlegends.com/patch-notes/eql-update-notes-7-14-2026,https://eqlwiki.com/Splitpaw_Lair,"Verify current disposition, faction, and combat role.",Yes,1,,,,,,,Unresolved; direct-build or stronger current evidence required,Quarantine,,,,,,,,,,https://eqlwiki.com/Splitpaw_Lair,https://www.everquestlegends.com/patch-notes/eql-update-notes-7-14-2026,2026-07-28,,,,Yes,Partial / conflicting,Unverified lead,No,D,Meaningful post-revamp or historical lead without enough evidence for active promotion.,Behavior unresolved,,,,Official EQL / unverified current Wiki / historical baseline,,EQL-LOOT-1.0,research,Quarantined,,B22-SPL-RES-019,,,No,Yes,Quarantined research record; hidden from default loot results.,,,,,,,,,,,,,,,,,,,Open-world indoor dungeon,,,,,,,,,,,,,,,,,,,,,,,,,,,,,,,,,Open World,Open World,,,,,,,,,,,,,,,,,,,,,,,,,,,,,,,,,,,,,,,,,,,,,,,,,,,,,,,,,,,,,,,,,,,,No,,,,,,,,,,,,,,,,,,,,Available,Major officially confirmed EQL revamp,,,,Confirmed,Unconfirmed,,,,,,B22-SPL,
85,B22-SPL-RES-020,22,Antonica,Splitpaw Lair,Air elemental erroneous listing,,,,,,,,,,,,,,,,,,,,,,,,,,,,,,,,,,,,,,,,,,,,,,Zone-specific,Supplemental,Low,https://www.everquestlegends.com/patch-notes/eql-update-notes-7-14-2026,https://eqlwiki.com/Splitpaw_Lair,Determine whether the low-level air-elemental record is a cross-zone indexing error.,Yes,1,,,,,,,Unresolved; direct-build or stronger current evidence required,Quarantine,,,,,,,,,,https://eqlwiki.com/Splitpaw_Lair,https://www.everquestlegends.com/patch-notes/eql-update-notes-7-14-2026,2026-07-28,,,,Yes,Partial / conflicting,Unverified lead,No,D,Meaningful post-revamp or historical lead without enough evidence for active promotion.,Data-quality conflict,,,,Official EQL / unverified current Wiki / historical baseline,,EQL-LOOT-1.0,research,Quarantined,,B22-SPL-RES-020,,,No,Yes,Quarantined research record; hidden from default loot results.,,,,,,,,,,,,,,,,,,,Open-world indoor dungeon,,,,,,,,,,,,,,,,,,,,,,,,,,,,,,,,,Open World,Open World,,,,,,,,,,,,,,,,,,,,,,,,,,,,,,,,,,,,,,,,,,,,,,,,,,,,,,,,,,,,,,,,,,,,No,,,,,,,,,,,,,,,,,,,,Available,Major officially confirmed EQL revamp,,,,Confirmed,Unconfirmed,,,,,,B22-SPL,
86,B22-SPL-RES-021,22,Antonica,Splitpaw Lair,Ishva exact placeholder cycle,,,,,,,,,,,,,,,,,,,,,,,,,,,,,,,,,,,,,,,,,,,,,,Zone-specific,Supplemental,Low,https://www.everquestlegends.com/patch-notes/eql-update-notes-7-14-2026,https://eqlwiki.com/Splitpaw_Lair,"Verify exact placeholder identity, probability, pathing, and 28-minute timer.",Yes,1,,,,,,,Unresolved; direct-build or stronger current evidence required,Quarantine,,,,,,,,,,https://eqlwiki.com/Splitpaw_Lair,https://www.everquestlegends.com/patch-notes/eql-update-notes-7-14-2026,2026-07-28,,,,Yes,Partial / conflicting,Unverified lead,No,D,Meaningful post-revamp or historical lead without enough evidence for active promotion.,Spawn conflict,,,,Official EQL / unverified current Wiki / historical baseline,,EQL-LOOT-1.0,research,Quarantined,,B22-SPL-RES-021,,,No,Yes,Quarantined research record; hidden from default loot results.,,,,,,,,,,,,,,,,,,,Open-world indoor dungeon,,,,,,,,,,,,,,,,,,,,,,,,,,,,,,,,,Open World,Open World,,,,,,,,,,,,,,,,,,,,,,,,,,,,,,,,,,,,,,,,,,,,,,,,,,,,,,,,,,,,,,,,,,,,No,,,,,,,,,,,,,,,,,,,,Available,Major officially confirmed EQL revamp,,,,Confirmed,Unconfirmed,,,,,,B22-SPL,
87,B22-SPL-RES-022,22,Antonica,Splitpaw Lair,Deval`Nmak exact current timer,,,,,,,,,,,,,,,,,,,,,,,,,,,,,,,,,,,,,,,,,,,,,,Zone-specific,Supplemental,Low,https://www.everquestlegends.com/patch-notes/eql-update-notes-7-14-2026,https://eqlwiki.com/Splitpaw_Lair,Verify whether the historical 20-minute cycle remains current.,Yes,1,,,,,,,Unresolved; direct-build or stronger current evidence required,Quarantine,,,,,,,,,,https://eqlwiki.com/Splitpaw_Lair,https://www.everquestlegends.com/patch-notes/eql-update-notes-7-14-2026,2026-07-28,,,,Yes,Partial / conflicting,Unverified lead,No,D,Meaningful post-revamp or historical lead without enough evidence for active promotion.,Timer unresolved,,,,Official EQL / unverified current Wiki / historical baseline,,EQL-LOOT-1.0,research,Quarantined,,B22-SPL-RES-022,,,No,Yes,Quarantined research record; hidden from default loot results.,,,,,,,,,,,,,,,,,,,Open-world indoor dungeon,,,,,,,,,,,,,,,,,,,,,,,,,,,,,,,,,Open World,Open World,,,,,,,,,,,,,,,,,,,,,,,,,,,,,,,,,,,,,,,,,,,,,,,,,,,,,,,,,,,,,,,,,,,,No,,,,,,,,,,,,,,,,,,,,Available,Major officially confirmed EQL revamp,,,,Confirmed,Unconfirmed,,,,,,B22-SPL,
88,B22-SPL-RES-023,22,Antonica,Splitpaw Lair,Full Split Paw Hide piece census,,,,,,,,,,,,,,,,,,,,,,,,,,,,,,,,,,,,,,,,,,,,,,Zone-specific,Supplemental,Low,https://www.everquestlegends.com/patch-notes/eql-update-notes-7-14-2026,https://eqlwiki.com/Splitpaw_Lair,"Identify every current piece, complete fields, and source scopes.",Yes,1,,,,,,,Unresolved; direct-build or stronger current evidence required,Quarantine,,,,,,,,,,https://eqlwiki.com/Splitpaw_Lair,https://www.everquestlegends.com/patch-notes/eql-update-notes-7-14-2026,2026-07-28,,,,Yes,Partial / conflicting,Unverified lead,No,D,Meaningful post-revamp or historical lead without enough evidence for active promotion.,Incomplete item census,,,,Official EQL / unverified current Wiki / historical baseline,,EQL-LOOT-1.0,research,Quarantined,,B22-SPL-RES-023,,,No,Yes,Quarantined research record; hidden from default loot results.,,,,,,,,,,,,,,,,,,,Open-world indoor dungeon,,,,,,,,,,,,,,,,,,,,,,,,,,,,,,,,,Open World,Open World,,,,,,,,,,,,,,,,,,,,,,,,,,,,,,,,,,,,,,,,,,,,,,,,,,,,,,,,,,,,,,,,,,,,No,,,,,,,,,,,,,,,,,,,,Available,Major officially confirmed EQL revamp,,,,Confirmed,Unconfirmed,,,,,,B22-SPL,
89,B22-SPL-RES-024,22,Antonica,Splitpaw Lair,Split Paw Hide Belt complete fields,,,,,,,,,,,,,,,,,,,,,,,,,,,,,,,,,,,,,,,,,,,,,,Zone-specific,Supplemental,Low,https://www.everquestlegends.com/patch-notes/eql-update-notes-7-14-2026,https://eqlwiki.com/Splitpaw_Lair,"Complete current item flags, restrictions, stats, weight, size, and exact judge source.",Yes,1,,,,,,,Unresolved; direct-build or stronger current evidence required,Quarantine,,,,,,,,,,https://eqlwiki.com/Splitpaw_Lair,https://www.everquestlegends.com/patch-notes/eql-update-notes-7-14-2026,2026-07-28,,,,Yes,Partial / conflicting,Unverified lead,No,D,Meaningful post-revamp or historical lead without enough evidence for active promotion.,Incomplete item data,,,,Official EQL / unverified current Wiki / historical baseline,,EQL-LOOT-1.0,research,Quarantined,,B22-SPL-RES-024,,,No,Yes,Quarantined research record; hidden from default loot results.,,,,,,,,,,,,,,,,,,,Open-world indoor dungeon,,,,,,,,,,,,,,,,,,,,,,,,,,,,,,,,,Open World,Open World,,,,,,,,,,,,,,,,,,,,,,,,,,,,,,,,,,,,,,,,,,,,,,,,,,,,,,,,,,,,,,,,,,,,No,,,,,,,,,,,,,,,,,,,,Available,Major officially confirmed EQL revamp,,,,Confirmed,Unconfirmed,,,,,,B22-SPL,
90,B22-SPL-RES-025,22,Antonica,Splitpaw Lair,Tanned Split Paw Skin lore Volume 1 source,,,,,,,,,,,,,,,,,,,,,,,,,,,,,,,,,,,,,,,,,,,,,,Zone-specific,Supplemental,Low,https://www.everquestlegends.com/patch-notes/eql-update-notes-7-14-2026,https://eqlwiki.com/Splitpaw_Lair,Confirm exact current source rather than possibly Ishva Lteth.,Yes,1,,,,,,,Unresolved; direct-build or stronger current evidence required,Quarantine,,,,,,,,,,https://eqlwiki.com/Splitpaw_Lair,https://www.everquestlegends.com/patch-notes/eql-update-notes-7-14-2026,2026-07-28,,,,Yes,Partial / conflicting,Unverified lead,No,D,Meaningful post-revamp or historical lead without enough evidence for active promotion.,Source conflict,,,,Official EQL / unverified current Wiki / historical baseline,,EQL-LOOT-1.0,research,Quarantined,,B22-SPL-RES-025,,,No,Yes,Quarantined research record; hidden from default loot results.,,,,,,,,,,,,,,,,,,,Open-world indoor dungeon,,,,,,,,,,,,,,,,,,,,,,,,,,,,,,,,,Open World,Open World,,,,,,,,,,,,,,,,,,,,,,,,,,,,,,,,,,,,,,,,,,,,,,,,,,,,,,,,,,,,,,,,,,,,No,,,,,,,,,,,,,,,,,,,,Available,Major officially confirmed EQL revamp,,,,Confirmed,Unconfirmed,,,,,,B22-SPL,
91,B22-SPL-RES-026,22,Antonica,Splitpaw Lair,Tanned Split Paw Skin lore Volumes 2-4 sources,,,,,,,,,,,,,,,,,,,,,,,,,,,,,,,,,,,,,,,,,,,,,,Zone-specific,Supplemental,Low,https://www.everquestlegends.com/patch-notes/eql-update-notes-7-14-2026,https://eqlwiki.com/Splitpaw_Lair,Map each lore volume to exact current sources.,Yes,1,,,,,,,Unresolved; direct-build or stronger current evidence required,Quarantine,,,,,,,,,,https://eqlwiki.com/Splitpaw_Lair,https://www.everquestlegends.com/patch-notes/eql-update-notes-7-14-2026,2026-07-28,,,,Yes,Partial / conflicting,Unverified lead,No,D,Meaningful post-revamp or historical lead without enough evidence for active promotion.,Incomplete source census,,,,Official EQL / unverified current Wiki / historical baseline,,EQL-LOOT-1.0,research,Quarantined,,B22-SPL-RES-026,,,No,Yes,Quarantined research record; hidden from default loot results.,,,,,,,,,,,,,,,,,,,Open-world indoor dungeon,,,,,,,,,,,,,,,,,,,,,,,,,,,,,,,,,Open World,Open World,,,,,,,,,,,,,,,,,,,,,,,,,,,,,,,,,,,,,,,,,,,,,,,,,,,,,,,,,,,,,,,,,,,,No,,,,,,,,,,,,,,,,,,,,Available,Major officially confirmed EQL revamp,,,,Confirmed,Unconfirmed,,,,,,B22-SPL,
92,B22-SPL-RES-027,22,Antonica,Splitpaw Lair,Full ordinary-gnoll faction audit,,,,,,,,,,,,,,,,,,,,,,,,,,,,,,,,,,,,,,,,,,,,,,Zone-specific,Supplemental,Low,https://www.everquestlegends.com/patch-notes/eql-update-notes-7-14-2026,https://eqlwiki.com/Splitpaw_Lair,Verify which ranked gnolls use the standard Splitpaw/Qeynos/Karana faction pattern.,Yes,1,,,,,,,Unresolved; direct-build or stronger current evidence required,Quarantine,,,,,,,,,,https://eqlwiki.com/Splitpaw_Lair,https://www.everquestlegends.com/patch-notes/eql-update-notes-7-14-2026,2026-07-28,,,,Yes,Partial / conflicting,Unverified lead,No,D,Meaningful post-revamp or historical lead without enough evidence for active promotion.,Faction unresolved,,,,Official EQL / unverified current Wiki / historical baseline,,EQL-LOOT-1.0,research,Quarantined,,B22-SPL-RES-027,,,No,Yes,Quarantined research record; hidden from default loot results.,,,,,,,,,,,,,,,,,,,Open-world indoor dungeon,,,,,,,,,,,,,,,,,,,,,,,,,,,,,,,,,Open World,Open World,,,,,,,,,,,,,,,,,,,,,,,,,,,,,,,,,,,,,,,,,,,,,,,,,,,,,,,,,,,,,,,,,,,,No,,,,,,,,,,,,,,,,,,,,Available,Major officially confirmed EQL revamp,,,,Confirmed,Unconfirmed,,,,,,B22-SPL,
93,B22-SPL-RES-028,22,Antonica,Splitpaw Lair,Exact combat abilities by caste,,,,,,,,,,,,,,,,,,,,,,,,,,,,,,,,,,,,,,,,,,,,,,Zone-specific,Supplemental,Low,https://www.everquestlegends.com/patch-notes/eql-update-notes-7-14-2026,https://eqlwiki.com/Splitpaw_Lair,"Map Backstab, Bash, Frenzy, Cleave, monk kicks, and other restored secondary skills.",Yes,1,,,,,,,Unresolved; direct-build or stronger current evidence required,Quarantine,,,,,,,,,,https://eqlwiki.com/Splitpaw_Lair,https://www.everquestlegends.com/patch-notes/eql-update-notes-7-14-2026,2026-07-28,,,,Yes,Partial / conflicting,Unverified lead,No,D,Meaningful post-revamp or historical lead without enough evidence for active promotion.,Combat mechanics,,,,Official EQL / unverified current Wiki / historical baseline,,EQL-LOOT-1.0,research,Quarantined,,B22-SPL-RES-028,,,No,Yes,Quarantined research record; hidden from default loot results.,,,,,,,,,,,,,,,,,,,Open-world indoor dungeon,,,,,,,,,,,,,,,,,,,,,,,,,,,,,,,,,Open World,Open World,,,,,,,,,,,,,,,,,,,,,,,,,,,,,,,,,,,,,,,,,,,,,,,,,,,,,,,,,,,,,,,,,,,,No,,,,,,,,,,,,,,,,,,,,Available,Major officially confirmed EQL revamp,,,,Confirmed,Unconfirmed,,,,,,B22-SPL,
94,B22-SPL-RES-029,22,Antonica,Splitpaw Lair,Current Complete Heal usage,,,,,,,,,,,,,,,,,,,,,,,,,,,,,,,,,,,,,,,,,,,,,,Zone-specific,Supplemental,Low,https://www.everquestlegends.com/patch-notes/eql-update-notes-7-14-2026,https://eqlwiki.com/Splitpaw_Lair,Identify which healer gnolls cast Complete Heal in current EQL.,Yes,1,,,,,,,Unresolved; direct-build or stronger current evidence required,Quarantine,,,,,,,,,,https://eqlwiki.com/Splitpaw_Lair,https://www.everquestlegends.com/patch-notes/eql-update-notes-7-14-2026,2026-07-28,,,,Yes,Partial / conflicting,Unverified lead,No,D,Meaningful post-revamp or historical lead without enough evidence for active promotion.,Combat mechanics,,,,Official EQL / unverified current Wiki / historical baseline,,EQL-LOOT-1.0,research,Quarantined,,B22-SPL-RES-029,,,No,Yes,Quarantined research record; hidden from default loot results.,,,,,,,,,,,,,,,,,,,Open-world indoor dungeon,,,,,,,,,,,,,,,,,,,,,,,,,,,,,,,,,Open World,Open World,,,,,,,,,,,,,,,,,,,,,,,,,,,,,,,,,,,,,,,,,,,,,,,,,,,,,,,,,,,,,,,,,,,,No,,,,,,,,,,,,,,,,,,,,Available,Major officially confirmed EQL revamp,,,,Confirmed,Unconfirmed,,,,,,B22-SPL,
95,B22-SPL-RES-030,22,Antonica,Splitpaw Lair,Current pet and rain-spell usage,,,,,,,,,,,,,,,,,,,,,,,,,,,,,,,,,,,,,,,,,,,,,,Zone-specific,Supplemental,Low,https://www.everquestlegends.com/patch-notes/eql-update-notes-7-14-2026,https://eqlwiki.com/Splitpaw_Lair,Identify which caster gnolls summon pets or use rain spells after the revamp.,Yes,1,,,,,,,Unresolved; direct-build or stronger current evidence required,Quarantine,,,,,,,,,,https://eqlwiki.com/Splitpaw_Lair,https://www.everquestlegends.com/patch-notes/eql-update-notes-7-14-2026,2026-07-28,,,,Yes,Partial / conflicting,Unverified lead,No,D,Meaningful post-revamp or historical lead without enough evidence for active promotion.,Combat mechanics,,,,Official EQL / unverified current Wiki / historical baseline,,EQL-LOOT-1.0,research,Quarantined,,B22-SPL-RES-030,,,No,Yes,Quarantined research record; hidden from default loot results.,,,,,,,,,,,,,,,,,,,Open-world indoor dungeon,,,,,,,,,,,,,,,,,,,,,,,,,,,,,,,,,Open World,Open World,,,,,,,,,,,,,,,,,,,,,,,,,,,,,,,,,,,,,,,,,,,,,,,,,,,,,,,,,,,,,,,,,,,,No,,,,,,,,,,,,,,,,,,,,Available,Major officially confirmed EQL revamp,,,,Confirmed,Unconfirmed,,,,,,B22-SPL,
96,B22-SPL-RES-031,22,Antonica,Splitpaw Lair,Physical-layout changes from historical map,,,,,,,,,,,,,,,,,,,,,,,,,,,,,,,,,,,,,,,,,,,,,,Zone-specific,Supplemental,Low,https://www.everquestlegends.com/patch-notes/eql-update-notes-7-14-2026,https://eqlwiki.com/Splitpaw_Lair,"Verify whether the July revamp altered geometry, doors, routes, or only populations.",Yes,1,,,,,,,Unresolved; direct-build or stronger current evidence required,Quarantine,,,,,,,,,,https://eqlwiki.com/Splitpaw_Lair,https://www.everquestlegends.com/patch-notes/eql-update-notes-7-14-2026,2026-07-28,,,,Yes,Partial / conflicting,Unverified lead,No,D,Meaningful post-revamp or historical lead without enough evidence for active promotion.,Layout unresolved,,,,Official EQL / unverified current Wiki / historical baseline,,EQL-LOOT-1.0,research,Quarantined,,B22-SPL-RES-031,,,No,Yes,Quarantined research record; hidden from default loot results.,,,,,,,,,,,,,,,,,,,Open-world indoor dungeon,,,,,,,,,,,,,,,,,,,,,,,,,,,,,,,,,Open World,Open World,,,,,,,,,,,,,,,,,,,,,,,,,,,,,,,,,,,,,,,,,,,,,,,,,,,,,,,,,,,,,,,,,,,,No,,,,,,,,,,,,,,,,,,,,Available,Major officially confirmed EQL revamp,,,,Confirmed,Unconfirmed,,,,,,B22-SPL,
