index,record_id,batch,continent,zone,item_name,item_category,slot,equippable,inventory_only,magic,lore,no_drop,quest_item,weight,size,classes_classic,races_classic,stats_raw,damage,delay,weapon_skill,proc_click_focus,source_npc,source_npc_level,source_npc_class,source_npc_race_type,placeholder,placeholder_level_range,nearby_enemy_level_range,spawn_type,spawn_location,respawn_timer,time_condition,special_abilities,social_or_add_risk,faction_consequences,drop_frequency,drop_rate_reported,drop_notes,era_status,tlp_status,legends_status,best_for_classes,best_for_archetypes,general_value_notes,personal_build_notes,effect_transfer_value,target_priority_general,duplicate_item_group,inclusion_reason,source_scope,core_or_supplemental,data_confidence,source_primary,source_secondary,research_notes,approved,revision,stats_classic,stats_eql,classes_eql,races_eql,source_npc_level_classic,source_npc_level_eql,eql_verification_status,eql_audit_action,eql_npc_confirmed,eql_item_confirmed,eql_drop_source_confirmed,eql_stats_match,eql_classes_match,eql_races_match,eql_effect_match,eql_spawn_match,eql_era_status,eql_wiki_source,eql_official_source,eql_last_checked,eql_changes_summary,eql_verification_notes,official_override_status,official_source_checked,eql_wiki_listing_status,eql_wiki_verification_state,current_build_confirmed,evidence_grade,evidence_strength,conflict_status,classic_original_launch,classic_historical_era,last_directly_observed,primary_evidence_layer,per_field_provenance_notes,schema_version,record_type,record_status,source_record_id,canonical_record_id,parent_record_id,related_record_ids,display_default,searchable,record_notes,faction_risk_level,faction_hits_known,faction_gains_known,city_access_risk,merchant_access_risk,quest_access_risk,initial_disposition,protected_npc_type,faction_behavior_notes,creature_family,creature_subfamily,normalized_source_name,source_name_aliases,shared_loot_family,family_faction,family_hostility,family_zone_scope,source_variant_notes,zone_type,zone_subarea,zone_wing,zone_floor,camp_or_room,location_coordinates,location_description,navigation_notes,escape_or_exit_risk,environmental_hazards,encounter_name,encounter_type,encounter_tier,encounter_group_size,encounter_raid_size,encounter_difficulty,encounter_trigger,encounter_scripted,encounter_phases,encounter_adds,encounter_failure_condition,encounter_reset_behavior,encounter_notes,placeholder_npc,placeholder_cycle,spawn_probability,spawn_count,spawn_window,respawn_variance,despawn_condition,spawn_dependencies,spawn_guaranteed,spawn_mechanics_notes,instance_status,instance_type,instance_name,instance_entry_method,instance_reuse_timer,loot_lockout_type,loot_lockout_duration,lockout_scope,lockout_applies_per_npc,lockout_applies_per_instance,lockout_bypass_conditions,instance_notes,loot_delivery_method,loot_container_name,loot_table_name,loot_table_tier,loot_pool_type,loot_roll_type,loot_quantity_min,loot_quantity_max,loot_slots_reported,loot_selection_behavior,shared_loot_notes,currency_drop,loot_delivery_notes,drop_rate_type,drop_rate_numerator,drop_rate_denominator,drop_rate_sample_size,drop_rate_pool_probability,drop_rate_item_probability,drop_rate_source,drop_rate_confidence,drop_rate_conditions,access_requirement,access_key_item,access_key_consumed,access_quest,minimum_recommended_level,minimum_group_size,minimum_raid_size,class_role_requirements,door_or_lock_requirement,levitation_required,underwater_required,resist_requirements,corpse_recovery_difficulty,bind_or_reentry_notes,access_notes,encounter_hp,encounter_ac,damage_per_hit_min,damage_per_hit_max,attacks_per_round,aoe_effects,single_target_effects,debuffs,summons_players,enrages,rampage,flurry,banishes,mem_blur,charm,fear,death_touch,resist_profile,immunity_profile,combat_mechanics_notes,raid_target,raid_classification,raid_progression_role,raid_prerequisite,contested_status,racing_or_engagement_rules,racing_line,open_world_competition,recommended_composition,raid_notes,quest_name,quest_step,quest_role,epic_class,progression_category,required_for_access,required_for_spawn,required_for_turn_in,reward_type,quest_dependency_notes,content_availability,availability_context,availability_start,availability_end,availability_condition,beta_availability_status,launch_availability_status,instance_availability_status,compatibility_action,compatibility_reason,custom_tags,alternate_names,content_group_id,data_extension_json
1,B25-SOLA-001,25,Antonica,Solusek's Eye,Charred Boots,Armor,FEET,Yes,No,Yes,,,,5.5,MEDIUM,WAR CLR PAL SHD BRD,ALL except IKS,AC 6; AGI +3; SV FIRE +5; SV POISON +5,,,,,an inferno goblin captain,29,Warrior,Goblin,,,,,Inferno Goblin Captain room,18:00 zone-level listing,,,,,,,,Classic,,Current EQL Wiki-listed,,,,,,,,"Notable exact-source Sol A equipment, utility, container, or narrow-family relationship.",Zone-specific,Core,High,https://eqlwiki.com/Solusek%27s_Eye,https://wiki.project1999.com/Solusek%27s_Eye,,Yes,1,AC 6; AGI +3; SV FIRE +5; SV POISON +5,AC 6; AGI +3; SV FIRE +5; SV POISON +5,WAR CLR PAL SHD BRD,ALL except IKS,29,29,Current EQL Wiki-listed; direct-build confirmation incomplete,Add,Wiki,Wiki,Wiki,No identified change,No identified change,No identified change,No identified change,Current page-listed / unresolved special cycle,Classic,https://eqlwiki.com/Solusek%27s_Eye,,2026-07-28,,,,Yes,Listed,Current Wiki evidence,No,B,Current EQL Sol A item/NPC evidence with classic historical comparison.,None identified,Yes,Classic,,Current EQL Wiki,Current fields from EQL Wiki; classic fields from Project 1999/classic baseline; Sol B sources excluded.,EQL-LOOT-1.0,loot,Active,,B25-SOLA-001,,,Yes,Yes,,,Goblins of Fire Peak -30,,,,,Hostile,,,Goblin,,an inferno goblin captain,,,Goblins of Fire Peak,Hostile,Solusek's Eye / Sol A,,Open-world indoor dungeon,Goblin halls,,,Inferno Goblin Captain room,,,,,,an inferno goblin captain,Named / notable source,,,,,,,,,,,,,,,,,,,,,,Open World,Open World,,,,,,,,,,,NPC Corpse,,,,,,,,,,,,,,,,,,,,,,,,,,,,,,,,,,,,,,,,,,,,,,,,,,,,,,,,,No,,,,,,,,,,,,,,,,,,,,Available,Current EQL Solusek's Eye / Sol A; Nagafen's Lair sources excluded,,,,Confirmed,Unconfirmed,,,,,,B25-SOLA,
2,B25-SOLA-002,25,Antonica,Solusek's Eye,Charred Gauntlets,Armor,HANDS,Yes,No,Yes,Yes,,,4.5,SMALL,WAR CLR PAL SHD BRD,ALL except IKS,AC 7; DEX +3; INT +5,,,,,an inferno goblin captain,29,Warrior,Goblin,,,,,Inferno Goblin Captain room,18:00 zone-level listing,,,,,,,,Classic,,Current EQL Wiki-listed,,,,,,,,"Notable exact-source Sol A equipment, utility, container, or narrow-family relationship.",Zone-specific,Core,High,https://eqlwiki.com/Solusek%27s_Eye,https://wiki.project1999.com/Solusek%27s_Eye,,Yes,1,AC 7; DEX +3; INT +5,AC 7; DEX +3; INT +5,WAR CLR PAL SHD BRD,ALL except IKS,29,29,Current EQL Wiki-listed; direct-build confirmation incomplete,Add,Wiki,Wiki,Wiki,No identified change,No identified change,No identified change,No identified change,Current page-listed / unresolved special cycle,Classic,https://eqlwiki.com/Solusek%27s_Eye,,2026-07-28,,,,Yes,Listed,Current Wiki evidence,No,B,Current EQL Sol A item/NPC evidence with classic historical comparison.,None identified,Yes,Classic,,Current EQL Wiki,Current fields from EQL Wiki; classic fields from Project 1999/classic baseline; Sol B sources excluded.,EQL-LOOT-1.0,loot,Active,,B25-SOLA-002,,,Yes,Yes,,,Goblins of Fire Peak -30,,,,,Hostile,,,Goblin,,an inferno goblin captain,,,Goblins of Fire Peak,Hostile,Solusek's Eye / Sol A,,Open-world indoor dungeon,Goblin halls,,,Inferno Goblin Captain room,,,,,,an inferno goblin captain,Named / notable source,,,,,,,,,,,,,,,,,,,,,,Open World,Open World,,,,,,,,,,,NPC Corpse,,,,,,,,,,,,,,,,,,,,,,,,,,,,,,,,,,,,,,,,,,,,,,,,,,,,,,,,,No,,,,,,,,,,,,,,,,,,,,Available,Current EQL Solusek's Eye / Sol A; Nagafen's Lair sources excluded,,,,Confirmed,Unconfirmed,,,,,,B25-SOLA,
3,B25-SOLA-003,25,Antonica,Solusek's Eye,Obsidian Ring,Jewelry,FINGER,Yes,No,Yes,,,,0.1,TINY,ALL,ALL,AC 3; DEX +3; HP +10,,,,,Kindle,26,Rogue,Fire Imp,,,,,Kindle room,18:00 zone-level listing,,,,,,,,Classic,,Current EQL Wiki-listed,,,,,,,,"Notable exact-source Sol A equipment, utility, container, or narrow-family relationship.",Zone-specific,Core,High,https://eqlwiki.com/Solusek%27s_Eye,https://wiki.project1999.com/Solusek%27s_Eye,,Yes,1,AC 3; DEX +3; HP +10,AC 3; DEX +3; HP +10,ALL,ALL,26,26,Current EQL Wiki-listed; direct-build confirmation incomplete,Add,Wiki,Wiki,Wiki,No identified change,No identified change,No identified change,No identified change,Current page-listed / unresolved special cycle,Classic,https://eqlwiki.com/Solusek%27s_Eye,,2026-07-28,,,,Yes,Listed,Current Wiki evidence,No,B,Current EQL Sol A item/NPC evidence with classic historical comparison.,None identified,Yes,Classic,,Current EQL Wiki,Current fields from EQL Wiki; classic fields from Project 1999/classic baseline; Sol B sources excluded.,EQL-LOOT-1.0,loot,Active,,B25-SOLA-003,,,Yes,Yes,,,,,,,,Hostile,,,Fire Imp,,Kindle,,,,Hostile,Solusek's Eye / Sol A,,Open-world indoor dungeon,Kindle branch,,,Kindle room,,,,,,Kindle,Named / notable source,,,,,,,,,,,,,,,,,,,,,,Open World,Open World,,,,,,,,,,,NPC Corpse,,,,,,,,,,,,,,,,,,,,,,,,,,,,,,,,,,,,,,,,,,,,,,,,,,,,,,,,,No,,,,,,,,,,,,,,,,,,,,Available,Current EQL Solusek's Eye / Sol A; Nagafen's Lair sources excluded,,,,Confirmed,Unconfirmed,,,,,,B25-SOLA,
4,B25-SOLA-004,25,Antonica,Solusek's Eye,Impskin Gloves,Armor,HANDS,Yes,No,Yes,,,,1.5,SMALL,ALL,ALL,AC 2; INT +5; MANA +10,,,,Focus: Affliction Efficiency I,Kindle,26,Rogue,Fire Imp,,,,,Kindle room,18:00 zone-level listing,,,,,,,,Classic,,Current EQL Wiki-listed,,,,,,,,"Notable exact-source Sol A equipment, utility, container, or narrow-family relationship.",Zone-specific,Core,High,https://eqlwiki.com/Solusek%27s_Eye,https://wiki.project1999.com/Solusek%27s_Eye,,Yes,1,AC 2; INT +5; MANA +10,AC 2; INT +5; MANA +10,ALL,ALL,26,26,Current EQL Wiki-listed; direct-build confirmation incomplete,Add,Wiki,Wiki,Wiki,Changed or newly surfaced,No identified change,No identified change,Changed,Current page-listed / unresolved special cycle,Classic-retained with EQL changes,https://eqlwiki.com/Solusek%27s_Eye,,2026-07-28,EQL focus addition: Affliction Efficiency I.,,,Yes,Listed,Current Wiki evidence,No,B,Current EQL Sol A item/NPC evidence with classic historical comparison.,None identified,Yes,Classic,,Current EQL Wiki,Current fields from EQL Wiki; classic fields from Project 1999/classic baseline; Sol B sources excluded.,EQL-LOOT-1.0,loot,Active,,B25-SOLA-004,,,Yes,Yes,,,,,,,,Hostile,,,Fire Imp,,Kindle,,,,Hostile,Solusek's Eye / Sol A,,Open-world indoor dungeon,Kindle branch,,,Kindle room,,,,,,Kindle,Named / notable source,,,,,,,,,,,,,,,,,,,,,,Open World,Open World,,,,,,,,,,,NPC Corpse,,,,,,,,,,,,,,,,,,,,,,,,,,,,,,,,,,,,,,,,,,,,,,,,,,,,,,,,,No,,,,,,,,,,,,,,,,,,,,Available,Current EQL Solusek's Eye / Sol A; Nagafen's Lair sources excluded,,,,Confirmed,Unconfirmed,,,,,,B25-SOLA,
5,B25-SOLA-005,25,Antonica,Solusek's Eye,Platinum Armband,Armor,ARMS,Yes,No,Yes,,,,0.3,SMALL,ALL,ALL,STR +3; WIS +3,,,,Focus: Mana Preservation I,a reckless efreeti,26,Warrior,Efreeti,Stationary Blazing Elemental,,,,Reckless Efreeti room,Approximately 70 minutes for stationary placeholder,,,,,,,,Classic,,Current EQL Wiki-listed,,,,,,,,"Notable exact-source Sol A equipment, utility, container, or narrow-family relationship.",Zone-specific,Core,High,https://eqlwiki.com/Solusek%27s_Eye,https://wiki.project1999.com/Solusek%27s_Eye,,Yes,1,STR +3; WIS +3,STR +3; WIS +3,ALL,ALL,26,26,Current EQL Wiki-listed; direct-build confirmation incomplete,Add,Wiki,Wiki,Wiki,Changed or newly surfaced,No identified change,No identified change,Changed,Current page-listed / unresolved special cycle,Classic-retained with EQL changes,https://eqlwiki.com/Solusek%27s_Eye,,2026-07-28,EQL focus addition: Mana Preservation I.,,,Yes,Listed,Current Wiki evidence,No,B,Current EQL Sol A item/NPC evidence with classic historical comparison.,None identified,Yes,Classic,,Current EQL Wiki,Current fields from EQL Wiki; classic fields from Project 1999/classic baseline; Sol B sources excluded.,EQL-LOOT-1.0,loot,Active,,B25-SOLA-005,,,Yes,Yes,,,,,,,,Hostile,,,Efreeti,,a reckless efreeti,,,,Hostile,Solusek's Eye / Sol A,,Open-world indoor dungeon,Elemental branch,,,Reckless Efreeti room,,,,,,a reckless efreeti,Named / notable source,,,,,,,,,,,Classic timer: Approximately 70 minutes for stationary placeholder.,Stationary Blazing Elemental,,,,,,,,,,Open World,Open World,,,,,,,,,,,NPC Corpse,,,,,,,,,,,,,,,,,,,,,,,,,,,,,,,,,,,,,,,,,,,,,,,,,,,,,,,,,No,,,,,,,,,,,,,,,,,,,,Available,Current EQL Solusek's Eye / Sol A; Nagafen's Lair sources excluded,,,,Confirmed,Unconfirmed,,,,,,B25-SOLA,
6,B25-SOLA-006,25,Antonica,Solusek's Eye,Obsidian Flamberge,Weapon,PRIMARY,Yes,No,Yes,Yes,Yes,,9.0,MEDIUM,WAR PAL SHD,ALL,,20,50,2H Slashing,Proc: Obsidian Shatter (level 17),a reckless efreeti,26,Warrior,Efreeti,Stationary Blazing Elemental,,,,Reckless Efreeti room,Approximately 70 minutes for stationary placeholder,,,,,,,,Classic,,Current EQL Wiki-listed,,,Weapon ratio 0.400,,,,,"Notable exact-source Sol A equipment, utility, container, or narrow-family relationship.",Zone-specific,Core,High,https://eqlwiki.com/Solusek%27s_Eye,https://wiki.project1999.com/Solusek%27s_Eye,,Yes,1,,,WAR PAL SHD,ALL,26,26,Current EQL Wiki-listed; direct-build confirmation incomplete,Add,Wiki,Wiki,Wiki,No identified change,No identified change,No identified change,No identified change,Current page-listed / unresolved special cycle,Classic,https://eqlwiki.com/Solusek%27s_Eye,,2026-07-28,,,,Yes,Listed,Current Wiki evidence,No,B,Current EQL Sol A item/NPC evidence with classic historical comparison.,None identified,Yes,Classic,,Current EQL Wiki,Current fields from EQL Wiki; classic fields from Project 1999/classic baseline; Sol B sources excluded.,EQL-LOOT-1.0,loot,Active,,B25-SOLA-006,,,Yes,Yes,,,,,,,,Hostile,,,Efreeti,,a reckless efreeti,,,,Hostile,Solusek's Eye / Sol A,,Open-world indoor dungeon,Elemental branch,,,Reckless Efreeti room,,,,,,a reckless efreeti,Named / notable source,,,,,,,,,,,Classic timer: Approximately 70 minutes for stationary placeholder.,Stationary Blazing Elemental,,,,,,,,,,Open World,Open World,,,,,,,,,,,NPC Corpse,,,,,,,,,,,,,,,,,,,,,,,,,,,,,,,,,,,,,,,,,,,,,,,,,,,,,,,,,No,,,,,,,,,,,,,,,,,,,,Available,Current EQL Solusek's Eye / Sol A; Nagafen's Lair sources excluded,,,,Confirmed,Unconfirmed,,,,,,B25-SOLA,
7,B25-SOLA-007,25,Antonica,Solusek's Eye,Runed Lava Pendant,Jewelry,NECK,Yes,No,Yes,Yes,,,0.2,SMALL,ALL,ALL,AC 5; STR +6; SV FIRE +5,,,,,a lava elemental,35,Warrior,Elemental,CWG Model MB,,,,Lava Elemental path,18:00 zone-level listing,,,,,,,,Classic,,Current EQL Wiki-listed,,,,,,,,"Notable exact-source Sol A equipment, utility, container, or narrow-family relationship.",Zone-specific,Core,High,https://eqlwiki.com/Solusek%27s_Eye,https://wiki.project1999.com/Solusek%27s_Eye,,Yes,1,AC 5; STR +6; SV FIRE +5,AC 5; STR +6; SV FIRE +5,ALL,ALL,35,35,Current EQL Wiki-listed; direct-build confirmation incomplete,Add,Wiki,Wiki,Wiki,No identified change,No identified change,No identified change,No identified change,Current page-listed / unresolved special cycle,Classic,https://eqlwiki.com/Solusek%27s_Eye,,2026-07-28,,,,Yes,Listed,Current Wiki evidence,No,B,Current EQL Sol A item/NPC evidence with classic historical comparison.,None identified,Yes,Classic,,Current EQL Wiki,Current fields from EQL Wiki; classic fields from Project 1999/classic baseline; Sol B sources excluded.,EQL-LOOT-1.0,loot,Active,,B25-SOLA-007,,,Yes,Yes,,,,,,,,Hostile,,,Elemental,,a lava elemental,,,,Hostile,Solusek's Eye / Sol A,,Open-world indoor dungeon,Deep elemental branch,,,Lava Elemental path,,,,,,a lava elemental,Named / notable source,,,,,,,,,,,,CWG Model MB,,,,,,,,,,Open World,Open World,,,,,,,,,,,NPC Corpse,,,,,,,,,,,,,,,,,,,,,,,,,,,,,,,,,,,,,,,,,,,,,,,,,,,,,,,,,No,,,,,,,,,,,,,,,,,,,,Available,Current EQL Solusek's Eye / Sol A; Nagafen's Lair sources excluded,,,,Confirmed,Unconfirmed,,,,,,B25-SOLA,
8,B25-SOLA-008,25,Antonica,Solusek's Eye,Gnomish Environment Suit,Armor,CHEST,Yes,No,Yes,,,,3.5,MEDIUM,ALL except NEC WIZ MAG ENC,ALL,AC 9; SV FIRE +10; SV COLD +10; SV POISON +10,,,,,Captain Bipnubble,40,Warrior,Gnome,,,,,Captain Bipnubble room,18:00 zone-level listing,,,,,,,,Classic,,Current EQL Wiki-listed,,,,,,,,"Notable exact-source Sol A equipment, utility, container, or narrow-family relationship.",Zone-specific,Core,High,https://eqlwiki.com/Solusek%27s_Eye,https://wiki.project1999.com/Solusek%27s_Eye,,Yes,1,AC 9; SV FIRE +10; SV COLD +10; SV POISON +10,AC 9; SV FIRE +10; SV COLD +10; SV POISON +10,ALL except NEC WIZ MAG ENC,ALL,40,40,Current EQL Wiki-listed; direct-build confirmation incomplete,Add,Wiki,Wiki,Wiki,No identified change,No identified change,No identified change,No identified change,Current page-listed / unresolved special cycle,Classic,https://eqlwiki.com/Solusek%27s_Eye,,2026-07-28,,,,Yes,Listed,Current Wiki evidence,No,B,Current EQL Sol A item/NPC evidence with classic historical comparison.,None identified,Yes,Classic,,Current EQL Wiki,Current fields from EQL Wiki; classic fields from Project 1999/classic baseline; Sol B sources excluded.,EQL-LOOT-1.0,loot,Active,,B25-SOLA-008,,,Yes,Yes,,,,,,,,Hostile,,,Gnome,,Captain Bipnubble,,,Solusek Mining Company,Hostile,Solusek's Eye / Sol A,,Open-world indoor dungeon,Gnome fort,,,Captain Bipnubble room,,,,,,Captain Bipnubble,Named / notable source,,,,,,,,,,,,,,,,,,,,,,Open World,Open World,,,,,,,,,,,NPC Corpse,,,,,,,,,,,,,,,,,,,,,,,,,,,,,,,,,,,,,,,,,,,,,,,,,,,,,,,,,No,,,,,,,,,,,,,,,,,,,,Available,Current EQL Solusek's Eye / Sol A; Nagafen's Lair sources excluded,,,,Confirmed,Unconfirmed,,,,,,B25-SOLA,
9,B25-SOLA-009,25,Antonica,Solusek's Eye,Obsidian Bead Hoop,Jewelry,EAR,Yes,No,Yes,,,,0.1,TINY,ALL,ALL,AC 2; INT +3; AGI +3,,,,,Singe,28,Warrior,Drake,Cinder Goblin,,,,Singe route,18:00 zone-level listing,,,,,,,,Classic,,Current EQL Wiki-listed,,,,,,,,"Notable exact-source Sol A equipment, utility, container, or narrow-family relationship.",Zone-specific,Core,High,https://eqlwiki.com/Solusek%27s_Eye,https://wiki.project1999.com/Solusek%27s_Eye,,Yes,1,AC 2; INT +3; AGI +3,AC 2; INT +3; AGI +3,ALL,ALL,28,28,Current EQL Wiki-listed; direct-build confirmation incomplete,Add,Wiki,Wiki,Wiki,No identified change,No identified change,No identified change,No identified change,Current page-listed / unresolved special cycle,Classic,https://eqlwiki.com/Solusek%27s_Eye,,2026-07-28,,,,Yes,Listed,Current Wiki evidence,No,B,Current EQL Sol A item/NPC evidence with classic historical comparison.,None identified,Yes,Classic,,Current EQL Wiki,Current fields from EQL Wiki; classic fields from Project 1999/classic baseline; Sol B sources excluded.,EQL-LOOT-1.0,loot,Active,,B25-SOLA-009,,,Yes,Yes,,,,,,,,Hostile,,,Drake,,Singe,,,,Hostile,Solusek's Eye / Sol A,,Open-world indoor dungeon,Goblin halls,,,Singe route,,,,,,Singe,Named / notable source,,,,,,,,,,,Classic timer: Approximately 18 minutes.,Cinder Goblin,,,,,,,,,,Open World,Open World,,,,,,,,,,,NPC Corpse,,,,,,,,,,,,,,,,,,,,,,,,,,,,,,,,,,,,,,,,,,,,,,,,,,,,,,,,,No,,,,,,,,,,,,,,,,,,,,Available,Current EQL Solusek's Eye / Sol A; Nagafen's Lair sources excluded,,,,Confirmed,Unconfirmed,,,,,,B25-SOLA,
10,B25-SOLA-010,25,Antonica,Solusek's Eye,Drakescale Belt,Armor,WAIST,Yes,No,,,,,1.0,SMALL,ALL,ALL,AC 5; DEX +3; SV FIRE +10,,,,Focus: Extended Enhancement II,Singe,28,Warrior,Drake,Cinder Goblin,,,,Singe route,18:00 zone-level listing,,,,,,,,Classic,,Current EQL Wiki-listed,,,,,,,,"Notable exact-source Sol A equipment, utility, container, or narrow-family relationship.",Zone-specific,Core,High,https://eqlwiki.com/Solusek%27s_Eye,https://wiki.project1999.com/Solusek%27s_Eye,,Yes,1,AC 5; DEX +3; SV FIRE +10,AC 5; DEX +3; SV FIRE +10,ALL,ALL,28,28,Current EQL Wiki-listed; direct-build confirmation incomplete,Add,Wiki,Wiki,Wiki,Changed or newly surfaced,No identified change,No identified change,Changed,Current page-listed / unresolved special cycle,Classic-retained with EQL changes,https://eqlwiki.com/Solusek%27s_Eye,,2026-07-28,EQL focus addition: Extended Enhancement II.,,,Yes,Listed,Current Wiki evidence,No,B,Current EQL Sol A item/NPC evidence with classic historical comparison.,None identified,Yes,Classic,,Current EQL Wiki,Current fields from EQL Wiki; classic fields from Project 1999/classic baseline; Sol B sources excluded.,EQL-LOOT-1.0,loot,Active,,B25-SOLA-010,,,Yes,Yes,,,,,,,,Hostile,,,Drake,,Singe,,,,Hostile,Solusek's Eye / Sol A,,Open-world indoor dungeon,Goblin halls,,,Singe route,,,,,,Singe,Named / notable source,,,,,,,,,,,Classic timer: Approximately 18 minutes.,Cinder Goblin,,,,,,,,,,Open World,Open World,,,,,,,,,,,NPC Corpse,,,,,,,,,,,,,,,,,,,,,,,,,,,,,,,,,,,,,,,,,,,,,,,,,,,,,,,,,No,,,,,,,,,,,,,,,,,,,,Available,Current EQL Solusek's Eye / Sol A; Nagafen's Lair sources excluded,,,,Confirmed,Unconfirmed,,,,,,B25-SOLA,
11,B25-SOLA-011,25,Antonica,Solusek's Eye,Mithril Quill,Weapon,PRIMARY,Yes,No,Yes,,,,1.0,MEDIUM,BRD NEC WIZ MAG ENC,ALL,HP +20,4,19,Piercing,,Gabbie Mardoddle,32,Wizard,Gnome,,,,,Gabbie Mardoddle room,18:00 zone-level listing,,,,,,,,Classic,,Current EQL Wiki-listed,,,Weapon ratio 0.211,,,,,"Notable exact-source Sol A equipment, utility, container, or narrow-family relationship.",Zone-specific,Core,High,https://eqlwiki.com/Solusek%27s_Eye,https://wiki.project1999.com/Solusek%27s_Eye,,Yes,1,HP +20,HP +20,BRD NEC WIZ MAG ENC,ALL,32,32,Current EQL Wiki-listed; direct-build confirmation incomplete,Add,Wiki,Wiki,Wiki,No identified change,No identified change,No identified change,No identified change,Current page-listed / unresolved special cycle,Classic,https://eqlwiki.com/Solusek%27s_Eye,,2026-07-28,,,,Yes,Listed,Current Wiki evidence,No,B,Current EQL Sol A item/NPC evidence with classic historical comparison.,None identified,Yes,Classic,,Current EQL Wiki,Current fields from EQL Wiki; classic fields from Project 1999/classic baseline; Sol B sources excluded.,EQL-LOOT-1.0,loot,Active,,B25-SOLA-011,,,Yes,Yes,,,,,,,,Hostile,,,Gnome,,Gabbie Mardoddle,,,Solusek Mining Company,Hostile,Solusek's Eye / Sol A,,Open-world indoor dungeon,Gnome fort,,,Gabbie Mardoddle room,,,,,,Gabbie Mardoddle,Named / notable source,,,,,,,,,,,,,,,,,,,,,,Open World,Open World,,,,,,,,,,,NPC Corpse,,,,,,,,,,,,,,,,,,,,,,,,,,,,,,,,,,,,,,,,,,,,,,,,,,,,,,,,,No,,,,,,,,,,,,,,,,,,,,Available,Current EQL Solusek's Eye / Sol A; Nagafen's Lair sources excluded,,,,Confirmed,Unconfirmed,,,,,,B25-SOLA,
12,B25-SOLA-012,25,Antonica,Solusek's Eye,Molten Cloak,Armor,BACK,Yes,No,,,,,2.5,MEDIUM,ALL,ALL,AC 4; WIS +4; INT +4,,,,,Gabbie Mardoddle,32,Wizard,Gnome,,,,,Gabbie Mardoddle room,18:00 zone-level listing,,,,,,,,Classic,,Current EQL Wiki-listed,,,,,,,,"Notable exact-source Sol A equipment, utility, container, or narrow-family relationship.",Zone-specific,Core,High,https://eqlwiki.com/Solusek%27s_Eye,https://wiki.project1999.com/Solusek%27s_Eye,,Yes,1,AC 4; WIS +4; INT +4,AC 4; WIS +4; INT +4,ALL,ALL,32,32,Current EQL Wiki-listed; direct-build confirmation incomplete,Add,Wiki,Wiki,Wiki,No identified change,No identified change,No identified change,No identified change,Current page-listed / unresolved special cycle,Classic,https://eqlwiki.com/Solusek%27s_Eye,,2026-07-28,,,,Yes,Listed,Current Wiki evidence,No,B,Current EQL Sol A item/NPC evidence with classic historical comparison.,None identified,Yes,Classic,,Current EQL Wiki,Current fields from EQL Wiki; classic fields from Project 1999/classic baseline; Sol B sources excluded.,EQL-LOOT-1.0,loot,Active,,B25-SOLA-012,,,Yes,Yes,,,,,,,,Hostile,,,Gnome,,Gabbie Mardoddle,,,Solusek Mining Company,Hostile,Solusek's Eye / Sol A,,Open-world indoor dungeon,Gnome fort,,,Gabbie Mardoddle room,,,,,,Gabbie Mardoddle,Named / notable source,,,,,,,,,,,,,,,,,,,,,,Open World,Open World,,,,,,,,,,,NPC Corpse,,,,,,,,,,,,,,,,,,,,,,,,,,,,,,,,,,,,,,,,,,,,,,,,,,,,,,,,,No,,,,,,,,,,,,,,,,,,,,Available,Current EQL Solusek's Eye / Sol A; Nagafen's Lair sources excluded,,,,Confirmed,Unconfirmed,,,,,,B25-SOLA,
13,B25-SOLA-013,25,Antonica,Solusek's Eye,Charred Guardian Shield,Shield,SECONDARY,Yes,No,Yes,,,,8.0,MEDIUM,WAR CLR PAL RNG SHD DRU BRD ROG SHM,ALL,AC 10; WIS +9,,,,,CWG Model EXG,30,Warrior,Clockwork Gnome,CWS Model SX,,,,CWG Model EXG patrol,18:00 zone-level listing,,,,,,,,Classic,,Current EQL Wiki-listed,,,,,,,,"Notable exact-source Sol A equipment, utility, container, or narrow-family relationship.",Zone-specific,Core,High,https://eqlwiki.com/Solusek%27s_Eye,https://wiki.project1999.com/Solusek%27s_Eye,,Yes,1,AC 10; WIS +9,AC 10; WIS +9,WAR CLR PAL RNG SHD DRU BRD ROG SHM,ALL,30,30,Current EQL Wiki-listed; direct-build confirmation incomplete,Add,Wiki,Wiki,Wiki,No identified change,No identified change,No identified change,No identified change,Current page-listed / unresolved special cycle,Classic,https://eqlwiki.com/Solusek%27s_Eye,,2026-07-28,,,,Yes,Listed,Current Wiki evidence,No,B,Current EQL Sol A item/NPC evidence with classic historical comparison.,None identified,Yes,Classic,,Current EQL Wiki,Current fields from EQL Wiki; classic fields from Project 1999/classic baseline; Sol B sources excluded.,EQL-LOOT-1.0,loot,Active,,B25-SOLA-013,,,Yes,Yes,,,,,,,,Hostile,,,Clockwork Gnome,,CWG Model EXG,,,Solusek Mining Company,Hostile,Solusek's Eye / Sol A,,Open-world indoor dungeon,Clockwork corridors,,,CWG Model EXG patrol,,,,,,CWG Model EXG,Named / notable source,,,,,,,,,,,,CWS Model SX,,,,,,,,,,Open World,Open World,,,,,,,,,,,NPC Corpse,,,,,,,,,,,,,,,,,,,,,,,,,,,,,,,,,,,,,,,,,,,,,,,,,,,,,,,,,No,,,,,,,,,,,,,,,,,,,,Available,Current EQL Solusek's Eye / Sol A; Nagafen's Lair sources excluded,,,,Confirmed,Unconfirmed,,,,,,B25-SOLA,
14,B25-SOLA-014,25,Antonica,Solusek's Eye,Charred Guardian Breastplate,Armor,CHEST,Yes,No,Yes,Yes,,,9.0,LARGE,WAR CLR PAL SHD BRD,ALL except IKS,AC 16; STR +3; STA +6,,,,,CWG Model EXG,30,Warrior,Clockwork Gnome,CWS Model SX,,,,CWG Model EXG patrol,18:00 zone-level listing,,,,,,,,Classic,,Current EQL Wiki-listed,,,,,,,,"Notable exact-source Sol A equipment, utility, container, or narrow-family relationship.",Zone-specific,Core,High,https://eqlwiki.com/Solusek%27s_Eye,https://wiki.project1999.com/Solusek%27s_Eye,,Yes,1,AC 16; STR +3; STA +6,AC 16; STR +3; STA +6,WAR CLR PAL SHD BRD,ALL except IKS,30,30,Current EQL Wiki-listed; direct-build confirmation incomplete,Add,Wiki,Wiki,Wiki,No identified change,No identified change,No identified change,No identified change,Current page-listed / unresolved special cycle,Classic,https://eqlwiki.com/Solusek%27s_Eye,,2026-07-28,,,,Yes,Listed,Current Wiki evidence,No,B,Current EQL Sol A item/NPC evidence with classic historical comparison.,None identified,Yes,Classic,,Current EQL Wiki,Current fields from EQL Wiki; classic fields from Project 1999/classic baseline; Sol B sources excluded.,EQL-LOOT-1.0,loot,Active,,B25-SOLA-014,,,Yes,Yes,,,,,,,,Hostile,,,Clockwork Gnome,,CWG Model EXG,,,Solusek Mining Company,Hostile,Solusek's Eye / Sol A,,Open-world indoor dungeon,Clockwork corridors,,,CWG Model EXG patrol,,,,,,CWG Model EXG,Named / notable source,,,,,,,,,,,,CWS Model SX,,,,,,,,,,Open World,Open World,,,,,,,,,,,NPC Corpse,,,,,,,,,,,,,,,,,,,,,,,,,,,,,,,,,,,,,,,,,,,,,,,,,,,,,,,,,No,,,,,,,,,,,,,,,,,,,,Available,Current EQL Solusek's Eye / Sol A; Nagafen's Lair sources excluded,,,,Confirmed,Unconfirmed,,,,,,B25-SOLA,
15,B25-SOLA-015,25,Antonica,Solusek's Eye,Kobold-Hide Boots,Armor,FEET,Yes,No,Yes,,,,2.5,SMALL,ALL,ALL,AC 5; AGI +3; HP +10,,,,Focus: Burning Affliction II,a kobold predator,25,Rogue,Kobold,,,,,Kobold Predator corridor,18:00 zone-level listing,,,,,,,,Classic,,Current EQL Wiki-listed,,,,,,,,"Notable exact-source Sol A equipment, utility, container, or narrow-family relationship.",Zone-specific,Core,High,https://eqlwiki.com/Solusek%27s_Eye,https://wiki.project1999.com/Solusek%27s_Eye,,Yes,1,AC 5; AGI +3; HP +10,AC 5; AGI +3; HP +10,ALL,ALL,25,25,Current EQL Wiki-listed; direct-build confirmation incomplete,Add,Wiki,Wiki,Wiki,Changed or newly surfaced,No identified change,No identified change,Changed,Current page-listed / unresolved special cycle,Classic-retained with EQL changes,https://eqlwiki.com/Solusek%27s_Eye,,2026-07-28,EQL focus addition: Burning Affliction II.,,,Yes,Listed,Current Wiki evidence,No,B,Current EQL Sol A item/NPC evidence with classic historical comparison.,None identified,Yes,Classic,,Current EQL Wiki,Current fields from EQL Wiki; classic fields from Project 1999/classic baseline; Sol B sources excluded.,EQL-LOOT-1.0,loot,Active,,B25-SOLA-015,,,Yes,Yes,,,,,,,,Hostile,,,Kobold,,a kobold predator,,,,Hostile,Solusek's Eye / Sol A,,Open-world indoor dungeon,Kobold corridor,,,Kobold Predator corridor,,,,,,a kobold predator,Named / notable source,,,,,,,,,,,,,,,,,,,,,,Open World,Open World,,,,,,,,,,,NPC Corpse,,,,,,,,,,,,,,,,,,,,,,,,,,,,,,,,,,,,,,,,,,,,,,,,,,,,,,,,,No,,,,,,,,,,,,,,,,,,,,Available,Current EQL Solusek's Eye / Sol A; Nagafen's Lair sources excluded,,,,Confirmed,Unconfirmed,,,,,,B25-SOLA,
16,B25-SOLA-016,25,Antonica,Solusek's Eye,Obsidian Shard,Weapon,PRIMARY SECONDARY,Yes,No,Yes,,,,2.5,MEDIUM,ALL except CLR PAL DRU MNK SHM,ALL,BACKSTAB +6,6,25,Piercing,Proc: Obsidian Shatter (level 16),a kobold predator,25,Rogue,Kobold,,,,,Kobold Predator corridor,18:00 zone-level listing,,,,,,,,Classic,,Current EQL Wiki-listed,,,Weapon ratio 0.240,,,,,"Notable exact-source Sol A equipment, utility, container, or narrow-family relationship.",Zone-specific,Core,High,https://eqlwiki.com/Solusek%27s_Eye,https://wiki.project1999.com/Solusek%27s_Eye,,Yes,1,,BACKSTAB +6,ALL except CLR PAL DRU MNK SHM,ALL,25,25,Current EQL Wiki-listed; direct-build confirmation incomplete,Add,Wiki,Wiki,Wiki,Changed or newly surfaced,No identified change,No identified change,No identified change,Current page-listed / unresolved special cycle,Classic-retained with EQL changes,https://eqlwiki.com/Solusek%27s_Eye,,2026-07-28,Current EQL item displays Backstab +6.,,,Yes,Listed,Current Wiki evidence,No,B,Current EQL Sol A item/NPC evidence with classic historical comparison.,None identified,Yes,Classic,,Current EQL Wiki,Current fields from EQL Wiki; classic fields from Project 1999/classic baseline; Sol B sources excluded.,EQL-LOOT-1.0,loot,Active,,B25-SOLA-016,,,Yes,Yes,,,,,,,,Hostile,,,Kobold,,a kobold predator,,,,Hostile,Solusek's Eye / Sol A,,Open-world indoor dungeon,Kobold corridor,,,Kobold Predator corridor,,,,,,a kobold predator,Named / notable source,,,,,,,,,,,,,,,,,,,,,,Open World,Open World,,,,,,,,,,,NPC Corpse,,,,,,,,,,,,,,,,,,,,,,,,,,,,,,,,,,,,,,,,,,,,,,,,,,,,,,,,,No,,,,,,,,,,,,,,,,,,,,Available,Current EQL Solusek's Eye / Sol A; Nagafen's Lair sources excluded,,,,Confirmed,Unconfirmed,,,,,,B25-SOLA,
17,B25-SOLA-017,25,Antonica,Solusek's Eye,Foreman's Tunic,Armor,CHEST,Yes,No,Yes,,,,0.0,MEDIUM,ALL except NEC WIZ MAG ENC,ALL,AC 10; STR +3; WIS +3,,,,,a flame goblin foreman,,Warrior,Goblin,,,,,Flame Goblin Foreman room,18:00 zone-level listing,,,,,,,,Classic,,Current EQL Wiki-listed,,,,,,,,"Notable exact-source Sol A equipment, utility, container, or narrow-family relationship.",Zone-specific,Core,High,https://eqlwiki.com/Solusek%27s_Eye,https://wiki.project1999.com/Solusek%27s_Eye,,Yes,1,AC 10; STR +3; WIS +3,AC 10; STR +3; WIS +3,ALL except NEC WIZ MAG ENC,ALL,,,Current EQL Wiki-listed; direct-build confirmation incomplete,Add,Wiki,Wiki,Wiki,No identified change,No identified change,No identified change,No identified change,Current page-listed / unresolved special cycle,Classic,https://eqlwiki.com/Solusek%27s_Eye,,2026-07-28,,,,Yes,Listed,Current Wiki evidence,No,B,Current EQL Sol A item/NPC evidence with classic historical comparison.,None identified,Yes,Classic,,Current EQL Wiki,Current fields from EQL Wiki; classic fields from Project 1999/classic baseline; Sol B sources excluded.,EQL-LOOT-1.0,loot,Active,,B25-SOLA-017,,,Yes,Yes,,,Goblins of Fire Peak -30,,,,,Hostile,,,Goblin,,a flame goblin foreman,,,Goblins of Fire Peak,Hostile,Solusek's Eye / Sol A,,Open-world indoor dungeon,Foreman branch,,,Flame Goblin Foreman room,,,,,,a flame goblin foreman,Named / notable source,,,,,,,,,,,,,,,,,,,,,,Open World,Open World,,,,,,,,,,,NPC Corpse,,,,,,,,,,,,,,,,,,,,,,,,,,,,,,,,,,,,,,,,,,,,,,,,,,,,,,,,,No,,,,,,,,,,,,,,,,,,,,Available,Current EQL Solusek's Eye / Sol A; Nagafen's Lair sources excluded,,,,Confirmed,Unconfirmed,,,,,,B25-SOLA,
18,B25-SOLA-018,25,Antonica,Solusek's Eye,Obsidian Scimitar,Weapon,PRIMARY SECONDARY,Yes,No,Yes,,,,5.0,MEDIUM,WAR PAL RNG SHD DRU BRD ROG,ALL,AGI +6,7,27,1H Slashing,,a flame goblin foreman,,Warrior,Goblin,,,,,Flame Goblin Foreman room,18:00 zone-level listing,,,,,,,,Classic,,Current EQL Wiki-listed,,,Weapon ratio 0.259,,,,,"Notable exact-source Sol A equipment, utility, container, or narrow-family relationship.",Zone-specific,Core,High,https://eqlwiki.com/Solusek%27s_Eye,https://wiki.project1999.com/Solusek%27s_Eye,,Yes,1,AGI +6,AGI +6,WAR PAL RNG SHD DRU BRD ROG,ALL,,,Current EQL Wiki-listed; direct-build confirmation incomplete,Add,Wiki,Wiki,Wiki,No identified change,No identified change,No identified change,No identified change,Current page-listed / unresolved special cycle,Classic,https://eqlwiki.com/Solusek%27s_Eye,,2026-07-28,,,,Yes,Listed,Current Wiki evidence,No,B,Current EQL Sol A item/NPC evidence with classic historical comparison.,None identified,Yes,Classic,,Current EQL Wiki,Current fields from EQL Wiki; classic fields from Project 1999/classic baseline; Sol B sources excluded.,EQL-LOOT-1.0,loot,Active,,B25-SOLA-018,,,Yes,Yes,,,Goblins of Fire Peak -30,,,,,Hostile,,,Goblin,,a flame goblin foreman,,,Goblins of Fire Peak,Hostile,Solusek's Eye / Sol A,,Open-world indoor dungeon,Foreman branch,,,Flame Goblin Foreman room,,,,,,a flame goblin foreman,Named / notable source,,,,,,,,,,,,,,,,,,,,,,Open World,Open World,,,,,,,,,,,NPC Corpse,,,,,,,,,,,,,,,,,,,,,,,,,,,,,,,,,,,,,,,,,,,,,,,,,,,,,,,,,No,,,,,,,,,,,,,,,,,,,,Available,Current EQL Solusek's Eye / Sol A; Nagafen's Lair sources excluded,,,,Confirmed,Unconfirmed,,,,,,B25-SOLA,
19,B25-SOLA-019,25,Antonica,Solusek's Eye,Drake-hide Leggings,Armor,LEGS,Yes,No,Yes,,,,0.1,MEDIUM,ALL,ALL,AC 5; DEX +5; CHA +5,,,,Focus: Reagent Conservation I,a fire goblin bartender,,Unknown,Goblin,,,,,Fire Goblin Bartender room,18:00 zone-level listing,,,,,,,,Classic,,Current EQL Wiki-listed,,,,,,,,"Notable exact-source Sol A equipment, utility, container, or narrow-family relationship.",Zone-specific,Core,High,https://eqlwiki.com/Solusek%27s_Eye,https://wiki.project1999.com/Solusek%27s_Eye,,Yes,1,AC 5; DEX +5; CHA +5,AC 5; DEX +5; CHA +5,ALL,ALL,,,Current EQL Wiki-listed; direct-build confirmation incomplete,Add,Wiki,Wiki,Wiki,Changed or newly surfaced,No identified change,No identified change,Changed,Current page-listed / unresolved special cycle,Classic-retained with EQL changes,https://eqlwiki.com/Solusek%27s_Eye,,2026-07-28,EQL focus addition: Reagent Conservation I.,,,Yes,Listed,Current Wiki evidence,No,B,Current EQL Sol A item/NPC evidence with classic historical comparison.,None identified,Yes,Classic,,Current EQL Wiki,Current fields from EQL Wiki; classic fields from Project 1999/classic baseline; Sol B sources excluded.,EQL-LOOT-1.0,loot,Active,,B25-SOLA-019,,,Yes,Yes,,,Goblins of Fire Peak -30,,,,,Hostile,,,Goblin,,a fire goblin bartender,,,Goblins of Fire Peak,Hostile,Solusek's Eye / Sol A,,Open-world indoor dungeon,Bar complex,,,Fire Goblin Bartender room,,,,,,a fire goblin bartender,Named / notable source,,,,,,,,,,,,,,,,,,,,,,Open World,Open World,,,,,,,,,,,NPC Corpse,,,,,,,,,,,,,,,,,,,,,,,,,,,,,,,,,,,,,,,,,,,,,,,,,,,,,,,,,No,,,,,,,,,,,,,,,,,,,,Available,Current EQL Solusek's Eye / Sol A; Nagafen's Lair sources excluded,,,,Confirmed,Unconfirmed,,,,,,B25-SOLA,
20,B25-SOLA-020,25,Antonica,Solusek's Eye,Drake-hide Sleeves,Armor,ARMS,Yes,No,Yes,,,,0.1,SMALL,ALL,ALL,AC 4; STA +3; HP +10,,,,Focus: Extended Range I,a fire goblin bartender,,Unknown,Goblin,,,,,Fire Goblin Bartender room,18:00 zone-level listing,,,,,,,,Classic,,Current EQL Wiki-listed,,,,,,,,"Notable exact-source Sol A equipment, utility, container, or narrow-family relationship.",Zone-specific,Core,High,https://eqlwiki.com/Solusek%27s_Eye,https://wiki.project1999.com/Solusek%27s_Eye,,Yes,1,AC 4; STA +3; HP +10,AC 4; STA +3; HP +10,ALL,ALL,,,Current EQL Wiki-listed; direct-build confirmation incomplete,Add,Wiki,Wiki,Wiki,Changed or newly surfaced,No identified change,No identified change,Changed,Current page-listed / unresolved special cycle,Classic-retained with EQL changes,https://eqlwiki.com/Solusek%27s_Eye,,2026-07-28,EQL focus addition: Extended Range I.,,,Yes,Listed,Current Wiki evidence,No,B,Current EQL Sol A item/NPC evidence with classic historical comparison.,None identified,Yes,Classic,,Current EQL Wiki,Current fields from EQL Wiki; classic fields from Project 1999/classic baseline; Sol B sources excluded.,EQL-LOOT-1.0,loot,Active,,B25-SOLA-020,,,Yes,Yes,,,Goblins of Fire Peak -30,,,,,Hostile,,,Goblin,,a fire goblin bartender,,,Goblins of Fire Peak,Hostile,Solusek's Eye / Sol A,,Open-world indoor dungeon,Bar complex,,,Fire Goblin Bartender room,,,,,,a fire goblin bartender,Named / notable source,,,,,,,,,,,,,,,,,,,,,,Open World,Open World,,,,,,,,,,,NPC Corpse,,,,,,,,,,,,,,,,,,,,,,,,,,,,,,,,,,,,,,,,,,,,,,,,,,,,,,,,,No,,,,,,,,,,,,,,,,,,,,Available,Current EQL Solusek's Eye / Sol A; Nagafen's Lair sources excluded,,,,Confirmed,Unconfirmed,,,,,,B25-SOLA,
21,B25-SOLA-021,25,Antonica,Solusek's Eye,Fire Crystal Staff,Weapon,PRIMARY SECONDARY,Yes,No,Yes,Yes,,,6.5,LARGE,BRD NEC WIZ MAG ENC,ALL,,5,28,1H Blunt,Proc: Shock of Fire,a fire goblin drunkard,26,Magician,Goblin,Fire Goblin / Inferno Goblin Shaman,,,,Fire Goblin Drunkard room,18:00 zone-level listing,,,,,,,,Classic,,Current EQL Wiki-listed,,,Weapon ratio 0.179,,,,,"Notable exact-source Sol A equipment, utility, container, or narrow-family relationship.",Zone-specific,Core,High,https://eqlwiki.com/Solusek%27s_Eye,https://wiki.project1999.com/Solusek%27s_Eye,,Yes,1,,,BRD NEC WIZ MAG ENC,ALL,26,26,Current EQL Wiki-listed; direct-build confirmation incomplete,Add,Wiki,Wiki,Wiki,No identified change,No identified change,No identified change,No identified change,Current page-listed / unresolved special cycle,Classic,https://eqlwiki.com/Solusek%27s_Eye,,2026-07-28,,,,Yes,Listed,Current Wiki evidence,No,B,Current EQL Sol A item/NPC evidence with classic historical comparison.,None identified,Yes,Classic,,Current EQL Wiki,Current fields from EQL Wiki; classic fields from Project 1999/classic baseline; Sol B sources excluded.,EQL-LOOT-1.0,loot,Active,,B25-SOLA-021,,,Yes,Yes,,,Goblins of Fire Peak -30,,,,,Hostile,,,Goblin,,a fire goblin drunkard,,,Goblins of Fire Peak,Hostile,Solusek's Eye / Sol A,,Open-world indoor dungeon,Bar complex,,,Fire Goblin Drunkard room,,,,,,a fire goblin drunkard,Named / notable source,,,,,,,,,,,,Fire Goblin / Inferno Goblin Shaman,,,,,,,,,,Open World,Open World,,,,,,,,,,,NPC Corpse,,,,,,,,,,,,,,,,,,,,,,,,,,,,,,,,,,,,,,,,,,,,,,,,,,,,,,,,,No,,,,,,,,,,,,,,,,,,,,Available,Current EQL Solusek's Eye / Sol A; Nagafen's Lair sources excluded,,,,Confirmed,Unconfirmed,,,,,,B25-SOLA,
22,B25-SOLA-022,25,Antonica,Solusek's Eye,Ring of Goblin Lords,Jewelry,FINGER,Yes,No,,Yes,,,0.1,TINY,ALL,ALL,AC 4; STR +3; INT +3,,,,Focus: Affliction Haste I,the solusek goblin king,30,Wizard,Goblin,Solusek Champion,,,,Solusek Goblin King room,18:00 zone-level listing,,,,,,,,Classic,,Current EQL Wiki-listed,,,,,,,,"Notable exact-source Sol A equipment, utility, container, or narrow-family relationship.",Zone-specific,Core,High,https://eqlwiki.com/Solusek%27s_Eye,https://wiki.project1999.com/Solusek%27s_Eye,,Yes,1,AC 4; STR +3; INT +3,AC 4; STR +3; INT +3,ALL,ALL,30,30,Current EQL Wiki-listed; direct-build confirmation incomplete,Add,Wiki,Wiki,Wiki,Changed or newly surfaced,No identified change,No identified change,Changed,Current page-listed / unresolved special cycle,Classic-retained with EQL changes,https://eqlwiki.com/Solusek%27s_Eye,,2026-07-28,EQL focus addition: Affliction Haste I.,,,Yes,Listed,Current Wiki evidence,No,B,Current EQL Sol A item/NPC evidence with classic historical comparison.,None identified,Yes,Classic,,Current EQL Wiki,Current fields from EQL Wiki; classic fields from Project 1999/classic baseline; Sol B sources excluded.,EQL-LOOT-1.0,loot,Active,,B25-SOLA-022,,,Yes,Yes,,,Goblins of Fire Peak -30,,,,,Hostile,,,Goblin,,the solusek goblin king,,,Goblins of Fire Peak,Hostile,Solusek's Eye / Sol A,,Open-world indoor dungeon,Throne branch,,,Solusek Goblin King room,,,,,,the solusek goblin king,Named / notable source,,,,,,,,,,,,Solusek Champion,,,,,,,,,,Open World,Open World,,,,,,,,,,,NPC Corpse,,,,,,,,,,,,,,,,,,,,,,,,,,,,,,,,,,,,,,,,,,,,,,,,,,,,,,,,,No,,,,,,,,,,,,,,,,,,,,Available,Current EQL Solusek's Eye / Sol A; Nagafen's Lair sources excluded,,,,Confirmed,Unconfirmed,,,,,,B25-SOLA,
23,B25-SOLA-023,25,Antonica,Solusek's Eye,Scepter of Flame,Weapon,PRIMARY,Yes,No,Yes,,,,4.5,MEDIUM,ALL except NEC WIZ MAG ENC,ALL,MANA +15; SV FIRE +5; SV MAGIC +5,7,29,1H Blunt,,the solusek goblin king,30,Wizard,Goblin,Solusek Champion,,,,Solusek Goblin King room,18:00 zone-level listing,,,,,,,,Classic,,Current EQL Wiki-listed,,,Weapon ratio 0.241,,,,,"Notable exact-source Sol A equipment, utility, container, or narrow-family relationship.",Zone-specific,Core,High,https://eqlwiki.com/Solusek%27s_Eye,https://wiki.project1999.com/Solusek%27s_Eye,,Yes,1,MANA +15; SV FIRE +5; SV MAGIC +5,MANA +15; SV FIRE +5; SV MAGIC +5,ALL except NEC WIZ MAG ENC,ALL,30,30,Current EQL Wiki-listed; direct-build confirmation incomplete,Add,Wiki,Wiki,Wiki,No identified change,No identified change,No identified change,No identified change,Current page-listed / unresolved special cycle,Classic,https://eqlwiki.com/Solusek%27s_Eye,,2026-07-28,,,,Yes,Listed,Current Wiki evidence,No,B,Current EQL Sol A item/NPC evidence with classic historical comparison.,None identified,Yes,Classic,,Current EQL Wiki,Current fields from EQL Wiki; classic fields from Project 1999/classic baseline; Sol B sources excluded.,EQL-LOOT-1.0,loot,Active,,B25-SOLA-023,,,Yes,Yes,,,Goblins of Fire Peak -30,,,,,Hostile,,,Goblin,,the solusek goblin king,,,Goblins of Fire Peak,Hostile,Solusek's Eye / Sol A,,Open-world indoor dungeon,Throne branch,,,Solusek Goblin King room,,,,,,the solusek goblin king,Named / notable source,,,,,,,,,,,,Solusek Champion,,,,,,,,,,Open World,Open World,,,,,,,,,,,NPC Corpse,,,,,,,,,,,,,,,,,,,,,,,,,,,,,,,,,,,,,,,,,,,,,,,,,,,,,,,,,No,,,,,,,,,,,,,,,,,,,,Available,Current EQL Solusek's Eye / Sol A; Nagafen's Lair sources excluded,,,,Confirmed,Unconfirmed,,,,,,B25-SOLA,
24,B25-SOLA-024,25,Antonica,Solusek's Eye,Turquoise Eyepatch,Armor,FACE,Yes,No,Yes,,,,0.1,SMALL,ALL,ALL,AC 2; STA +2; CHA +2; INT +2,,,,,an inferno goblin torturer,27-28,Warrior,Goblin,,,,,Inferno Goblin Torturer room,18:00 zone-level listing,,,,,,,,Classic,,Current EQL Wiki-listed,,,,,,,,"Notable exact-source Sol A equipment, utility, container, or narrow-family relationship.",Zone-specific,Core,High,https://eqlwiki.com/Solusek%27s_Eye,https://wiki.project1999.com/Solusek%27s_Eye,,Yes,1,AC 2; STA +2; CHA +2; INT +2,AC 2; STA +2; CHA +2; INT +2,ALL,ALL,27-28,27-28,Current EQL Wiki-listed; direct-build confirmation incomplete,Add,Wiki,Wiki,Wiki,No identified change,No identified change,No identified change,No identified change,Current page-listed / unresolved special cycle,Classic,https://eqlwiki.com/Solusek%27s_Eye,,2026-07-28,,,,Yes,Listed,Current Wiki evidence,No,B,Current EQL Sol A item/NPC evidence with classic historical comparison.,None identified,Yes,Classic,,Current EQL Wiki,Current fields from EQL Wiki; classic fields from Project 1999/classic baseline; Sol B sources excluded.,EQL-LOOT-1.0,loot,Active,,B25-SOLA-024,,,Yes,Yes,,,Goblins of Fire Peak -30,Tribe Vrodak +10,,,,Hostile,,,Goblin,,an inferno goblin torturer,,,Goblins of Fire Peak,Hostile,Solusek's Eye / Sol A,,Open-world indoor dungeon,Jail branch,,,Inferno Goblin Torturer room,,,,,,an inferno goblin torturer,Named / notable source,,,,,,,,,,,,,,,,,,,,,,Open World,Open World,,,,,,,,,,,NPC Corpse,,,,,,,,,,,,,,,,,,,,,,,,,,,,,,,,,,,,,,,,,,,,,,,,,,,,,,,,,No,,,,,,,,,,,,,,,,,,,,Available,Current EQL Solusek's Eye / Sol A; Nagafen's Lair sources excluded,,,,Confirmed,Unconfirmed,,,,,,B25-SOLA,
25,B25-SOLA-025,25,Antonica,Solusek's Eye,Glowing Stone Band,Jewelry,FINGER,Yes,No,Yes,Yes,,,0.1,TINY,ALL,ALL,AC 2,,,,Click: Worn effect: Serpent Sight,a goblin high shaman,29,Shaman,Goblin,,,,,Goblin High Shaman room,18:00 zone-level listing,,,,,,,,Classic,,Current EQL Wiki-listed,,,,,,,,"Notable exact-source Sol A equipment, utility, container, or narrow-family relationship.",Zone-specific,Core,High,https://eqlwiki.com/Solusek%27s_Eye,https://wiki.project1999.com/Solusek%27s_Eye,,Yes,1,AC 2,AC 2,ALL,ALL,29,29,Current EQL Wiki-listed; direct-build confirmation incomplete,Add,Wiki,Wiki,Wiki,No identified change,No identified change,No identified change,Changed,Current page-listed / unresolved special cycle,Classic,https://eqlwiki.com/Solusek%27s_Eye,,2026-07-28,,,,Yes,Listed,Current Wiki evidence,No,B,Current EQL Sol A item/NPC evidence with classic historical comparison.,None identified,Yes,Classic,,Current EQL Wiki,Current fields from EQL Wiki; classic fields from Project 1999/classic baseline; Sol B sources excluded.,EQL-LOOT-1.0,loot,Active,,B25-SOLA-025,,,Yes,Yes,,,Goblins of Fire Peak -30,,,,,Hostile,,,Goblin,,a goblin high shaman,,,Goblins of Fire Peak,Hostile,Solusek's Eye / Sol A,,Open-world indoor dungeon,High Shaman branch,,,Goblin High Shaman room,,,,,,a goblin high shaman,Named / notable source,,,,,,,,,,,,,,,,,,,,,,Open World,Open World,,,,,,,,,,,NPC Corpse,,,,,,,,,,,,,,,,,,,,,,,,,,,,,,,,,,,,,,,,,,,,,,,,,,,,,,,,,No,,,,,,,,,,,,,,,,,,,,Available,Current EQL Solusek's Eye / Sol A; Nagafen's Lair sources excluded,,,,Confirmed,Unconfirmed,,,,,,B25-SOLA,
26,B25-SOLA-026,25,Antonica,Solusek's Eye,Platinum Dragon Totem,Weapon / Caster Item,PRIMARY SECONDARY,Yes,No,Yes,,,,0.8,SMALL,CLR DRU BRD SHM,ALL,HP +30; MANA +50,,,,,a goblin high shaman,29,Shaman,Goblin,,,,,Goblin High Shaman room,18:00 zone-level listing,,,,,,,,Classic,,Current EQL Wiki-listed,,,,,,,,"Notable exact-source Sol A equipment, utility, container, or narrow-family relationship.",Zone-specific,Core,High,https://eqlwiki.com/Solusek%27s_Eye,https://wiki.project1999.com/Solusek%27s_Eye,,Yes,1,HP +30; MANA +50,HP +30; MANA +50,CLR DRU BRD SHM,ALL,29,29,Current EQL Wiki-listed; direct-build confirmation incomplete,Add,Wiki,Wiki,Wiki,No identified change,No identified change,No identified change,No identified change,Current page-listed / unresolved special cycle,Classic,https://eqlwiki.com/Solusek%27s_Eye,,2026-07-28,,,,Yes,Listed,Current Wiki evidence,No,B,Current EQL Sol A item/NPC evidence with classic historical comparison.,None identified,Yes,Classic,,Current EQL Wiki,Current fields from EQL Wiki; classic fields from Project 1999/classic baseline; Sol B sources excluded.,EQL-LOOT-1.0,loot,Active,,B25-SOLA-026,,,Yes,Yes,,,Goblins of Fire Peak -30,,,,,Hostile,,,Goblin,,a goblin high shaman,,,Goblins of Fire Peak,Hostile,Solusek's Eye / Sol A,,Open-world indoor dungeon,High Shaman branch,,,Goblin High Shaman room,,,,,,a goblin high shaman,Named / notable source,,,,,,,,,,,,,,,,,,,,,,Open World,Open World,,,,,,,,,,,NPC Corpse,,,,,,,,,,,,,,,,,,,,,,,,,,,,,,,,,,,,,,,,,,,,,,,,,,,,,,,,,No,,,,,,,,,,,,,,,,,,,,Available,Current EQL Solusek's Eye / Sol A; Nagafen's Lair sources excluded,,,,Confirmed,Unconfirmed,,,,,,B25-SOLA,
27,B25-SOLA-027,25,Antonica,Solusek's Eye,Damask Amice,Armor,SHOULDERS,Yes,No,Yes,,,,0.3,SMALL,NEC WIZ MAG ENC,ALL,AC 2,,,,,Lynada the Exiled,29,Magician,Dark Elf,,,,,Lynada the Exiled room,18:00 zone-level listing,,,,,,,,Classic,,Current EQL Wiki-listed,,,,,,,,"Notable exact-source Sol A equipment, utility, container, or narrow-family relationship.",Zone-specific,Core,High,https://eqlwiki.com/Solusek%27s_Eye,https://wiki.project1999.com/Solusek%27s_Eye,,Yes,1,AC 2,AC 2,NEC WIZ MAG ENC,ALL,29,29,Current EQL Wiki-listed; direct-build confirmation incomplete,Add,Wiki,Wiki,Wiki,No identified change,No identified change,No identified change,No identified change,Current page-listed / unresolved special cycle,Classic,https://eqlwiki.com/Solusek%27s_Eye,,2026-07-28,,,,Yes,Listed,Current Wiki evidence,No,B,Current EQL Sol A item/NPC evidence with classic historical comparison.,None identified,Yes,Classic,,Current EQL Wiki,Current fields from EQL Wiki; classic fields from Project 1999/classic baseline; Sol B sources excluded.,EQL-LOOT-1.0,loot,Active,,B25-SOLA-027,,,Yes,Yes,,,Goblins of Fire Peak hit reported,,,,,Hostile,,,Dark Elf,,Lynada the Exiled,,,Goblins of Fire Peak,Hostile,Solusek's Eye / Sol A,,Open-world indoor dungeon,Lynada branch,,,Lynada the Exiled room,,,,,,Lynada the Exiled,Named / notable source,,,,,,,,,,,,,,,,,,,,,,Open World,Open World,,,,,,,,,,,NPC Corpse,,,,,,,,,,,,,,,,,,,,,,,,,,,,,,,,,,,,,,,,,,,,,,,,,,,,,,,,,No,,,,,,,,,,,,,,,,,,,,Available,Current EQL Solusek's Eye / Sol A; Nagafen's Lair sources excluded,,,,Confirmed,Unconfirmed,,,,,,B25-SOLA,
28,B25-SOLA-028,25,Antonica,Solusek's Eye,Lord Gimblox's Signet Ring,Quest Jewelry,FINGER,Yes,No,Yes,Yes,Yes,Yes,0.1,SMALL,ALL,ALL,SV FIRE +4,,,,,Lord Gimblox,30,Warrior,Goblin,,,,,Lord Gimblox throne-room spawn,18:00 zone-level listing,,,,,,,,Epic Quests Era,,Current EQL Wiki-listed,,,,,,,,"Notable exact-source Sol A equipment, utility, container, or narrow-family relationship.",Zone-specific,Core,High,https://eqlwiki.com/Solusek%27s_Eye,https://wiki.project1999.com/Solusek%27s_Eye,,Yes,1,SV FIRE +4,SV FIRE +4,ALL,ALL,30,30,Current EQL Wiki-listed; direct-build confirmation incomplete,Add,Wiki,Wiki,Wiki,No identified change,No identified change,No identified change,No identified change,Current page-listed / unresolved special cycle,Epic Quests Era,https://eqlwiki.com/Solusek%27s_Eye,,2026-07-28,,,,Yes,Listed,Current Wiki evidence,No,B,Current EQL Sol A item/NPC evidence with classic historical comparison.,None identified,No,Epic Quests Era,,Current EQL Wiki,Current fields from EQL Wiki; classic fields from Project 1999/classic baseline; Sol B sources excluded.,EQL-LOOT-1.0,loot,Active,,B25-SOLA-028,,,Yes,Yes,,,Goblins of Fire Peak -30,,,,,Hostile,,,Goblin,,Lord Gimblox,,,Goblins of Fire Peak,Hostile,Solusek's Eye / Sol A,,Open-world indoor dungeon,Throne branch,,,Lord Gimblox throne-room spawn,,,,,,Lord Gimblox,Named / notable source,,,,,,,,,,,,,,,,,,,,,,Open World,Open World,,,,,,,,,,,NPC Corpse,,,,,,,,,,,,,,,,,,,,,,,,,,,,,,,,,,,,,,,,,,,,,,,,,,,,,,,,,No,,,,,,,,,,Cleric Epic,,Epic quest component; current quest availability unresolved,,,,,,,,Available,Current EQL Solusek's Eye / Sol A; Nagafen's Lair sources excluded,,,,Confirmed,Unconfirmed,,,,,,B25-SOLA,
29,B25-SOLA-029,25,Antonica,Solusek's Eye,Firewalker Boots,Armor,FEET,Yes,No,Yes,Yes,Yes,,2.5,SMALL,ALL except NEC WIZ MAG ENC,ALL,AC 4; SV FIRE +5,,,,,a solusek mage,,Wizard,Goblin,,,,,Multiple Solusek Mage locations,18:00 zone-level listing,,,,,,,,Classic,,Current EQL Wiki-listed,,,,,,,,"Notable exact-source Sol A equipment, utility, container, or narrow-family relationship.",Zone-specific,Core,High,https://eqlwiki.com/Solusek%27s_Eye,https://wiki.project1999.com/Solusek%27s_Eye,,Yes,1,AC 4; SV FIRE +5,AC 4; SV FIRE +5,ALL except NEC WIZ MAG ENC,ALL,,,Current EQL Wiki-listed; direct-build confirmation incomplete,Add,Wiki,Wiki,Wiki,No identified change,No identified change,No identified change,No identified change,Current page-listed / unresolved special cycle,Classic,https://eqlwiki.com/Solusek%27s_Eye,,2026-07-28,,,,Yes,Listed,Current Wiki evidence,No,B,Current EQL Sol A item/NPC evidence with classic historical comparison.,None identified,Yes,Classic,,Current EQL Wiki,Current fields from EQL Wiki; classic fields from Project 1999/classic baseline; Sol B sources excluded.,EQL-LOOT-1.0,loot,Active,,B25-SOLA-029,,,Yes,Yes,,,Goblins of Fire Peak -30,,,,,Hostile,,,Goblin,,a solusek mage,,,Goblins of Fire Peak,Hostile,Solusek's Eye / Sol A,,Open-world indoor dungeon,Solusek elite population,,,Multiple Solusek Mage locations,,,,,,a solusek mage,Named / notable source,,,,,,,,,,,,,,,,,,,,,,Open World,Open World,,,,,,,,,,,NPC Corpse,,,,,,,,,,,,,,,,,,,,,,,,,,,,,,,,,,,,,,,,,,,,,,,,,,,,,,,,,No,,,,,,,,,,,,,,,,,,,,Available,Current EQL Solusek's Eye / Sol A; Nagafen's Lair sources excluded,,,,Confirmed,Unconfirmed,,,,,,B25-SOLA,
30,B25-SOLA-030,25,Antonica,Solusek's Eye,Lava Potion,Charged Utility Item,,No,Yes,Yes,,,,0.4,SMALL,ALL,ALL,,,,,"Click: Inferno Shield (1 charge, cast as level 50)",a lava elemental,35,Warrior,Elemental,CWG Model MB,,,,Lava Elemental path,18:00 zone-level listing,,,,,,,,Classic,,Current EQL Wiki-listed,,,,,,,,"Notable exact-source Sol A equipment, utility, container, or narrow-family relationship.",Zone-specific,Core,High,https://eqlwiki.com/Solusek%27s_Eye,https://wiki.project1999.com/Solusek%27s_Eye,,Yes,1,,,ALL,ALL,35,35,Current EQL Wiki-listed; direct-build confirmation incomplete,Add,Wiki,Wiki,Wiki,No identified change,No identified change,No identified change,Changed,Current page-listed / unresolved special cycle,Classic,https://eqlwiki.com/Solusek%27s_Eye,,2026-07-28,,,,Yes,Listed,Current Wiki evidence,No,B,Current EQL Sol A item/NPC evidence with classic historical comparison.,None identified,Yes,Classic,,Current EQL Wiki,Current fields from EQL Wiki; classic fields from Project 1999/classic baseline; Sol B sources excluded.,EQL-LOOT-1.0,loot,Active,,B25-SOLA-030,,,Yes,Yes,,,,,,,,Hostile,,,Elemental,,a lava elemental,,,,Hostile,Solusek's Eye / Sol A,,Open-world indoor dungeon,Deep elemental branch,,,Lava Elemental path,,,,,,a lava elemental,Named / notable source,,,,,,,,,,,,CWG Model MB,,,,,,,,,,Open World,Open World,,,,,,,,,,,NPC Corpse,,,,,,,,,,,,,,,,,,,,,,,,,,,,,,,,,,,,,,,,,,,,,,,,,,,,,,,,,No,,,,,,,,,,,,,,,,,,,,Available,Current EQL Solusek's Eye / Sol A; Nagafen's Lair sources excluded,,,,Confirmed,Unconfirmed,,,,,,B25-SOLA,
31,B25-SOLA-031,25,Antonica,Solusek's Eye,Frothy Goblin Tonic,Charged Utility Item,,No,Yes,Yes,,,,0.4,SMALL,ALL,ALL,,,,,"Click: Aura of Marr (1 charge, cast as level 25)",a fire goblin drunkard,26,Magician,Goblin,Fire Goblin / Inferno Goblin Shaman,,,,Fire Goblin Drunkard room,18:00 zone-level listing,,,,,,,,Classic,,Current EQL Wiki-listed,,,,,,,,"Notable exact-source Sol A equipment, utility, container, or narrow-family relationship.",Zone-specific,Core,High,https://eqlwiki.com/Solusek%27s_Eye,https://wiki.project1999.com/Solusek%27s_Eye,,Yes,1,,,ALL,ALL,26,26,Current EQL Wiki-listed; direct-build confirmation incomplete,Add,Wiki,Wiki,Wiki,No identified change,No identified change,No identified change,Changed,Current page-listed / unresolved special cycle,Classic,https://eqlwiki.com/Solusek%27s_Eye,,2026-07-28,,,,Yes,Listed,Current Wiki evidence,No,B,Current EQL Sol A item/NPC evidence with classic historical comparison.,None identified,Yes,Classic,,Current EQL Wiki,Current fields from EQL Wiki; classic fields from Project 1999/classic baseline; Sol B sources excluded.,EQL-LOOT-1.0,loot,Active,,B25-SOLA-031,,,Yes,Yes,,,Goblins of Fire Peak -30,,,,,Hostile,,,Goblin,,a fire goblin drunkard,,,Goblins of Fire Peak,Hostile,Solusek's Eye / Sol A,,Open-world indoor dungeon,Bar complex,,,Fire Goblin Drunkard room,,,,,,a fire goblin drunkard,Named / notable source,,,,,,,,,,,,Fire Goblin / Inferno Goblin Shaman,,,,,,,,,,Open World,Open World,,,,,,,,,,,NPC Corpse,,,,,,,,,,,,,,,,,,,,,,,,,,,,,,,,,,,,,,,,,,,,,,,,,,,,,,,,,No,,,,,,,,,,,,,,,,,,,,Available,Current EQL Solusek's Eye / Sol A; Nagafen's Lair sources excluded,,,,Confirmed,Unconfirmed,,,,,,B25-SOLA,
32,B25-SOLA-032,25,Antonica,Solusek's Eye,Memento Box,Container,,No,Yes,,Yes,,,2.0,SMALL,ALL,ALL,,,,,,an inferno goblin torturer,27-28,Warrior,Goblin,,,,,Inferno Goblin Torturer room,18:00 zone-level listing,,,,,,,6 slots; small-item capacity; 75% weight reduction.,Classic,,Current EQL Wiki-listed,,,,,,,,"Notable exact-source Sol A equipment, utility, container, or narrow-family relationship.",Zone-specific,Core,High,https://eqlwiki.com/Solusek%27s_Eye,https://wiki.project1999.com/Solusek%27s_Eye,,Yes,1,,,ALL,ALL,27-28,27-28,Current EQL Wiki-listed; direct-build confirmation incomplete,Add,Wiki,Wiki,Wiki,No identified change,No identified change,No identified change,No identified change,Current page-listed / unresolved special cycle,Classic,https://eqlwiki.com/Solusek%27s_Eye,,2026-07-28,,,,Yes,Listed,Current Wiki evidence,No,B,Current EQL Sol A item/NPC evidence with classic historical comparison.,None identified,Yes,Classic,,Current EQL Wiki,Current fields from EQL Wiki; classic fields from Project 1999/classic baseline; Sol B sources excluded.,EQL-LOOT-1.0,loot,Active,,B25-SOLA-032,,,Yes,Yes,,,Goblins of Fire Peak -30,Tribe Vrodak +10,,,,Hostile,,,Goblin,,an inferno goblin torturer,,,Goblins of Fire Peak,Hostile,Solusek's Eye / Sol A,,Open-world indoor dungeon,Jail branch,,,Inferno Goblin Torturer room,,,,,,an inferno goblin torturer,Named / notable source,,,,,,,,,,,,,,,,,,,,,,Open World,Open World,,,,,,,,,,,NPC Corpse,,,,,,,,,,,,,,,,,,,,,,,,,,,,,,,,,,,,,,,,,,,,,,,,,,,,,,,,,No,,,,,,,,,,,,,,,,,,,,Available,Current EQL Solusek's Eye / Sol A; Nagafen's Lair sources excluded,,,,Confirmed,Unconfirmed,,,,,,B25-SOLA,
33,B25-SOLA-033,25,Antonica,Solusek's Eye,"A ""Sparkle"" Purse",Container / Quest Item,,No,Yes,,Yes,Yes,Yes,0.2,SMALL,ALL,ALL,,,,,,Lynada the Exiled,29,Magician,Dark Elf,,,,,Lynada the Exiled room,18:00 zone-level listing,,,,,,,4 slots; small-item capacity; no weight reduction.,Classic,,Current EQL Wiki-listed,,,,,,,,"Notable exact-source Sol A equipment, utility, container, or narrow-family relationship.",Zone-specific,Core,High,https://eqlwiki.com/Solusek%27s_Eye,https://wiki.project1999.com/Solusek%27s_Eye,,Yes,1,,,ALL,ALL,29,29,Current EQL Wiki-listed; direct-build confirmation incomplete,Add,Wiki,Wiki,Wiki,No identified change,No identified change,No identified change,No identified change,Current page-listed / unresolved special cycle,Classic,https://eqlwiki.com/Solusek%27s_Eye,,2026-07-28,,,,Yes,Listed,Current Wiki evidence,No,B,Current EQL Sol A item/NPC evidence with classic historical comparison.,None identified,Yes,Classic,,Current EQL Wiki,Current fields from EQL Wiki; classic fields from Project 1999/classic baseline; Sol B sources excluded.,EQL-LOOT-1.0,loot,Active,,B25-SOLA-033,,,Yes,Yes,,,Goblins of Fire Peak hit reported,,,,,Hostile,,,Dark Elf,,Lynada the Exiled,,,Goblins of Fire Peak,Hostile,Solusek's Eye / Sol A,,Open-world indoor dungeon,Lynada branch,,,Lynada the Exiled room,,,,,,Lynada the Exiled,Named / notable source,,,,,,,,,,,,,,,,,,,,,,Open World,Open World,,,,,,,,,,,NPC Corpse,,,,,,,,,,,,,,,,,,,,,,,,,,,,,,,,,,,,,,,,,,,,,,,,,,,,,,,,,No,,,,,,,,,,Rogue Redemption,,Quest item; current quest availability separately qualified,,,,,,,,Available,Current EQL Solusek's Eye / Sol A; Nagafen's Lair sources excluded,,,,Confirmed,Unconfirmed,,,,,,B25-SOLA,
34,B25-SOLA-META-001,25,Antonica,Solusek's Eye,Sol A current status,,,,,,,,,,,,,,,,,,,,,,,,,,,,,,,,,,,,,,,,,,,,,,Zone-specific,Supplemental,Medium,https://eqlwiki.com/Solusek%27s_Eye,https://wiki.project1999.com/Solusek%27s_Eye,,Yes,1,,,,,,,Current EQL Wiki-supported; direct-build confirmation varies,Add,,,,,,,,,,https://eqlwiki.com/Solusek%27s_Eye,,2026-07-28,,,,Yes,Listed,Current Wiki evidence,No,C,Current EQL Sol A records with classic historical comparison.,,,,,Current EQL Wiki,,EQL-LOOT-1.0,zone_metadata,Metadata,,B25-SOLA-META-001,,,No,No,Available current EQL content; substantially classic-retained and not established as a comprehensive revamp.,,,,,,,,,,,,,,,,,,,Open-world indoor dungeon,,,,,,,,,,Sol A current status,,,,,,,,,,,,Available current EQL content; substantially classic-retained and not established as a comprehensive revamp.,,,,,,,,,,,Open World,Open World,,,,,,,,,,,,,,,,,,,,,,,,,,,,,,,,,,,,,,,,,,,,,,,,,,,,,,,,,,,,,,,,,,,,No,,,,,,,,,,,,,,,,,,,,Available,Current EQL Solusek's Eye / Sol A; Nagafen's Lair sources excluded,,,,Confirmed,Unconfirmed,,,,zone-status,,B25-SOLA,
35,B25-SOLA-META-002,25,Antonica,Solusek's Eye,Sol A general timer,,,,,,,,,,,,,,,,,,,,,,,,,,,,,,,,,,,,,,,,,,,,,,Zone-specific,Supplemental,Medium,https://eqlwiki.com/Solusek%27s_Eye,https://wiki.project1999.com/Solusek%27s_Eye,,Yes,1,,,,,,,Current EQL Wiki-supported; direct-build confirmation varies,Add,,,,,,,,,,https://eqlwiki.com/Solusek%27s_Eye,,2026-07-28,,,,Yes,Listed,Current Wiki evidence,No,C,Current EQL Sol A records with classic historical comparison.,,,,,Current EQL Wiki,,EQL-LOOT-1.0,zone_metadata,Metadata,,B25-SOLA-META-002,,,No,No,"Current zone-level spawn timer is 18:00, matching the classic general framework.",,,,,,,,,,,,,,,,,,,Open-world indoor dungeon,,,,,,,,,,Sol A general timer,,,,,,,,,,,,"Current zone-level spawn timer is 18:00, matching the classic general framework.",,,,,,,,,,,Open World,Open World,,,,,,,,,,,,,,,,,,,,,,,,,,,,,,,,,,,,,,,,,,,,,,,,,,,,,,,,,,,,,,,,,,,,No,,,,,,,,,,,,,,,,,,,,Available,Current EQL Solusek's Eye / Sol A; Nagafen's Lair sources excluded,,,,Confirmed,Unconfirmed,,,,timers,,B25-SOLA,
36,B25-SOLA-META-003,25,Antonica,Solusek's Eye,Reckless Efreeti special cycle,,,,,,,,,,,,,,,,,,,,,,,,,,,,,,,,,,,,,,,,,,,,,,Zone-specific,Supplemental,Medium,https://eqlwiki.com/Solusek%27s_Eye,https://wiki.project1999.com/Solusek%27s_Eye,,Yes,1,,,,,,,Current EQL Wiki-supported; direct-build confirmation varies,Add,,,,,,,,,,https://eqlwiki.com/Solusek%27s_Eye,,2026-07-28,,,,Yes,Listed,Current Wiki evidence,No,C,Current EQL Sol A records with classic historical comparison.,,,,,Current EQL Wiki,,EQL-LOOT-1.0,zone_metadata,Metadata,,B25-SOLA-META-003,,,No,No,Historical stationary Blazing Elemental placeholder uses approximately 70 minutes; current special timer unresolved.,,,,,,,,,,,,,,,,,,,Open-world indoor dungeon,,,,,,,,,,Reckless Efreeti special cycle,,,,,,,,,,,,Historical stationary Blazing Elemental placeholder uses approximately 70 minutes; current special timer unresolved.,,,,,,,,,,,Open World,Open World,,,,,,,,,,,,,,,,,,,,,,,,,,,,,,,,,,,,,,,,,,,,,,,,,,,,,,,,,,,,,,,,,,,,No,,,,,,,,,,,,,,,,,,,,Available,Current EQL Solusek's Eye / Sol A; Nagafen's Lair sources excluded,,,,Confirmed,Unconfirmed,,,,timer-exception,,B25-SOLA,
37,B25-SOLA-META-004,25,Antonica,Solusek's Eye,Fire-goblin taxonomy,,,,,,,,,,,,,,,,,,,,,,,,,,,,,,,,,,,,,,,,,,,,,,Zone-specific,Supplemental,Medium,https://eqlwiki.com/Solusek%27s_Eye,https://wiki.project1999.com/Solusek%27s_Eye,,Yes,1,,,,,,,Current EQL Wiki-supported; direct-build confirmation varies,Add,,,,,,,,,,https://eqlwiki.com/Solusek%27s_Eye,,2026-07-28,,,,Yes,Listed,Current Wiki evidence,No,C,Current EQL Sol A records with classic historical comparison.,,,,,Current EQL Wiki,,EQL-LOOT-1.0,zone_metadata,Metadata,,B25-SOLA-META-004,,,No,No,"Young, Cinder, Flame, Fire, Inferno, and Solusek ranks remain separate from combat class and named role.",,,,,,,,,,,,,,,,,,,Open-world indoor dungeon,,,,,,,,,,Fire-goblin taxonomy,,,,,,,,,,,,"Young, Cinder, Flame, Fire, Inferno, and Solusek ranks remain separate from combat class and named role.",,,,,,,,,,,Open World,Open World,,,,,,,,,,,,,,,,,,,,,,,,,,,,,,,,,,,,,,,,,,,,,,,,,,,,,,,,,,,,,,,,,,,,No,,,,,,,,,,,,,,,,,,,,Available,Current EQL Solusek's Eye / Sol A; Nagafen's Lair sources excluded,,,,Confirmed,Unconfirmed,,,,taxonomy,,B25-SOLA,
38,B25-SOLA-META-005,25,Antonica,Solusek's Eye,Solusek Mining Company taxonomy,,,,,,,,,,,,,,,,,,,,,,,,,,,,,,,,,,,,,,,,,,,,,,Zone-specific,Supplemental,Medium,https://eqlwiki.com/Solusek%27s_Eye,https://wiki.project1999.com/Solusek%27s_Eye,,Yes,1,,,,,,,Current EQL Wiki-supported; direct-build confirmation varies,Add,,,,,,,,,,https://eqlwiki.com/Solusek%27s_Eye,,2026-07-28,,,,Yes,Listed,Current Wiki evidence,No,C,Current EQL Sol A records with classic historical comparison.,,,,,Current EQL Wiki,,EQL-LOOT-1.0,zone_metadata,Metadata,,B25-SOLA-META-005,,,No,No,"Gnomes and clockwork models form a separate organization, faction, and assist network.",,,,,,,,,,,,,,,,,,,Open-world indoor dungeon,,,,,,,,,,Solusek Mining Company taxonomy,,,,,,,,,,,,"Gnomes and clockwork models form a separate organization, faction, and assist network.",,,,,,,,,,,Open World,Open World,,,,,,,,,,,,,,,,,,,,,,,,,,,,,,,,,,,,,,,,,,,,,,,,,,,,,,,,,,,,,,,,,,,,No,,,,,,,,,,,,,,,,,,,,Available,Current EQL Solusek's Eye / Sol A; Nagafen's Lair sources excluded,,,,Confirmed,Unconfirmed,,,,taxonomy;faction,,B25-SOLA,
39,B25-SOLA-META-006,25,Antonica,Solusek's Eye,Goblins of Fire Peak framework,,,,,,,,,,,,,,,,,,,,,,,,,,,,,,,,,,,,,,,,,,,,,,Zone-specific,Supplemental,Medium,https://eqlwiki.com/Solusek%27s_Eye,https://wiki.project1999.com/Solusek%27s_Eye,,Yes,1,,,,,,,Current EQL Wiki-supported; direct-build confirmation varies,Add,,,,,,,,,,https://eqlwiki.com/Solusek%27s_Eye,,2026-07-28,,,,Yes,Listed,Current Wiki evidence,No,C,Current EQL Sol A records with classic historical comparison.,,,,,Current EQL Wiki,,EQL-LOOT-1.0,zone_metadata,Metadata,,B25-SOLA-META-006,,,No,No,"Named and ordinary fire goblins generally use Goblins of Fire Peak, with encounter-specific exceptions and gains.",,,,,,,,,,,,,,,,,,,Open-world indoor dungeon,,,,,,,,,,Goblins of Fire Peak framework,,,,,,,,,,,,"Named and ordinary fire goblins generally use Goblins of Fire Peak, with encounter-specific exceptions and gains.",,,,,,,,,,,Open World,Open World,,,,,,,,,,,,,,,,,,,,,,,,,,,,,,,,,,,,,,,,,,,,,,,,,,,,,,,,,,,,,,,,,,,,No,,,,,,,,,,,,,,,,,,,,Available,Current EQL Solusek's Eye / Sol A; Nagafen's Lair sources excluded,,,,Confirmed,Unconfirmed,,,,faction,,B25-SOLA,
40,B25-SOLA-META-007,25,Antonica,Solusek's Eye,Mining-company faction consequences,,,,,,,,,,,,,,,,,,,,,,,,,,,,,,,,,,,,,,,,,,,,,,Zone-specific,Supplemental,Medium,https://eqlwiki.com/Solusek%27s_Eye,https://wiki.project1999.com/Solusek%27s_Eye,,Yes,1,,,,,,,Current EQL Wiki-supported; direct-build confirmation varies,Add,,,,,,,,,,https://eqlwiki.com/Solusek%27s_Eye,,2026-07-28,,,,Yes,Listed,Current Wiki evidence,No,C,Current EQL Sol A records with classic historical comparison.,,,,,Current EQL Wiki,,EQL-LOOT-1.0,zone_metadata,Metadata,,B25-SOLA-META-007,,,No,No,Attacking gnomes or clockworks may affect Ak'Anon-linked factions and merchant access.,,,,,,,,,,,,,,,,,,,Open-world indoor dungeon,,,,,,,,,,Mining-company faction consequences,,,,,,,,,,,,Attacking gnomes or clockworks may affect Ak'Anon-linked factions and merchant access.,,,,,,,,,,,Open World,Open World,,,,,,,,,,,,,,,,,,,,,,,,,,,,,,,,,,,,,,,,,,,,,,,,,,,,,,,,,,,,,,,,,,,,No,,,,,,,,,,,,,,,,,,,,Available,Current EQL Solusek's Eye / Sol A; Nagafen's Lair sources excluded,,,,Confirmed,Unconfirmed,,,,faction-risk,,B25-SOLA,
41,B25-SOLA-META-008,25,Antonica,Solusek's Eye,Sol B boundary and access,,,,,,,,,,,,,,,,,,,,,,,,,,,,,,,,,,,,,,,,,,,,,,Zone-specific,Supplemental,Medium,https://eqlwiki.com/Solusek%27s_Eye,https://wiki.project1999.com/Solusek%27s_Eye,,Yes,1,,,,,,,Current EQL Wiki-supported; direct-build confirmation varies,Add,,,,,,,,,,https://eqlwiki.com/Solusek%27s_Eye,,2026-07-28,,,,Yes,Listed,Current Wiki evidence,No,C,Current EQL Sol A records with classic historical comparison.,,,,,Current EQL Wiki,,EQL-LOOT-1.0,zone_metadata,Metadata,,B25-SOLA-META-008,,,No,No,Multiple Nagafen's Lair transitions are access metadata only; Sol B loot is excluded.,,,,,,,,,,,,,,,,,,,Open-world indoor dungeon,,,,,,,,,,Sol B boundary and access,,,,,,,,,,,,Multiple Nagafen's Lair transitions are access metadata only; Sol B loot is excluded.,,,,,,,,,,,Open World,Open World,,,,,,,,,,,,,,,,,,,,,,,,,,,,,,,,,,,,,,,,,,,,,,,,,,,,,,,,,,,,,,,,,,,,No,,,,,,,,,,,,,,,,,,,,Available,Current EQL Solusek's Eye / Sol A; Nagafen's Lair sources excluded,,,,Confirmed,Unconfirmed,,,,batch-boundary;access,,B25-SOLA,
42,B25-SOLA-META-009,25,Antonica,Solusek's Eye,Sol A operational hazards,,,,,,,,,,,,,,,,,,,,,,,,,,,,,,,,,,,,,,,,,,,,,,Zone-specific,Supplemental,Medium,https://eqlwiki.com/Solusek%27s_Eye,https://wiki.project1999.com/Solusek%27s_Eye,,Yes,1,,,,,,,Current EQL Wiki-supported; direct-build confirmation varies,Add,,,,,,,,,,https://eqlwiki.com/Solusek%27s_Eye,,2026-07-28,,,,Yes,Listed,Current Wiki evidence,No,C,Current EQL Sol A records with classic historical comparison.,,,,,Current EQL Wiki,,EQL-LOOT-1.0,zone_metadata,Metadata,,B25-SOLA-META-009,,,No,No,"Lava, pits, invisibility detection, runners, bad pathing, clockwork assist, and Sol B trains are major hazards.",,,,,,,,,,,,,,,,,,,Open-world indoor dungeon,,,,,,,,,,Sol A operational hazards,,,,,,,,,,,,"Lava, pits, invisibility detection, runners, bad pathing, clockwork assist, and Sol B trains are major hazards.",,,,,,,,,,,Open World,Open World,,,,,,,,,,,,,,,,,,,,,,,,,,,,,,,,,,,,,,,,,,,,,,,,,,,,,,,,,,,,,,,,,,,,No,,,,,,,,,,,,,,,,,,,,Available,Current EQL Solusek's Eye / Sol A; Nagafen's Lair sources excluded,,,,Confirmed,Unconfirmed,,,,hazards,,B25-SOLA,
43,B25-SOLA-ENC-001,25,Antonica,Solusek's Eye,Lavastorm primary entrance,,,,,,,,,,,,,,,,,,,,,,,,18-24,,,,,,Zone-line trains,,,,,,,,,,,,,,,,Zone-specific,Supplemental,Medium,https://eqlwiki.com/Solusek%27s_Eye,https://wiki.project1999.com/Solusek%27s_Eye,,Yes,1,,,,,,,Current EQL Wiki-supported; direct-build confirmation varies,Add,,,,,,,,,,https://eqlwiki.com/Solusek%27s_Eye,,2026-07-28,,,,Yes,Listed,Current Wiki evidence,No,C,Current EQL Sol A records with classic historical comparison.,,,,,Current EQL Wiki,,EQL-LOOT-1.0,encounter_metadata,Metadata,,B25-SOLA-ENC-001,,,No,No,Primary Sol A entrance from Lavastorm.,,,,,,,,,,,,,,,,,,,Open-world indoor dungeon,Entrance,,,Lavastorm zone line,,,,,,Lavastorm primary entrance,Access Network,,,,,,,,,,,Primary Sol A entrance from Lavastorm.,,,,,,,,,,,Open World,Open World,,,,,,,,,,,,,,,,,,,,,,,,,,,,,,,,,,,,,,,,,,,,,,,,,,,,,,,,,,,,,,,,,,,,No,,,,,,,,,,,,,,,,,,,,Available,Current EQL Solusek's Eye / Sol A; Nagafen's Lair sources excluded,,,,Confirmed,Unconfirmed,,,,,,B25-SOLA,
44,B25-SOLA-ENC-002,25,Antonica,Solusek's Eye,Young and Cinder Goblin entrance population,,,,,,,,,,,,,,,,,,,,,,,,18-24,,,,,,Runners,,,,,,,,,,,,,,,,Zone-specific,Supplemental,Medium,https://eqlwiki.com/Solusek%27s_Eye,https://wiki.project1999.com/Solusek%27s_Eye,,Yes,1,,,,,,,Current EQL Wiki-supported; direct-build confirmation varies,Add,,,,,,,,,,https://eqlwiki.com/Solusek%27s_Eye,,2026-07-28,,,,Yes,Listed,Current Wiki evidence,No,C,Current EQL Sol A records with classic historical comparison.,,,,,Current EQL Wiki,,EQL-LOOT-1.0,encounter_metadata,Metadata,,B25-SOLA-ENC-002,,,No,No,Low-rank fire-goblin population.,,,,,,,,,,,,,,,,,,,Open-world indoor dungeon,Entrance halls,,,Entrance population,,,,,,Young and Cinder Goblin entrance population,Shared Population,,,,,,,,,,,Low-rank fire-goblin population.,,,,,,,,,,,Open World,Open World,,,,,,,,,,,,,,,,,,,,,,,,,,,,,,,,,,,,,,,,,,,,,,,,,,,,,,,,,,,,,,,,,,,,No,,,,,,,,,,,,,,,,,,,,Available,Current EQL Solusek's Eye / Sol A; Nagafen's Lair sources excluded,,,,Confirmed,Unconfirmed,,,,,,B25-SOLA,
45,B25-SOLA-ENC-003,25,Antonica,Solusek's Eye,Inferno Goblin Captain room,,,,,,,,,,,,,,,,,,,,,,,,29,,,,,,Named cycle unresolved,,,,,,,,,,,,,,,,Zone-specific,Supplemental,Medium,https://eqlwiki.com/Solusek%27s_Eye,https://wiki.project1999.com/Solusek%27s_Eye,,Yes,1,,,,,,,Current EQL Wiki-supported; direct-build confirmation varies,Add,,,,,,,,,,https://eqlwiki.com/Solusek%27s_Eye,,2026-07-28,,,,Yes,Listed,Current Wiki evidence,No,C,Current EQL Sol A records with classic historical comparison.,,,,,Current EQL Wiki,,EQL-LOOT-1.0,encounter_metadata,Metadata,,B25-SOLA-ENC-003,,,No,No,Charred Boots and Charred Gauntlets.,,,,,,,,,,,,,,,,,,,Open-world indoor dungeon,Goblin halls,,,Captain room,,,,,,Inferno Goblin Captain room,Named Encounter,,,,,,,,,,,Charred Boots and Charred Gauntlets.,,,,,,,,,,,Open World,Open World,,,,,,,,,,,,,,,,,,,,,,,,,,,,,,,,,,,,,,,,,,,,,,,,,,,,,,,,,,,,,,,,,,,,No,,,,,,,,,,,,,,,,,,,,Available,Current EQL Solusek's Eye / Sol A; Nagafen's Lair sources excluded,,,,Confirmed,Unconfirmed,,,,,,B25-SOLA,
46,B25-SOLA-ENC-004,25,Antonica,Solusek's Eye,Flame Goblin Foreman room,,,,,,,,,,,,,,,,,,,,,,,,22-28,,,,,,Goblin social aggro,,,,,,,,,,,,,,,,Zone-specific,Supplemental,Medium,https://eqlwiki.com/Solusek%27s_Eye,https://wiki.project1999.com/Solusek%27s_Eye,,Yes,1,,,,,,,Current EQL Wiki-supported; direct-build confirmation varies,Add,,,,,,,,,,https://eqlwiki.com/Solusek%27s_Eye,,2026-07-28,,,,Yes,Listed,Current Wiki evidence,No,C,Current EQL Sol A records with classic historical comparison.,,,,,Current EQL Wiki,,EQL-LOOT-1.0,encounter_metadata,Metadata,,B25-SOLA-ENC-004,,,No,No,Foreman's Tunic and Obsidian Scimitar.,,,,,,,,,,,,,,,,,,,Open-world indoor dungeon,Foreman branch,,,Foreman room,,,,,,Flame Goblin Foreman room,Named Encounter,,,,,,,,,,,Foreman's Tunic and Obsidian Scimitar.,,,,,,,,,,,Open World,Open World,,,,,,,,,,,,,,,,,,,,,,,,,,,,,,,,,,,,,,,,,,,,,,,,,,,,,,,,,,,,,,,,,,,,No,,,,,,,,,,,,,,,,,,,,Available,Current EQL Solusek's Eye / Sol A; Nagafen's Lair sources excluded,,,,Confirmed,Unconfirmed,,,,,,B25-SOLA,
47,B25-SOLA-ENC-005,25,Antonica,Solusek's Eye,Kindle room,,,,,,,,,,,,,,,,,,,,,,,,26,,,,,,Independent faction,,,,,,,,,,,,,,,,Zone-specific,Supplemental,Medium,https://eqlwiki.com/Solusek%27s_Eye,https://wiki.project1999.com/Solusek%27s_Eye,,Yes,1,,,,,,,Current EQL Wiki-supported; direct-build confirmation varies,Add,,,,,,,,,,https://eqlwiki.com/Solusek%27s_Eye,,2026-07-28,,,,Yes,Listed,Current Wiki evidence,No,C,Current EQL Sol A records with classic historical comparison.,,,,,Current EQL Wiki,,EQL-LOOT-1.0,encounter_metadata,Metadata,,B25-SOLA-ENC-005,,,No,No,Fire Imp named with Obsidian Ring and Impskin Gloves.,,,,,,,,,,,,,,,,,,,Open-world indoor dungeon,Kindle branch,,,Kindle room,,,,,,Kindle room,Named Encounter,,,,,,,,,,,Fire Imp named with Obsidian Ring and Impskin Gloves.,,,,,,,,,,,Open World,Open World,,,,,,,,,,,,,,,,,,,,,,,,,,,,,,,,,,,,,,,,,,,,,,,,,,,,,,,,,,,,,,,,,,,,No,,,,,,,,,,,,,,,,,,,,Available,Current EQL Solusek's Eye / Sol A; Nagafen's Lair sources excluded,,,,Confirmed,Unconfirmed,,,,,,B25-SOLA,
48,B25-SOLA-ENC-006,25,Antonica,Solusek's Eye,Fire-elemental pit traps,,,,,,,,,,,,,,,,,,,,,,,,25-35,,,,,,Lava and pit hazards,,,,,,,,,,,,,,,,Zone-specific,Supplemental,Medium,https://eqlwiki.com/Solusek%27s_Eye,https://wiki.project1999.com/Solusek%27s_Eye,,Yes,1,,,,,,,Current EQL Wiki-supported; direct-build confirmation varies,Add,,,,,,,,,,https://eqlwiki.com/Solusek%27s_Eye,,2026-07-28,,,,Yes,Listed,Current Wiki evidence,No,C,Current EQL Sol A records with classic historical comparison.,,,,,Current EQL Wiki,,EQL-LOOT-1.0,encounter_metadata,Metadata,,B25-SOLA-ENC-006,,,No,No,Elementals occupy pit traps and may see invisibility.,,,,,,,,,,,,,,,,,,,Open-world indoor dungeon,Elemental branch,,,Trap pits,,,,,,Fire-elemental pit traps,Hazard / Population,,,,,,,,,,,Elementals occupy pit traps and may see invisibility.,,,,,,,,,,,Open World,Open World,,,,,,,,,,,,,,,,,,,,,,,,,,,,,,,,,,,,,,,,,,,,,,,,,,,,,,,,,,,,,,,,,,,,No,,,,,,,,,,,,,,,,,,,,Available,Current EQL Solusek's Eye / Sol A; Nagafen's Lair sources excluded,,,,Confirmed,Unconfirmed,,,,,,B25-SOLA,
49,B25-SOLA-ENC-007,25,Antonica,Solusek's Eye,Reckless Efreeti room,,,,,,,,,,,,,,,,,,,,,,,,26,,,,,,70-minute classic PH,,,,,,,,,,,,,,,,Zone-specific,Supplemental,Medium,https://eqlwiki.com/Solusek%27s_Eye,https://wiki.project1999.com/Solusek%27s_Eye,,Yes,1,,,,,,,Current EQL Wiki-supported; direct-build confirmation varies,Add,,,,,,,,,,https://eqlwiki.com/Solusek%27s_Eye,,2026-07-28,,,,Yes,Listed,Current Wiki evidence,No,C,Current EQL Sol A records with classic historical comparison.,,,,,Current EQL Wiki,,EQL-LOOT-1.0,encounter_metadata,Metadata,,B25-SOLA-ENC-007,,,No,No,Stationary Blazing Elemental placeholder and unresolved special current timer.,,,,,,,,,,,,,,,,,,,Open-world indoor dungeon,Elemental branch,,,Efreeti room,,,,,,Reckless Efreeti room,Special Named,,,,,,,,,,,Stationary Blazing Elemental placeholder and unresolved special current timer.,,,,,,,,,,,Open World,Open World,,,,,,,,,,,,,,,,,,,,,,,,,,,,,,,,,,,,,,,,,,,,,,,,,,,,,,,,,,,,,,,,,,,,No,,,,,,,,,,,,,,,,,,,,Available,Current EQL Solusek's Eye / Sol A; Nagafen's Lair sources excluded,,,,Confirmed,Unconfirmed,,,,,,B25-SOLA,
50,B25-SOLA-ENC-008,25,Antonica,Solusek's Eye,Kobold Predator corridor,,,,,,,,,,,,,,,,,,,,,,,,25,,,,,,Low listed probability,,,,,,,,,,,,,,,,Zone-specific,Supplemental,Medium,https://eqlwiki.com/Solusek%27s_Eye,https://wiki.project1999.com/Solusek%27s_Eye,,Yes,1,,,,,,,Current EQL Wiki-supported; direct-build confirmation varies,Add,,,,,,,,,,https://eqlwiki.com/Solusek%27s_Eye,,2026-07-28,,,,Yes,Listed,Current Wiki evidence,No,C,Current EQL Sol A records with classic historical comparison.,,,,,Current EQL Wiki,,EQL-LOOT-1.0,encounter_metadata,Metadata,,B25-SOLA-ENC-008,,,No,No,Wandering rare kobold source.,,,,,,,,,,,,,,,,,,,Open-world indoor dungeon,Kobold corridor,,,Predator route,,,,,,Kobold Predator corridor,Rare Named,,,,,,,,,,,Wandering rare kobold source.,,,,,,,,,,,Open World,Open World,,,,,,,,,,,,,,,,,,,,,,,,,,,,,,,,,,,,,,,,,,,,,,,,,,,,,,,,,,,,,,,,,,,,No,,,,,,,,,,,,,,,,,,,,Available,Current EQL Solusek's Eye / Sol A; Nagafen's Lair sources excluded,,,,Confirmed,Unconfirmed,,,,,,B25-SOLA,
51,B25-SOLA-ENC-009,25,Antonica,Solusek's Eye,Goblin bar approach,,,,,,,,,,,,,,,,,,,,,,,,24-30,,,,,,Bad pathing,,,,,,,,,,,,,,,,Zone-specific,Supplemental,Medium,https://eqlwiki.com/Solusek%27s_Eye,https://wiki.project1999.com/Solusek%27s_Eye,,Yes,1,,,,,,,Current EQL Wiki-supported; direct-build confirmation varies,Add,,,,,,,,,,https://eqlwiki.com/Solusek%27s_Eye,,2026-07-28,,,,Yes,Listed,Current Wiki evidence,No,C,Current EQL Sol A records with classic historical comparison.,,,,,Current EQL Wiki,,EQL-LOOT-1.0,encounter_metadata,Metadata,,B25-SOLA-ENC-009,,,No,No,Mixed fire/inferno goblin route with pathing risk.,,,,,,,,,,,,,,,,,,,Open-world indoor dungeon,Bar complex,,,Bar approach,,,,,,Goblin bar approach,Camp Population,,,,,,,,,,,Mixed fire/inferno goblin route with pathing risk.,,,,,,,,,,,Open World,Open World,,,,,,,,,,,,,,,,,,,,,,,,,,,,,,,,,,,,,,,,,,,,,,,,,,,,,,,,,,,,,,,,,,,,No,,,,,,,,,,,,,,,,,,,,Available,Current EQL Solusek's Eye / Sol A; Nagafen's Lair sources excluded,,,,Confirmed,Unconfirmed,,,,,,B25-SOLA,
52,B25-SOLA-ENC-010,25,Antonica,Solusek's Eye,Fire Goblin Bartender room,,,,,,,,,,,,,,,,,,,,,,,,24-30,,,,,,Caster adds,,,,,,,,,,,,,,,,Zone-specific,Supplemental,Medium,https://eqlwiki.com/Solusek%27s_Eye,https://wiki.project1999.com/Solusek%27s_Eye,,Yes,1,,,,,,,Current EQL Wiki-supported; direct-build confirmation varies,Add,,,,,,,,,,https://eqlwiki.com/Solusek%27s_Eye,,2026-07-28,,,,Yes,Listed,Current Wiki evidence,No,C,Current EQL Sol A records with classic historical comparison.,,,,,Current EQL Wiki,,EQL-LOOT-1.0,encounter_metadata,Metadata,,B25-SOLA-ENC-010,,,No,No,Drake-hide Leggings and Sleeves.,,,,,,,,,,,,,,,,,,,Open-world indoor dungeon,Bar complex,,,Bartender room,,,,,,Fire Goblin Bartender room,Named Encounter,,,,,,,,,,,Drake-hide Leggings and Sleeves.,,,,,,,,,,,Open World,Open World,,,,,,,,,,,,,,,,,,,,,,,,,,,,,,,,,,,,,,,,,,,,,,,,,,,,,,,,,,,,,,,,,,,,No,,,,,,,,,,,,,,,,,,,,Available,Current EQL Solusek's Eye / Sol A; Nagafen's Lair sources excluded,,,,Confirmed,Unconfirmed,,,,,,B25-SOLA,
53,B25-SOLA-ENC-011,25,Antonica,Solusek's Eye,Fire Goblin Drunkard room,,,,,,,,,,,,,,,,,,,,,,,,26,,,,,,Placeholder family,,,,,,,,,,,,,,,,Zone-specific,Supplemental,Medium,https://eqlwiki.com/Solusek%27s_Eye,https://wiki.project1999.com/Solusek%27s_Eye,,Yes,1,,,,,,,Current EQL Wiki-supported; direct-build confirmation varies,Add,,,,,,,,,,https://eqlwiki.com/Solusek%27s_Eye,,2026-07-28,,,,Yes,Listed,Current Wiki evidence,No,C,Current EQL Sol A records with classic historical comparison.,,,,,Current EQL Wiki,,EQL-LOOT-1.0,encounter_metadata,Metadata,,B25-SOLA-ENC-011,,,No,No,Fire Crystal Staff and Frothy Goblin Tonic.,,,,,,,,,,,,,,,,,,,Open-world indoor dungeon,Bar complex,,,Drunkard room,,,,,,Fire Goblin Drunkard room,Named Encounter,,,,,,,,,,,Fire Crystal Staff and Frothy Goblin Tonic.,,,,,,,,,,,Open World,Open World,,,,,,,,,,,,,,,,,,,,,,,,,,,,,,,,,,,,,,,,,,,,,,,,,,,,,,,,,,,,,,,,,,,,No,,,,,,,,,,,,,,,,,,,,Available,Current EQL Solusek's Eye / Sol A; Nagafen's Lair sources excluded,,,,Confirmed,Unconfirmed,,,,,,B25-SOLA,
54,B25-SOLA-ENC-012,25,Antonica,Solusek's Eye,Goblin High Shaman room,,,,,,,,,,,,,,,,,,,,,,,,29,,,,,,Shaman spells,,,,,,,,,,,,,,,,Zone-specific,Supplemental,Medium,https://eqlwiki.com/Solusek%27s_Eye,https://wiki.project1999.com/Solusek%27s_Eye,,Yes,1,,,,,,,Current EQL Wiki-supported; direct-build confirmation varies,Add,,,,,,,,,,https://eqlwiki.com/Solusek%27s_Eye,,2026-07-28,,,,Yes,Listed,Current Wiki evidence,No,C,Current EQL Sol A records with classic historical comparison.,,,,,Current EQL Wiki,,EQL-LOOT-1.0,encounter_metadata,Metadata,,B25-SOLA-ENC-012,,,No,No,Glowing Stone Band and Platinum Dragon Totem.,,,,,,,,,,,,,,,,,,,Open-world indoor dungeon,High Shaman branch,,,High Shaman room,,,,,,Goblin High Shaman room,Named Encounter,,,,,,,,,,,Glowing Stone Band and Platinum Dragon Totem.,,,,,,,,,,,Open World,Open World,,,,,,,,,,,,,,,,,,,,,,,,,,,,,,,,,,,,,,,,,,,,,,,,,,,,,,,,,,,,,,,,,,,,No,,,,,,,,,,,,,,,,,,,,Available,Current EQL Solusek's Eye / Sol A; Nagafen's Lair sources excluded,,,,Confirmed,Unconfirmed,,,,,,B25-SOLA,
55,B25-SOLA-ENC-013,25,Antonica,Solusek's Eye,Inferno Goblin Torturer and jail,,,,,,,,,,,,,,,,,,,,,,,,27-28,,,,,,Faction gain exception,,,,,,,,,,,,,,,,Zone-specific,Supplemental,Medium,https://eqlwiki.com/Solusek%27s_Eye,https://wiki.project1999.com/Solusek%27s_Eye,,Yes,1,,,,,,,Current EQL Wiki-supported; direct-build confirmation varies,Add,,,,,,,,,,https://eqlwiki.com/Solusek%27s_Eye,,2026-07-28,,,,Yes,Listed,Current Wiki evidence,No,C,Current EQL Sol A records with classic historical comparison.,,,,,Current EQL Wiki,,EQL-LOOT-1.0,encounter_metadata,Metadata,,B25-SOLA-ENC-013,,,No,No,Turquoise Eyepatch and Memento Box.,,,,,,,,,,,,,,,,,,,Open-world indoor dungeon,Jail branch,,,Torturer room,,,,,,Inferno Goblin Torturer and jail,Named Encounter,,,,,,,,,,,Turquoise Eyepatch and Memento Box.,,,,,,,,,,,Open World,Open World,,,,,,,,,,,,,,,,,,,,,,,,,,,,,,,,,,,,,,,,,,,,,,,,,,,,,,,,,,,,,,,,,,,,No,,,,,,,,,,,,,,,,,,,,Available,Current EQL Solusek's Eye / Sol A; Nagafen's Lair sources excluded,,,,Confirmed,Unconfirmed,,,,,,B25-SOLA,
56,B25-SOLA-ENC-014,25,Antonica,Solusek's Eye,Solusek Goblin King room,,,,,,,,,,,,,,,,,,,,,,,,30,,,,,,Champion placeholder,,,,,,,,,,,,,,,,Zone-specific,Supplemental,Medium,https://eqlwiki.com/Solusek%27s_Eye,https://wiki.project1999.com/Solusek%27s_Eye,,Yes,1,,,,,,,Current EQL Wiki-supported; direct-build confirmation varies,Add,,,,,,,,,,https://eqlwiki.com/Solusek%27s_Eye,,2026-07-28,,,,Yes,Listed,Current Wiki evidence,No,C,Current EQL Sol A records with classic historical comparison.,,,,,Current EQL Wiki,,EQL-LOOT-1.0,encounter_metadata,Metadata,,B25-SOLA-ENC-014,,,No,No,Ring of Goblin Lords and Scepter of Flame.,,,,,,,,,,,,,,,,,,,Open-world indoor dungeon,Throne branch,,,King room,,,,,,Solusek Goblin King room,Named Encounter,,,,,,,,,,,Ring of Goblin Lords and Scepter of Flame.,,,,,,,,,,,Open World,Open World,,,,,,,,,,,,,,,,,,,,,,,,,,,,,,,,,,,,,,,,,,,,,,,,,,,,,,,,,,,,,,,,,,,,No,,,,,,,,,,,,,,,,,,,,Available,Current EQL Solusek's Eye / Sol A; Nagafen's Lair sources excluded,,,,Confirmed,Unconfirmed,,,,,,B25-SOLA,
57,B25-SOLA-ENC-015,25,Antonica,Solusek's Eye,Lord Gimblox throne spawn,,,,,,,,,,,,,,,,,,,,,,,,30,,,,,,Quest-era availability,,,,,,,,,,,,,,,,Zone-specific,Supplemental,Medium,https://eqlwiki.com/Solusek%27s_Eye,https://wiki.project1999.com/Solusek%27s_Eye,,Yes,1,,,,,,,Current EQL Wiki-supported; direct-build confirmation varies,Add,,,,,,,,,,https://eqlwiki.com/Solusek%27s_Eye,,2026-07-28,,,,Yes,Listed,Current Wiki evidence,No,C,Current EQL Sol A records with classic historical comparison.,,,,,Current EQL Wiki,,EQL-LOOT-1.0,encounter_metadata,Metadata,,B25-SOLA-ENC-015,,,No,No,Epic-era named and Signet Ring drop.,,,,,,,,,,,,,,,,,,,Open-world indoor dungeon,Throne branch,,,Throne room,,,,,,Lord Gimblox throne spawn,Quest-era Named,,,,,,,,,,,Epic-era named and Signet Ring drop.,,,,,,,,,,,Open World,Open World,,,,,,,,,,,,,,,,,,,,,,,,,,,,,,,,,,,,,,,,,,,,,,,,,,,,,,,,,,,,,,,,,,,,No,,,,,,,,,,,,,,,,,,,,Available,Current EQL Solusek's Eye / Sol A; Nagafen's Lair sources excluded,,,,Confirmed,Unconfirmed,,,,,,B25-SOLA,
58,B25-SOLA-ENC-016,25,Antonica,Solusek's Eye,Lynada the Exiled room,,,,,,,,,,,,,,,,,,,,,,,,29,,,,,,Faction exception,,,,,,,,,,,,,,,,Zone-specific,Supplemental,Medium,https://eqlwiki.com/Solusek%27s_Eye,https://wiki.project1999.com/Solusek%27s_Eye,,Yes,1,,,,,,,Current EQL Wiki-supported; direct-build confirmation varies,Add,,,,,,,,,,https://eqlwiki.com/Solusek%27s_Eye,,2026-07-28,,,,Yes,Listed,Current Wiki evidence,No,C,Current EQL Sol A records with classic historical comparison.,,,,,Current EQL Wiki,,EQL-LOOT-1.0,encounter_metadata,Metadata,,B25-SOLA-ENC-016,,,No,No,"Sparkle Purse, Damask Amice, and unusual goblin faction hit.",,,,,,,,,,,,,,,,,,,Open-world indoor dungeon,Lynada branch,,,Lynada room,,,,,,Lynada the Exiled room,Quest Named,,,,,,,,,,,"Sparkle Purse, Damask Amice, and unusual goblin faction hit.",,,,,,,,,,,Open World,Open World,,,,,,,,,,,,,,,,,,,,,,,,,,,,,,,,,,,,,,,,,,,,,,,,,,,,,,,,,,,,,,,,,,,,No,,,,,,,,,,,,,,,,,,,,Available,Current EQL Solusek's Eye / Sol A; Nagafen's Lair sources excluded,,,,Confirmed,Unconfirmed,,,,,,B25-SOLA,
59,B25-SOLA-ENC-017,25,Antonica,Solusek's Eye,Solusek Mage and Champion family,,,,,,,,,,,,,,,,,,,,,,,,28-34,,,,,,Multiple source locations,,,,,,,,,,,,,,,,Zone-specific,Supplemental,Medium,https://eqlwiki.com/Solusek%27s_Eye,https://wiki.project1999.com/Solusek%27s_Eye,,Yes,1,,,,,,,Current EQL Wiki-supported; direct-build confirmation varies,Add,,,,,,,,,,https://eqlwiki.com/Solusek%27s_Eye,,2026-07-28,,,,Yes,Listed,Current Wiki evidence,No,C,Current EQL Sol A records with classic historical comparison.,,,,,Current EQL Wiki,,EQL-LOOT-1.0,encounter_metadata,Metadata,,B25-SOLA-ENC-017,,,No,No,Firewalker Boots active; Fiery Vambraces incomplete.,,,,,,,,,,,,,,,,,,,Open-world indoor dungeon,Elite goblin population,,,Multiple rooms,,,,,,Solusek Mage and Champion family,Narrow Source Family,,,,,,,,,,,Firewalker Boots active; Fiery Vambraces incomplete.,,,,,,,,,,,Open World,Open World,,,,,,,,,,,,,,,,,,,,,,,,,,,,,,,,,,,,,,,,,,,,,,,,,,,,,,,,,,,,,,,,,,,,No,,,,,,,,,,,,,,,,,,,,Available,Current EQL Solusek's Eye / Sol A; Nagafen's Lair sources excluded,,,,Confirmed,Unconfirmed,,,,,,B25-SOLA,
60,B25-SOLA-ENC-018,25,Antonica,Solusek's Eye,Gnome fort entrance,,,,,,,,,,,,,,,,,,,,,,,,28-40,,,,,,Ak'Anon faction risk,,,,,,,,,,,,,,,,Zone-specific,Supplemental,Medium,https://eqlwiki.com/Solusek%27s_Eye,https://wiki.project1999.com/Solusek%27s_Eye,,Yes,1,,,,,,,Current EQL Wiki-supported; direct-build confirmation varies,Add,,,,,,,,,,https://eqlwiki.com/Solusek%27s_Eye,,2026-07-28,,,,Yes,Listed,Current Wiki evidence,No,C,Current EQL Sol A records with classic historical comparison.,,,,,Current EQL Wiki,,EQL-LOOT-1.0,encounter_metadata,Metadata,,B25-SOLA-ENC-018,,,No,No,Gnomes and clockworks assist each other.,,,,,,,,,,,,,,,,,,,Open-world indoor dungeon,Gnome fort,,,Fort entrance,,,,,,Gnome fort entrance,Camp Population,,,,,,,,,,,Gnomes and clockworks assist each other.,,,,,,,,,,,Open World,Open World,,,,,,,,,,,,,,,,,,,,,,,,,,,,,,,,,,,,,,,,,,,,,,,,,,,,,,,,,,,,,,,,,,,,No,,,,,,,,,,,,,,,,,,,,Available,Current EQL Solusek's Eye / Sol A; Nagafen's Lair sources excluded,,,,Confirmed,Unconfirmed,,,,,,B25-SOLA,
61,B25-SOLA-ENC-019,25,Antonica,Solusek's Eye,Captain Bipnubble room,,,,,,,,,,,,,,,,,,,,,,,,40,,,,,,High HP,,,,,,,,,,,,,,,,Zone-specific,Supplemental,Medium,https://eqlwiki.com/Solusek%27s_Eye,https://wiki.project1999.com/Solusek%27s_Eye,,Yes,1,,,,,,,Current EQL Wiki-supported; direct-build confirmation varies,Add,,,,,,,,,,https://eqlwiki.com/Solusek%27s_Eye,,2026-07-28,,,,Yes,Listed,Current Wiki evidence,No,C,Current EQL Sol A records with classic historical comparison.,,,,,Current EQL Wiki,,EQL-LOOT-1.0,encounter_metadata,Metadata,,B25-SOLA-ENC-019,,,No,No,Gnomish Environment Suit source.,,,,,,,,,,,,,,,,,,,Open-world indoor dungeon,Gnome fort,,,Upper fort,,,,,,Captain Bipnubble room,Named Encounter,,,,,,,,,,,Gnomish Environment Suit source.,,,,,,,,,,,Open World,Open World,,,,,,,,,,,,,,,,,,,,,,,,,,,,,,,,,,,,,,,,,,,,,,,,,,,,,,,,,,,,,,,,,,,,No,,,,,,,,,,,,,,,,,,,,Available,Current EQL Solusek's Eye / Sol A; Nagafen's Lair sources excluded,,,,Confirmed,Unconfirmed,,,,,,B25-SOLA,
62,B25-SOLA-ENC-020,25,Antonica,Solusek's Eye,Gabbie Mardoddle room,,,,,,,,,,,,,,,,,,,,,,,,32,,,,,,Wizard spells,,,,,,,,,,,,,,,,Zone-specific,Supplemental,Medium,https://eqlwiki.com/Solusek%27s_Eye,https://wiki.project1999.com/Solusek%27s_Eye,,Yes,1,,,,,,,Current EQL Wiki-supported; direct-build confirmation varies,Add,,,,,,,,,,https://eqlwiki.com/Solusek%27s_Eye,,2026-07-28,,,,Yes,Listed,Current Wiki evidence,No,C,Current EQL Sol A records with classic historical comparison.,,,,,Current EQL Wiki,,EQL-LOOT-1.0,encounter_metadata,Metadata,,B25-SOLA-ENC-020,,,No,No,Mithril Quill and Molten Cloak.,,,,,,,,,,,,,,,,,,,Open-world indoor dungeon,Gnome fort,,,Gabbie room,,,,,,Gabbie Mardoddle room,Named Encounter,,,,,,,,,,,Mithril Quill and Molten Cloak.,,,,,,,,,,,Open World,Open World,,,,,,,,,,,,,,,,,,,,,,,,,,,,,,,,,,,,,,,,,,,,,,,,,,,,,,,,,,,,,,,,,,,,No,,,,,,,,,,,,,,,,,,,,Available,Current EQL Solusek's Eye / Sol A; Nagafen's Lair sources excluded,,,,Confirmed,Unconfirmed,,,,,,B25-SOLA,
63,B25-SOLA-ENC-021,25,Antonica,Solusek's Eye,Clockwork model corridors,,,,,,,,,,,,,,,,,,,,,,,,28-34,,,,,,High MR variants,,,,,,,,,,,,,,,,Zone-specific,Supplemental,Medium,https://eqlwiki.com/Solusek%27s_Eye,https://wiki.project1999.com/Solusek%27s_Eye,,Yes,1,,,,,,,Current EQL Wiki-supported; direct-build confirmation varies,Add,,,,,,,,,,https://eqlwiki.com/Solusek%27s_Eye,,2026-07-28,,,,Yes,Listed,Current Wiki evidence,No,C,Current EQL Sol A records with classic historical comparison.,,,,,Current EQL Wiki,,EQL-LOOT-1.0,encounter_metadata,Metadata,,B25-SOLA-ENC-021,,,No,No,"CA through XC models, spiders, and mining-company assists.",,,,,,,,,,,,,,,,,,,Open-world indoor dungeon,Clockwork corridors,,,Model routes,,,,,,Clockwork model corridors,Shared Population,,,,,,,,,,,"CA through XC models, spiders, and mining-company assists.",,,,,,,,,,,Open World,Open World,,,,,,,,,,,,,,,,,,,,,,,,,,,,,,,,,,,,,,,,,,,,,,,,,,,,,,,,,,,,,,,,,,,,No,,,,,,,,,,,,,,,,,,,,Available,Current EQL Solusek's Eye / Sol A; Nagafen's Lair sources excluded,,,,Confirmed,Unconfirmed,,,,,,B25-SOLA,
64,B25-SOLA-ENC-022,25,Antonica,Solusek's Eye,CWG Model EXG patrol,,,,,,,,,,,,,,,,,,,,,,,,30,,,,,,Roaming named,,,,,,,,,,,,,,,,Zone-specific,Supplemental,Medium,https://eqlwiki.com/Solusek%27s_Eye,https://wiki.project1999.com/Solusek%27s_Eye,,Yes,1,,,,,,,Current EQL Wiki-supported; direct-build confirmation varies,Add,,,,,,,,,,https://eqlwiki.com/Solusek%27s_Eye,,2026-07-28,,,,Yes,Listed,Current Wiki evidence,No,C,Current EQL Sol A records with classic historical comparison.,,,,,Current EQL Wiki,,EQL-LOOT-1.0,encounter_metadata,Metadata,,B25-SOLA-ENC-022,,,No,No,"SX placeholder, damage shield, and guardian items.",,,,,,,,,,,,,,,,,,,Open-world indoor dungeon,Clockwork corridors,,,EXG route,,,,,,CWG Model EXG patrol,Special Named,,,,,,,,,,,"SX placeholder, damage shield, and guardian items.",,,,,,,,,,,Open World,Open World,,,,,,,,,,,,,,,,,,,,,,,,,,,,,,,,,,,,,,,,,,,,,,,,,,,,,,,,,,,,,,,,,,,,No,,,,,,,,,,,,,,,,,,,,Available,Current EQL Solusek's Eye / Sol A; Nagafen's Lair sources excluded,,,,Confirmed,Unconfirmed,,,,,,B25-SOLA,
65,B25-SOLA-ENC-023,25,Antonica,Solusek's Eye,Lava Elemental cycle,,,,,,,,,,,,,,,,,,,,,,,,35,,,,,,Lava pathing,,,,,,,,,,,,,,,,Zone-specific,Supplemental,Medium,https://eqlwiki.com/Solusek%27s_Eye,https://wiki.project1999.com/Solusek%27s_Eye,,Yes,1,,,,,,,Current EQL Wiki-supported; direct-build confirmation varies,Add,,,,,,,,,,https://eqlwiki.com/Solusek%27s_Eye,,2026-07-28,,,,Yes,Listed,Current Wiki evidence,No,C,Current EQL Sol A records with classic historical comparison.,,,,,Current EQL Wiki,,EQL-LOOT-1.0,encounter_metadata,Metadata,,B25-SOLA-ENC-023,,,No,No,CWG Model MB placeholder; may path into lava.,,,,,,,,,,,,,,,,,,,Open-world indoor dungeon,Deep elemental branch,,,Lava route,,,,,,Lava Elemental cycle,Special Named,,,,,,,,,,,CWG Model MB placeholder; may path into lava.,,,,,,,,,,,Open World,Open World,,,,,,,,,,,,,,,,,,,,,,,,,,,,,,,,,,,,,,,,,,,,,,,,,,,,,,,,,,,,,,,,,,,,No,,,,,,,,,,,,,,,,,,,,Available,Current EQL Solusek's Eye / Sol A; Nagafen's Lair sources excluded,,,,Confirmed,Unconfirmed,,,,,,B25-SOLA,
66,B25-SOLA-ENC-024,25,Antonica,Solusek's Eye,Nagafen's Lair transitions,,,,,,,,,,,,,,,,,,,,,,,,30-40,,,,,,High-level Sol B arrivals,,,,,,,,,,,,,,,,Zone-specific,Supplemental,Medium,https://eqlwiki.com/Solusek%27s_Eye,https://wiki.project1999.com/Solusek%27s_Eye,,Yes,1,,,,,,,Current EQL Wiki-supported; direct-build confirmation varies,Add,,,,,,,,,,https://eqlwiki.com/Solusek%27s_Eye,,2026-07-28,,,,Yes,Listed,Current Wiki evidence,No,C,Current EQL Sol A records with classic historical comparison.,,,,,Current EQL Wiki,,EQL-LOOT-1.0,encounter_metadata,Metadata,,B25-SOLA-ENC-024,,,No,No,Escape routes and contamination boundary; Sol B loot excluded.,,,,,,,,,,,,,,,,,,,Open-world indoor dungeon,Zone boundary,,,Multiple Sol B zone lines,,,,,,Nagafen's Lair transitions,Access Network,,,,,,,,,,,Escape routes and contamination boundary; Sol B loot excluded.,,,,,,,,,,,Open World,Open World,,,,,,,,,,,,,,,,,,,,,,,,,,,,,,,,,,,,,,,,,,,,,,,,,,,,,,,,,,,,,,,,,,,,No,,,,,,,,,,,,,,,,,,,,Available,Current EQL Solusek's Eye / Sol A; Nagafen's Lair sources excluded,,,,Confirmed,Unconfirmed,,,,,,B25-SOLA,
67,B25-SOLA-GMETA-001,25,Antonica,Solusek's Eye,Fire Goblin Skin family,,,,,,,,,,,,,,,,,,,,,,,,,,,,,,,,,,,,,,,,,,,,,,Zone-specific,Supplemental,Medium,https://eqlwiki.com/Solusek%27s_Eye,https://wiki.project1999.com/Solusek%27s_Eye,,Yes,1,,,,,,,Current EQL Wiki-supported; direct-build confirmation varies,Add,,,,,,,,,,https://eqlwiki.com/Solusek%27s_Eye,,2026-07-28,,,,Yes,Listed,Current Wiki evidence,No,C,Current EQL Sol A records with classic historical comparison.,,,,,Current EQL Wiki,,EQL-LOOT-1.0,metadata,Metadata,,B25-SOLA-GMETA-001,,,No,No,Broad fire-goblin-family item; no duplicate row per goblin rank.,,,,,,,,,,,,,,,,,,,Open-world indoor dungeon,,,,,,,,,,Fire Goblin Skin family,,,,,,,,,,,,Broad fire-goblin-family item; no duplicate row per goblin rank.,,,,,,,,,,,Open World,Open World,,,,,,,,,,,,,,,,,,,,,,,,,,,,,,,,,,,,,,,,,,,,,,,,,,,,,,,,,,,,,,,,,,,,No,,,,,,,,,,,,,,,,,,,,Available,Current EQL Solusek's Eye / Sol A; Nagafen's Lair sources excluded,,,,Confirmed,Unconfirmed,,,,loot-family;fire-goblin,,B25-SOLA,
68,B25-SOLA-GMETA-002,25,Antonica,Solusek's Eye,Generic goblin meat and blood,,,,,,,,,,,,,,,,,,,,,,,,,,,,,,,,,,,,,,,,,,,,,,Zone-specific,Supplemental,Medium,https://eqlwiki.com/Solusek%27s_Eye,https://wiki.project1999.com/Solusek%27s_Eye,,Yes,1,,,,,,,Current EQL Wiki-supported; direct-build confirmation varies,Add,,,,,,,,,,https://eqlwiki.com/Solusek%27s_Eye,,2026-07-28,,,,Yes,Listed,Current Wiki evidence,No,C,Current EQL Sol A records with classic historical comparison.,,,,,Current EQL Wiki,,EQL-LOOT-1.0,metadata,Metadata,,B25-SOLA-GMETA-002,,,No,No,Common goblin components remain broad population metadata.,,,,,,,,,,,,,,,,,,,Open-world indoor dungeon,,,,,,,,,,Generic goblin meat and blood,,,,,,,,,,,,Common goblin components remain broad population metadata.,,,,,,,,,,,Open World,Open World,,,,,,,,,,,,,,,,,,,,,,,,,,,,,,,,,,,,,,,,,,,,,,,,,,,,,,,,,,,,,,,,,,,,No,,,,,,,,,,,,,,,,,,,,Available,Current EQL Solusek's Eye / Sol A; Nagafen's Lair sources excluded,,,,Confirmed,Unconfirmed,,,,global-loot;excluded,,B25-SOLA,
69,B25-SOLA-GMETA-003,25,Antonica,Solusek's Eye,Ore and mining materials,,,,,,,,,,,,,,,,,,,,,,,,,,,,,,,,,,,,,,,,,,,,,,Zone-specific,Supplemental,Medium,https://eqlwiki.com/Solusek%27s_Eye,https://wiki.project1999.com/Solusek%27s_Eye,,Yes,1,,,,,,,Current EQL Wiki-supported; direct-build confirmation varies,Add,,,,,,,,,,https://eqlwiki.com/Solusek%27s_Eye,,2026-07-28,,,,Yes,Listed,Current Wiki evidence,No,C,Current EQL Sol A records with classic historical comparison.,,,,,Current EQL Wiki,,EQL-LOOT-1.0,metadata,Metadata,,B25-SOLA-GMETA-003,,,No,No,"Ore bricks, blue ore, melatite, and dufrenite remain mining-family metadata.",,,,,,,,,,,,,,,,,,,Open-world indoor dungeon,,,,,,,,,,Ore and mining materials,,,,,,,,,,,,"Ore bricks, blue ore, melatite, and dufrenite remain mining-family metadata.",,,,,,,,,,,Open World,Open World,,,,,,,,,,,,,,,,,,,,,,,,,,,,,,,,,,,,,,,,,,,,,,,,,,,,,,,,,,,,,,,,,,,,No,,,,,,,,,,,,,,,,,,,,Available,Current EQL Solusek's Eye / Sol A; Nagafen's Lair sources excluded,,,,Confirmed,Unconfirmed,,,,loot-family;ore,,B25-SOLA,
70,B25-SOLA-GMETA-004,25,Antonica,Solusek's Eye,Clockwork modules and power sources,,,,,,,,,,,,,,,,,,,,,,,,,,,,,,,,,,,,,,,,,,,,,,Zone-specific,Supplemental,Medium,https://eqlwiki.com/Solusek%27s_Eye,https://wiki.project1999.com/Solusek%27s_Eye,,Yes,1,,,,,,,Current EQL Wiki-supported; direct-build confirmation varies,Add,,,,,,,,,,https://eqlwiki.com/Solusek%27s_Eye,,2026-07-28,,,,Yes,Listed,Current Wiki evidence,No,C,Current EQL Sol A records with classic historical comparison.,,,,,Current EQL Wiki,,EQL-LOOT-1.0,metadata,Metadata,,B25-SOLA-GMETA-004,,,No,No,Modules and power sources remain progression metadata unless exact quest use is locked.,,,,,,,,,,,,,,,,,,,Open-world indoor dungeon,,,,,,,,,,Clockwork modules and power sources,,,,,,,,,,,,Modules and power sources remain progression metadata unless exact quest use is locked.,,,,,,,,,,,Open World,Open World,,,,,,,,,,,,,,,,,,,,,,,,,,,,,,,,,,,,,,,,,,,,,,,,,,,,,,,,,,,,,,,,,,,,No,,,,,,,,,,,,,,,,,,,,Available,Current EQL Solusek's Eye / Sol A; Nagafen's Lair sources excluded,,,,Confirmed,Unconfirmed,,,,loot-family;clockwork,,B25-SOLA,
71,B25-SOLA-GMETA-005,25,Antonica,Solusek's Eye,Generic research words and pages,,,,,,,,,,,,,,,,,,,,,,,,,,,,,,,,,,,,,,,,,,,,,,Zone-specific,Supplemental,Medium,https://eqlwiki.com/Solusek%27s_Eye,https://wiki.project1999.com/Solusek%27s_Eye,,Yes,1,,,,,,,Current EQL Wiki-supported; direct-build confirmation varies,Add,,,,,,,,,,https://eqlwiki.com/Solusek%27s_Eye,,2026-07-28,,,,Yes,Listed,Current Wiki evidence,No,C,Current EQL Sol A records with classic historical comparison.,,,,,Current EQL Wiki,,EQL-LOOT-1.0,metadata,Metadata,,B25-SOLA-GMETA-005,,,No,No,Research drops remain broad population metadata.,,,,,,,,,,,,,,,,,,,Open-world indoor dungeon,,,,,,,,,,Generic research words and pages,,,,,,,,,,,,Research drops remain broad population metadata.,,,,,,,,,,,Open World,Open World,,,,,,,,,,,,,,,,,,,,,,,,,,,,,,,,,,,,,,,,,,,,,,,,,,,,,,,,,,,,,,,,,,,,No,,,,,,,,,,,,,,,,,,,,Available,Current EQL Solusek's Eye / Sol A; Nagafen's Lair sources excluded,,,,Confirmed,Unconfirmed,,,,global-loot;excluded,,B25-SOLA,
72,B25-SOLA-GMETA-006,25,Antonica,Solusek's Eye,Imp Blood and fire components,,,,,,,,,,,,,,,,,,,,,,,,,,,,,,,,,,,,,,,,,,,,,,Zone-specific,Supplemental,Medium,https://eqlwiki.com/Solusek%27s_Eye,https://wiki.project1999.com/Solusek%27s_Eye,,Yes,1,,,,,,,Current EQL Wiki-supported; direct-build confirmation varies,Add,,,,,,,,,,https://eqlwiki.com/Solusek%27s_Eye,,2026-07-28,,,,Yes,Listed,Current Wiki evidence,No,C,Current EQL Sol A records with classic historical comparison.,,,,,Current EQL Wiki,,EQL-LOOT-1.0,metadata,Metadata,,B25-SOLA-GMETA-006,,,No,No,Imp Blood and generic elemental components remain family metadata.,,,,,,,,,,,,,,,,,,,Open-world indoor dungeon,,,,,,,,,,Imp Blood and fire components,,,,,,,,,,,,Imp Blood and generic elemental components remain family metadata.,,,,,,,,,,,Open World,Open World,,,,,,,,,,,,,,,,,,,,,,,,,,,,,,,,,,,,,,,,,,,,,,,,,,,,,,,,,,,,,,,,,,,,No,,,,,,,,,,,,,,,,,,,,Available,Current EQL Solusek's Eye / Sol A; Nagafen's Lair sources excluded,,,,Confirmed,Unconfirmed,,,,loot-family;fire,,B25-SOLA,
73,B25-SOLA-GMETA-007,25,Antonica,Solusek's Eye,Tattered Gnomish Cloak shared table,,,,,,,,,,,,,,,,,,,,,,,,,,,,,,,,,,,,,,,,,,,,,,Zone-specific,Supplemental,Medium,https://eqlwiki.com/Solusek%27s_Eye,https://wiki.project1999.com/Solusek%27s_Eye,,Yes,1,,,,,,,Current EQL Wiki-supported; direct-build confirmation varies,Add,,,,,,,,,,https://eqlwiki.com/Solusek%27s_Eye,,2026-07-28,,,,Yes,Listed,Current Wiki evidence,No,C,Current EQL Sol A records with classic historical comparison.,,,,,Current EQL Wiki,,EQL-LOOT-1.0,metadata,Metadata,,B25-SOLA-GMETA-007,,,No,No,Shared goblin-prisoner quest item; not a named-exclusive active row.,,,,,,,,,,,,,,,,,,,Open-world indoor dungeon,,,,,,,,,,Tattered Gnomish Cloak shared table,,,,,,,,,,,,Shared goblin-prisoner quest item; not a named-exclusive active row.,,,,,,,,,,,Open World,Open World,,,,,,,,,,,,,,,,,,,,,,,,,,,,,,,,,,,,,,,,,,,,,,,,,,,,,,,,,,,,,,,,,,,,No,,,,,,,,,,,,,,,,,,,,Available,Current EQL Solusek's Eye / Sol A; Nagafen's Lair sources excluded,,,,Confirmed,Unconfirmed,,,,shared-table,,B25-SOLA,
74,B25-SOLA-GMETA-008,25,Antonica,Solusek's Eye,Pouch of Red Dust shared table,,,,,,,,,,,,,,,,,,,,,,,,,,,,,,,,,,,,,,,,,,,,,,Zone-specific,Supplemental,Medium,https://eqlwiki.com/Solusek%27s_Eye,https://wiki.project1999.com/Solusek%27s_Eye,,Yes,1,,,,,,,Current EQL Wiki-supported; direct-build confirmation varies,Add,,,,,,,,,,https://eqlwiki.com/Solusek%27s_Eye,,2026-07-28,,,,Yes,Listed,Current Wiki evidence,No,C,Current EQL Sol A records with classic historical comparison.,,,,,Current EQL Wiki,,EQL-LOOT-1.0,metadata,Metadata,,B25-SOLA-GMETA-008,,,No,No,Quest-sensitive shared item; excluded from active default loot.,,,,,,,,,,,,,,,,,,,Open-world indoor dungeon,,,,,,,,,,Pouch of Red Dust shared table,,,,,,,,,,,,Quest-sensitive shared item; excluded from active default loot.,,,,,,,,,,,Open World,Open World,,,,,,,,,,,,,,,,,,,,,,,,,,,,,,,,,,,,,,,,,,,,,,,,,,,,,,,,,,,,,,,,,,,,No,,,,,,,,,,,,,,,,,,,,Available,Current EQL Solusek's Eye / Sol A; Nagafen's Lair sources excluded,,,,Confirmed,Unconfirmed,,,,shared-table,,B25-SOLA,
75,B25-SOLA-GMETA-009,25,Antonica,Solusek's Eye,Fine steel and ordinary weapons,,,,,,,,,,,,,,,,,,,,,,,,,,,,,,,,,,,,,,,,,,,,,,Zone-specific,Supplemental,Medium,https://eqlwiki.com/Solusek%27s_Eye,https://wiki.project1999.com/Solusek%27s_Eye,,Yes,1,,,,,,,Current EQL Wiki-supported; direct-build confirmation varies,Add,,,,,,,,,,https://eqlwiki.com/Solusek%27s_Eye,,2026-07-28,,,,Yes,Listed,Current Wiki evidence,No,C,Current EQL Sol A records with classic historical comparison.,,,,,Current EQL Wiki,,EQL-LOOT-1.0,metadata,Metadata,,B25-SOLA-GMETA-009,,,No,No,Ordinary vendor weapons remain excluded from notable loot.,,,,,,,,,,,,,,,,,,,Open-world indoor dungeon,,,,,,,,,,Fine steel and ordinary weapons,,,,,,,,,,,,Ordinary vendor weapons remain excluded from notable loot.,,,,,,,,,,,Open World,Open World,,,,,,,,,,,,,,,,,,,,,,,,,,,,,,,,,,,,,,,,,,,,,,,,,,,,,,,,,,,,,,,,,,,,No,,,,,,,,,,,,,,,,,,,,Available,Current EQL Solusek's Eye / Sol A; Nagafen's Lair sources excluded,,,,Confirmed,Unconfirmed,,,,global-loot;excluded,,B25-SOLA,
76,B25-SOLA-GMETA-010,25,Antonica,Solusek's Eye,Merchant inventory exclusion,,,,,,,,,,,,,,,,,,,,,,,,,,,,,,,,,,,,,,,,,,,,,,Zone-specific,Supplemental,Medium,https://eqlwiki.com/Solusek%27s_Eye,https://wiki.project1999.com/Solusek%27s_Eye,,Yes,1,,,,,,,Current EQL Wiki-supported; direct-build confirmation varies,Add,,,,,,,,,,https://eqlwiki.com/Solusek%27s_Eye,,2026-07-28,,,,Yes,Listed,Current Wiki evidence,No,C,Current EQL Sol A records with classic historical comparison.,,,,,Current EQL Wiki,,EQL-LOOT-1.0,metadata,Metadata,,B25-SOLA-GMETA-010,,,No,No,Goblin and gnome merchant inventories are not corpse loot.,,,,,,,,,,,,,,,,,,,Open-world indoor dungeon,,,,,,,,,,Merchant inventory exclusion,,,,,,,,,,,,Goblin and gnome merchant inventories are not corpse loot.,,,,,,,,,,,Open World,Open World,,,,,,,,,,,,,,,,,,,,,,,,,,,,,,,,,,,,,,,,,,,,,,,,,,,,,,,,,,,,,,,,,,,,No,,,,,,,,,,,,,,,,,,,,Available,Current EQL Solusek's Eye / Sol A; Nagafen's Lair sources excluded,,,,Confirmed,Unconfirmed,,,,merchant-exclusion,,B25-SOLA,
77,B25-SOLA-GMETA-011,25,Antonica,Solusek's Eye,Nagafen's Lair source exclusion,,,,,,,,,,,,,,,,,,,,,,,,,,,,,,,,,,,,,,,,,,,,,,Zone-specific,Supplemental,Medium,https://eqlwiki.com/Solusek%27s_Eye,https://wiki.project1999.com/Solusek%27s_Eye,,Yes,1,,,,,,,Current EQL Wiki-supported; direct-build confirmation varies,Add,,,,,,,,,,https://eqlwiki.com/Solusek%27s_Eye,,2026-07-28,,,,Yes,Listed,Current Wiki evidence,No,C,Current EQL Sol A records with classic historical comparison.,,,,,Current EQL Wiki,,EQL-LOOT-1.0,metadata,Metadata,,B25-SOLA-GMETA-011,,,No,No,All Sol B source relationships are excluded from Batch 25.,,,,,,,,,,,,,,,,,,,Open-world indoor dungeon,,,,,,,,,,Nagafen's Lair source exclusion,,,,,,,,,,,,All Sol B source relationships are excluded from Batch 25.,,,,,,,,,,,Open World,Open World,,,,,,,,,,,,,,,,,,,,,,,,,,,,,,,,,,,,,,,,,,,,,,,,,,,,,,,,,,,,,,,,,,,,No,,,,,,,,,,,,,,,,,,,,Available,Current EQL Solusek's Eye / Sol A; Nagafen's Lair sources excluded,,,,Confirmed,Unconfirmed,,,,batch-boundary,,B25-SOLA,
78,B25-SOLA-RES-001,25,Antonica,Solusek's Eye,Complete current Sol A NPC census,,,,,,,,,,,,,,,,,,,,,,,,,,,,,,,,,,,,,,,,,,,,,,Zone-specific,Supplemental,Low,https://eqlwiki.com/Solusek%27s_Eye,https://wiki.project1999.com/Solusek%27s_Eye,"Verify every current NPC, named encounter, removed entry, and EQL-only addition.",Yes,1,,,,,,,Unresolved; direct-build or stronger current evidence required,Quarantine,,,,,,,,,,https://eqlwiki.com/Solusek%27s_Eye,,2026-07-28,,,,Yes,Partial / conflicting,Unverified lead,No,D,Meaningful current or historical lead without enough support for active promotion.,Incomplete census,,,,Unverified current Wiki / inherited classic evidence,,EQL-LOOT-1.0,research,Quarantined,,B25-SOLA-RES-001,,,No,Yes,Quarantined research record; hidden from default loot results.,,,,,,,,,,,,,,,,,,,Open-world indoor dungeon,,,,,,,,,,,,,,,,,,,,,,,,,,,,,,,,,Open World,Open World,,,,,,,,,,,,,,,,,,,,,,,,,,,,,,,,,,,,,,,,,,,,,,,,,,,,,,,,,,,,,,,,,,,,No,,,,,,,,,,,,,,,,,,,,Available,Current EQL Solusek's Eye / Sol A; Nagafen's Lair sources excluded,,,,Confirmed,Unconfirmed,,,,,,B25-SOLA,
79,B25-SOLA-RES-002,25,Antonica,Solusek's Eye,Current Sol A physical layout,,,,,,,,,,,,,,,,,,,,,,,,,,,,,,,,,,,,,,,,,,,,,,Zone-specific,Supplemental,Low,https://eqlwiki.com/Solusek%27s_Eye,https://wiki.project1999.com/Solusek%27s_Eye,"Verify present geometry, traps, and room connections.",Yes,1,,,,,,,Unresolved; direct-build or stronger current evidence required,Quarantine,,,,,,,,,,https://eqlwiki.com/Solusek%27s_Eye,,2026-07-28,,,,Yes,Partial / conflicting,Unverified lead,No,D,Meaningful current or historical lead without enough support for active promotion.,Layout unresolved,,,,Unverified current Wiki / inherited classic evidence,,EQL-LOOT-1.0,research,Quarantined,,B25-SOLA-RES-002,,,No,Yes,Quarantined research record; hidden from default loot results.,,,,,,,,,,,,,,,,,,,Open-world indoor dungeon,,,,,,,,,,,,,,,,,,,,,,,,,,,,,,,,,Open World,Open World,,,,,,,,,,,,,,,,,,,,,,,,,,,,,,,,,,,,,,,,,,,,,,,,,,,,,,,,,,,,,,,,,,,,No,,,,,,,,,,,,,,,,,,,,Available,Current EQL Solusek's Eye / Sol A; Nagafen's Lair sources excluded,,,,Confirmed,Unconfirmed,,,,,,B25-SOLA,
80,B25-SOLA-RES-003,25,Antonica,Solusek's Eye,Current Sol B zone-line count,,,,,,,,,,,,,,,,,,,,,,,,,,,,,,,,,,,,,,,,,,,,,,Zone-specific,Supplemental,Low,https://eqlwiki.com/Solusek%27s_Eye,https://wiki.project1999.com/Solusek%27s_Eye,Verify every functioning Nagafen's Lair transition.,Yes,1,,,,,,,Unresolved; direct-build or stronger current evidence required,Quarantine,,,,,,,,,,https://eqlwiki.com/Solusek%27s_Eye,,2026-07-28,,,,Yes,Partial / conflicting,Unverified lead,No,D,Meaningful current or historical lead without enough support for active promotion.,Access unresolved,,,,Unverified current Wiki / inherited classic evidence,,EQL-LOOT-1.0,research,Quarantined,,B25-SOLA-RES-003,,,No,Yes,Quarantined research record; hidden from default loot results.,,,,,,,,,,,,,,,,,,,Open-world indoor dungeon,,,,,,,,,,,,,,,,,,,,,,,,,,,,,,,,,Open World,Open World,,,,,,,,,,,,,,,,,,,,,,,,,,,,,,,,,,,,,,,,,,,,,,,,,,,,,,,,,,,,,,,,,,,,No,,,,,,,,,,,,,,,,,,,,Available,Current EQL Solusek's Eye / Sol A; Nagafen's Lair sources excluded,,,,Confirmed,Unconfirmed,,,,,,B25-SOLA,
81,B25-SOLA-RES-004,25,Antonica,Solusek's Eye,Reckless Efreeti current special timer,,,,,,,,,,,,,,,,,,,,,,,,,,,,,,,,,,,,,,,,,,,,,,Zone-specific,Supplemental,Low,https://eqlwiki.com/Solusek%27s_Eye,https://wiki.project1999.com/Solusek%27s_Eye,Verify whether the stationary placeholder remains approximately 70 minutes.,Yes,1,,,,,,,Unresolved; direct-build or stronger current evidence required,Quarantine,,,,,,,,,,https://eqlwiki.com/Solusek%27s_Eye,,2026-07-28,,,,Yes,Partial / conflicting,Unverified lead,No,D,Meaningful current or historical lead without enough support for active promotion.,Timer unresolved,,,,Unverified current Wiki / inherited classic evidence,,EQL-LOOT-1.0,research,Quarantined,,B25-SOLA-RES-004,,,No,Yes,Quarantined research record; hidden from default loot results.,,,,,,,,,,,,,,,,,,,Open-world indoor dungeon,,,,,,,,,,,,,,,,,,,,,,,,,,,,,,,,,Open World,Open World,,,,,,,,,,,,,,,,,,,,,,,,,,,,,,,,,,,,,,,,,,,,,,,,,,,,,,,,,,,,,,,,,,,,No,,,,,,,,,,,,,,,,,,,,Available,Current EQL Solusek's Eye / Sol A; Nagafen's Lair sources excluded,,,,Confirmed,Unconfirmed,,,,,,B25-SOLA,
82,B25-SOLA-RES-005,25,Antonica,Solusek's Eye,Reckless Efreeti current probability,,,,,,,,,,,,,,,,,,,,,,,,,,,,,,,,,,,,,,,,,,,,,,Zone-specific,Supplemental,Low,https://eqlwiki.com/Solusek%27s_Eye,https://wiki.project1999.com/Solusek%27s_Eye,Verify current named chance.,Yes,1,,,,,,,Unresolved; direct-build or stronger current evidence required,Quarantine,,,,,,,,,,https://eqlwiki.com/Solusek%27s_Eye,,2026-07-28,,,,Yes,Partial / conflicting,Unverified lead,No,D,Meaningful current or historical lead without enough support for active promotion.,Probability unresolved,,,,Unverified current Wiki / inherited classic evidence,,EQL-LOOT-1.0,research,Quarantined,,B25-SOLA-RES-005,,,No,Yes,Quarantined research record; hidden from default loot results.,,,,,,,,,,,,,,,,,,,Open-world indoor dungeon,,,,,,,,,,,,,,,,,,,,,,,,,,,,,,,,,Open World,Open World,,,,,,,,,,,,,,,,,,,,,,,,,,,,,,,,,,,,,,,,,,,,,,,,,,,,,,,,,,,,,,,,,,,,No,,,,,,,,,,,,,,,,,,,,Available,Current EQL Solusek's Eye / Sol A; Nagafen's Lair sources excluded,,,,Confirmed,Unconfirmed,,,,,,B25-SOLA,
83,B25-SOLA-RES-006,25,Antonica,Solusek's Eye,Inferno Goblin Captain spawn,,,,,,,,,,,,,,,,,,,,,,,,,,,,,,,,,,,,,,,,,,,,,,Zone-specific,Supplemental,Low,https://eqlwiki.com/Solusek%27s_Eye,https://wiki.project1999.com/Solusek%27s_Eye,Verify timer and placeholder.,Yes,1,,,,,,,Unresolved; direct-build or stronger current evidence required,Quarantine,,,,,,,,,,https://eqlwiki.com/Solusek%27s_Eye,,2026-07-28,,,,Yes,Partial / conflicting,Unverified lead,No,D,Meaningful current or historical lead without enough support for active promotion.,Spawn unresolved,,,,Unverified current Wiki / inherited classic evidence,,EQL-LOOT-1.0,research,Quarantined,,B25-SOLA-RES-006,,,No,Yes,Quarantined research record; hidden from default loot results.,,,,,,,,,,,,,,,,,,,Open-world indoor dungeon,,,,,,,,,,,,,,,,,,,,,,,,,,,,,,,,,Open World,Open World,,,,,,,,,,,,,,,,,,,,,,,,,,,,,,,,,,,,,,,,,,,,,,,,,,,,,,,,,,,,,,,,,,,,No,,,,,,,,,,,,,,,,,,,,Available,Current EQL Solusek's Eye / Sol A; Nagafen's Lair sources excluded,,,,Confirmed,Unconfirmed,,,,,,B25-SOLA,
84,B25-SOLA-RES-007,25,Antonica,Solusek's Eye,Kindle spawn,,,,,,,,,,,,,,,,,,,,,,,,,,,,,,,,,,,,,,,,,,,,,,Zone-specific,Supplemental,Low,https://eqlwiki.com/Solusek%27s_Eye,https://wiki.project1999.com/Solusek%27s_Eye,"Verify timer, probability, and placeholder.",Yes,1,,,,,,,Unresolved; direct-build or stronger current evidence required,Quarantine,,,,,,,,,,https://eqlwiki.com/Solusek%27s_Eye,,2026-07-28,,,,Yes,Partial / conflicting,Unverified lead,No,D,Meaningful current or historical lead without enough support for active promotion.,Spawn unresolved,,,,Unverified current Wiki / inherited classic evidence,,EQL-LOOT-1.0,research,Quarantined,,B25-SOLA-RES-007,,,No,Yes,Quarantined research record; hidden from default loot results.,,,,,,,,,,,,,,,,,,,Open-world indoor dungeon,,,,,,,,,,,,,,,,,,,,,,,,,,,,,,,,,Open World,Open World,,,,,,,,,,,,,,,,,,,,,,,,,,,,,,,,,,,,,,,,,,,,,,,,,,,,,,,,,,,,,,,,,,,,No,,,,,,,,,,,,,,,,,,,,Available,Current EQL Solusek's Eye / Sol A; Nagafen's Lair sources excluded,,,,Confirmed,Unconfirmed,,,,,,B25-SOLA,
85,B25-SOLA-RES-008,25,Antonica,Solusek's Eye,Flame Goblin Foreman spawn,,,,,,,,,,,,,,,,,,,,,,,,,,,,,,,,,,,,,,,,,,,,,,Zone-specific,Supplemental,Low,https://eqlwiki.com/Solusek%27s_Eye,https://wiki.project1999.com/Solusek%27s_Eye,Verify timer and placeholder.,Yes,1,,,,,,,Unresolved; direct-build or stronger current evidence required,Quarantine,,,,,,,,,,https://eqlwiki.com/Solusek%27s_Eye,,2026-07-28,,,,Yes,Partial / conflicting,Unverified lead,No,D,Meaningful current or historical lead without enough support for active promotion.,Spawn unresolved,,,,Unverified current Wiki / inherited classic evidence,,EQL-LOOT-1.0,research,Quarantined,,B25-SOLA-RES-008,,,No,Yes,Quarantined research record; hidden from default loot results.,,,,,,,,,,,,,,,,,,,Open-world indoor dungeon,,,,,,,,,,,,,,,,,,,,,,,,,,,,,,,,,Open World,Open World,,,,,,,,,,,,,,,,,,,,,,,,,,,,,,,,,,,,,,,,,,,,,,,,,,,,,,,,,,,,,,,,,,,,No,,,,,,,,,,,,,,,,,,,,Available,Current EQL Solusek's Eye / Sol A; Nagafen's Lair sources excluded,,,,Confirmed,Unconfirmed,,,,,,B25-SOLA,
86,B25-SOLA-RES-009,25,Antonica,Solusek's Eye,Fire Goblin Bartender spawn,,,,,,,,,,,,,,,,,,,,,,,,,,,,,,,,,,,,,,,,,,,,,,Zone-specific,Supplemental,Low,https://eqlwiki.com/Solusek%27s_Eye,https://wiki.project1999.com/Solusek%27s_Eye,Verify timer and placeholder.,Yes,1,,,,,,,Unresolved; direct-build or stronger current evidence required,Quarantine,,,,,,,,,,https://eqlwiki.com/Solusek%27s_Eye,,2026-07-28,,,,Yes,Partial / conflicting,Unverified lead,No,D,Meaningful current or historical lead without enough support for active promotion.,Spawn unresolved,,,,Unverified current Wiki / inherited classic evidence,,EQL-LOOT-1.0,research,Quarantined,,B25-SOLA-RES-009,,,No,Yes,Quarantined research record; hidden from default loot results.,,,,,,,,,,,,,,,,,,,Open-world indoor dungeon,,,,,,,,,,,,,,,,,,,,,,,,,,,,,,,,,Open World,Open World,,,,,,,,,,,,,,,,,,,,,,,,,,,,,,,,,,,,,,,,,,,,,,,,,,,,,,,,,,,,,,,,,,,,No,,,,,,,,,,,,,,,,,,,,Available,Current EQL Solusek's Eye / Sol A; Nagafen's Lair sources excluded,,,,Confirmed,Unconfirmed,,,,,,B25-SOLA,
87,B25-SOLA-RES-010,25,Antonica,Solusek's Eye,Fire Goblin Drunkard probability,,,,,,,,,,,,,,,,,,,,,,,,,,,,,,,,,,,,,,,,,,,,,,Zone-specific,Supplemental,Low,https://eqlwiki.com/Solusek%27s_Eye,https://wiki.project1999.com/Solusek%27s_Eye,Verify current named chance.,Yes,1,,,,,,,Unresolved; direct-build or stronger current evidence required,Quarantine,,,,,,,,,,https://eqlwiki.com/Solusek%27s_Eye,,2026-07-28,,,,Yes,Partial / conflicting,Unverified lead,No,D,Meaningful current or historical lead without enough support for active promotion.,Probability unresolved,,,,Unverified current Wiki / inherited classic evidence,,EQL-LOOT-1.0,research,Quarantined,,B25-SOLA-RES-010,,,No,Yes,Quarantined research record; hidden from default loot results.,,,,,,,,,,,,,,,,,,,Open-world indoor dungeon,,,,,,,,,,,,,,,,,,,,,,,,,,,,,,,,,Open World,Open World,,,,,,,,,,,,,,,,,,,,,,,,,,,,,,,,,,,,,,,,,,,,,,,,,,,,,,,,,,,,,,,,,,,,No,,,,,,,,,,,,,,,,,,,,Available,Current EQL Solusek's Eye / Sol A; Nagafen's Lair sources excluded,,,,Confirmed,Unconfirmed,,,,,,B25-SOLA,
88,B25-SOLA-RES-011,25,Antonica,Solusek's Eye,Goblin High Shaman spawn,,,,,,,,,,,,,,,,,,,,,,,,,,,,,,,,,,,,,,,,,,,,,,Zone-specific,Supplemental,Low,https://eqlwiki.com/Solusek%27s_Eye,https://wiki.project1999.com/Solusek%27s_Eye,Verify timer and placeholder.,Yes,1,,,,,,,Unresolved; direct-build or stronger current evidence required,Quarantine,,,,,,,,,,https://eqlwiki.com/Solusek%27s_Eye,,2026-07-28,,,,Yes,Partial / conflicting,Unverified lead,No,D,Meaningful current or historical lead without enough support for active promotion.,Spawn unresolved,,,,Unverified current Wiki / inherited classic evidence,,EQL-LOOT-1.0,research,Quarantined,,B25-SOLA-RES-011,,,No,Yes,Quarantined research record; hidden from default loot results.,,,,,,,,,,,,,,,,,,,Open-world indoor dungeon,,,,,,,,,,,,,,,,,,,,,,,,,,,,,,,,,Open World,Open World,,,,,,,,,,,,,,,,,,,,,,,,,,,,,,,,,,,,,,,,,,,,,,,,,,,,,,,,,,,,,,,,,,,,No,,,,,,,,,,,,,,,,,,,,Available,Current EQL Solusek's Eye / Sol A; Nagafen's Lair sources excluded,,,,Confirmed,Unconfirmed,,,,,,B25-SOLA,
89,B25-SOLA-RES-012,25,Antonica,Solusek's Eye,Solusek Goblin King probability,,,,,,,,,,,,,,,,,,,,,,,,,,,,,,,,,,,,,,,,,,,,,,Zone-specific,Supplemental,Low,https://eqlwiki.com/Solusek%27s_Eye,https://wiki.project1999.com/Solusek%27s_Eye,Verify current named chance.,Yes,1,,,,,,,Unresolved; direct-build or stronger current evidence required,Quarantine,,,,,,,,,,https://eqlwiki.com/Solusek%27s_Eye,,2026-07-28,,,,Yes,Partial / conflicting,Unverified lead,No,D,Meaningful current or historical lead without enough support for active promotion.,Probability unresolved,,,,Unverified current Wiki / inherited classic evidence,,EQL-LOOT-1.0,research,Quarantined,,B25-SOLA-RES-012,,,No,Yes,Quarantined research record; hidden from default loot results.,,,,,,,,,,,,,,,,,,,Open-world indoor dungeon,,,,,,,,,,,,,,,,,,,,,,,,,,,,,,,,,Open World,Open World,,,,,,,,,,,,,,,,,,,,,,,,,,,,,,,,,,,,,,,,,,,,,,,,,,,,,,,,,,,,,,,,,,,,No,,,,,,,,,,,,,,,,,,,,Available,Current EQL Solusek's Eye / Sol A; Nagafen's Lair sources excluded,,,,Confirmed,Unconfirmed,,,,,,B25-SOLA,
90,B25-SOLA-RES-013,25,Antonica,Solusek's Eye,King Champion placeholder,,,,,,,,,,,,,,,,,,,,,,,,,,,,,,,,,,,,,,,,,,,,,,Zone-specific,Supplemental,Low,https://eqlwiki.com/Solusek%27s_Eye,https://wiki.project1999.com/Solusek%27s_Eye,Verify current Solusek Champion placeholder relationship.,Yes,1,,,,,,,Unresolved; direct-build or stronger current evidence required,Quarantine,,,,,,,,,,https://eqlwiki.com/Solusek%27s_Eye,,2026-07-28,,,,Yes,Partial / conflicting,Unverified lead,No,D,Meaningful current or historical lead without enough support for active promotion.,Spawn unresolved,,,,Unverified current Wiki / inherited classic evidence,,EQL-LOOT-1.0,research,Quarantined,,B25-SOLA-RES-013,,,No,Yes,Quarantined research record; hidden from default loot results.,,,,,,,,,,,,,,,,,,,Open-world indoor dungeon,,,,,,,,,,,,,,,,,,,,,,,,,,,,,,,,,Open World,Open World,,,,,,,,,,,,,,,,,,,,,,,,,,,,,,,,,,,,,,,,,,,,,,,,,,,,,,,,,,,,,,,,,,,,No,,,,,,,,,,,,,,,,,,,,Available,Current EQL Solusek's Eye / Sol A; Nagafen's Lair sources excluded,,,,Confirmed,Unconfirmed,,,,,,B25-SOLA,
91,B25-SOLA-RES-014,25,Antonica,Solusek's Eye,Inferno Goblin Torturer spawn,,,,,,,,,,,,,,,,,,,,,,,,,,,,,,,,,,,,,,,,,,,,,,Zone-specific,Supplemental,Low,https://eqlwiki.com/Solusek%27s_Eye,https://wiki.project1999.com/Solusek%27s_Eye,Verify probability and placeholder.,Yes,1,,,,,,,Unresolved; direct-build or stronger current evidence required,Quarantine,,,,,,,,,,https://eqlwiki.com/Solusek%27s_Eye,,2026-07-28,,,,Yes,Partial / conflicting,Unverified lead,No,D,Meaningful current or historical lead without enough support for active promotion.,Spawn unresolved,,,,Unverified current Wiki / inherited classic evidence,,EQL-LOOT-1.0,research,Quarantined,,B25-SOLA-RES-014,,,No,Yes,Quarantined research record; hidden from default loot results.,,,,,,,,,,,,,,,,,,,Open-world indoor dungeon,,,,,,,,,,,,,,,,,,,,,,,,,,,,,,,,,Open World,Open World,,,,,,,,,,,,,,,,,,,,,,,,,,,,,,,,,,,,,,,,,,,,,,,,,,,,,,,,,,,,,,,,,,,,No,,,,,,,,,,,,,,,,,,,,Available,Current EQL Solusek's Eye / Sol A; Nagafen's Lair sources excluded,,,,Confirmed,Unconfirmed,,,,,,B25-SOLA,
92,B25-SOLA-RES-015,25,Antonica,Solusek's Eye,Captain Bipnubble spawn,,,,,,,,,,,,,,,,,,,,,,,,,,,,,,,,,,,,,,,,,,,,,,Zone-specific,Supplemental,Low,https://eqlwiki.com/Solusek%27s_Eye,https://wiki.project1999.com/Solusek%27s_Eye,Verify timer and probability.,Yes,1,,,,,,,Unresolved; direct-build or stronger current evidence required,Quarantine,,,,,,,,,,https://eqlwiki.com/Solusek%27s_Eye,,2026-07-28,,,,Yes,Partial / conflicting,Unverified lead,No,D,Meaningful current or historical lead without enough support for active promotion.,Spawn unresolved,,,,Unverified current Wiki / inherited classic evidence,,EQL-LOOT-1.0,research,Quarantined,,B25-SOLA-RES-015,,,No,Yes,Quarantined research record; hidden from default loot results.,,,,,,,,,,,,,,,,,,,Open-world indoor dungeon,,,,,,,,,,,,,,,,,,,,,,,,,,,,,,,,,Open World,Open World,,,,,,,,,,,,,,,,,,,,,,,,,,,,,,,,,,,,,,,,,,,,,,,,,,,,,,,,,,,,,,,,,,,,No,,,,,,,,,,,,,,,,,,,,Available,Current EQL Solusek's Eye / Sol A; Nagafen's Lair sources excluded,,,,Confirmed,Unconfirmed,,,,,,B25-SOLA,
93,B25-SOLA-RES-016,25,Antonica,Solusek's Eye,Gabbie Mardoddle spawn,,,,,,,,,,,,,,,,,,,,,,,,,,,,,,,,,,,,,,,,,,,,,,Zone-specific,Supplemental,Low,https://eqlwiki.com/Solusek%27s_Eye,https://wiki.project1999.com/Solusek%27s_Eye,Verify timer and placeholder.,Yes,1,,,,,,,Unresolved; direct-build or stronger current evidence required,Quarantine,,,,,,,,,,https://eqlwiki.com/Solusek%27s_Eye,,2026-07-28,,,,Yes,Partial / conflicting,Unverified lead,No,D,Meaningful current or historical lead without enough support for active promotion.,Spawn unresolved,,,,Unverified current Wiki / inherited classic evidence,,EQL-LOOT-1.0,research,Quarantined,,B25-SOLA-RES-016,,,No,Yes,Quarantined research record; hidden from default loot results.,,,,,,,,,,,,,,,,,,,Open-world indoor dungeon,,,,,,,,,,,,,,,,,,,,,,,,,,,,,,,,,Open World,Open World,,,,,,,,,,,,,,,,,,,,,,,,,,,,,,,,,,,,,,,,,,,,,,,,,,,,,,,,,,,,,,,,,,,,No,,,,,,,,,,,,,,,,,,,,Available,Current EQL Solusek's Eye / Sol A; Nagafen's Lair sources excluded,,,,Confirmed,Unconfirmed,,,,,,B25-SOLA,
94,B25-SOLA-RES-017,25,Antonica,Solusek's Eye,CWG Model EXG probability,,,,,,,,,,,,,,,,,,,,,,,,,,,,,,,,,,,,,,,,,,,,,,Zone-specific,Supplemental,Low,https://eqlwiki.com/Solusek%27s_Eye,https://wiki.project1999.com/Solusek%27s_Eye,Verify current SX-to-EXG chance.,Yes,1,,,,,,,Unresolved; direct-build or stronger current evidence required,Quarantine,,,,,,,,,,https://eqlwiki.com/Solusek%27s_Eye,,2026-07-28,,,,Yes,Partial / conflicting,Unverified lead,No,D,Meaningful current or historical lead without enough support for active promotion.,Probability unresolved,,,,Unverified current Wiki / inherited classic evidence,,EQL-LOOT-1.0,research,Quarantined,,B25-SOLA-RES-017,,,No,Yes,Quarantined research record; hidden from default loot results.,,,,,,,,,,,,,,,,,,,Open-world indoor dungeon,,,,,,,,,,,,,,,,,,,,,,,,,,,,,,,,,Open World,Open World,,,,,,,,,,,,,,,,,,,,,,,,,,,,,,,,,,,,,,,,,,,,,,,,,,,,,,,,,,,,,,,,,,,,No,,,,,,,,,,,,,,,,,,,,Available,Current EQL Solusek's Eye / Sol A; Nagafen's Lair sources excluded,,,,Confirmed,Unconfirmed,,,,,,B25-SOLA,
95,B25-SOLA-RES-018,25,Antonica,Solusek's Eye,Lava Elemental spawn,,,,,,,,,,,,,,,,,,,,,,,,,,,,,,,,,,,,,,,,,,,,,,Zone-specific,Supplemental,Low,https://eqlwiki.com/Solusek%27s_Eye,https://wiki.project1999.com/Solusek%27s_Eye,Verify timer and probability.,Yes,1,,,,,,,Unresolved; direct-build or stronger current evidence required,Quarantine,,,,,,,,,,https://eqlwiki.com/Solusek%27s_Eye,,2026-07-28,,,,Yes,Partial / conflicting,Unverified lead,No,D,Meaningful current or historical lead without enough support for active promotion.,Spawn unresolved,,,,Unverified current Wiki / inherited classic evidence,,EQL-LOOT-1.0,research,Quarantined,,B25-SOLA-RES-018,,,No,Yes,Quarantined research record; hidden from default loot results.,,,,,,,,,,,,,,,,,,,Open-world indoor dungeon,,,,,,,,,,,,,,,,,,,,,,,,,,,,,,,,,Open World,Open World,,,,,,,,,,,,,,,,,,,,,,,,,,,,,,,,,,,,,,,,,,,,,,,,,,,,,,,,,,,,,,,,,,,,No,,,,,,,,,,,,,,,,,,,,Available,Current EQL Solusek's Eye / Sol A; Nagafen's Lair sources excluded,,,,Confirmed,Unconfirmed,,,,,,B25-SOLA,
96,B25-SOLA-RES-019,25,Antonica,Solusek's Eye,Singe current probability,,,,,,,,,,,,,,,,,,,,,,,,,,,,,,,,,,,,,,,,,,,,,,Zone-specific,Supplemental,Low,https://eqlwiki.com/Solusek%27s_Eye,https://wiki.project1999.com/Solusek%27s_Eye,Verify current Cinder Goblin cycle.,Yes,1,,,,,,,Unresolved; direct-build or stronger current evidence required,Quarantine,,,,,,,,,,https://eqlwiki.com/Solusek%27s_Eye,,2026-07-28,,,,Yes,Partial / conflicting,Unverified lead,No,D,Meaningful current or historical lead without enough support for active promotion.,Probability unresolved,,,,Unverified current Wiki / inherited classic evidence,,EQL-LOOT-1.0,research,Quarantined,,B25-SOLA-RES-019,,,No,Yes,Quarantined research record; hidden from default loot results.,,,,,,,,,,,,,,,,,,,Open-world indoor dungeon,,,,,,,,,,,,,,,,,,,,,,,,,,,,,,,,,Open World,Open World,,,,,,,,,,,,,,,,,,,,,,,,,,,,,,,,,,,,,,,,,,,,,,,,,,,,,,,,,,,,,,,,,,,,No,,,,,,,,,,,,,,,,,,,,Available,Current EQL Solusek's Eye / Sol A; Nagafen's Lair sources excluded,,,,Confirmed,Unconfirmed,,,,,,B25-SOLA,
97,B25-SOLA-RES-020,25,Antonica,Solusek's Eye,Lynada 100% listing,,,,,,,,,,,,,,,,,,,,,,,,,,,,,,,,,,,,,,,,,,,,,,Zone-specific,Supplemental,Low,https://eqlwiki.com/Solusek%27s_Eye,https://wiki.project1999.com/Solusek%27s_Eye,Determine whether this means fixed spawn or table artifact.,Yes,1,,,,,,,Unresolved; direct-build or stronger current evidence required,Quarantine,,,,,,,,,,https://eqlwiki.com/Solusek%27s_Eye,,2026-07-28,,,,Yes,Partial / conflicting,Unverified lead,No,D,Meaningful current or historical lead without enough support for active promotion.,Probability interpretation,,,,Unverified current Wiki / inherited classic evidence,,EQL-LOOT-1.0,research,Quarantined,,B25-SOLA-RES-020,,,No,Yes,Quarantined research record; hidden from default loot results.,,,,,,,,,,,,,,,,,,,Open-world indoor dungeon,,,,,,,,,,,,,,,,,,,,,,,,,,,,,,,,,Open World,Open World,,,,,,,,,,,,,,,,,,,,,,,,,,,,,,,,,,,,,,,,,,,,,,,,,,,,,,,,,,,,,,,,,,,,No,,,,,,,,,,,,,,,,,,,,Available,Current EQL Solusek's Eye / Sol A; Nagafen's Lair sources excluded,,,,Confirmed,Unconfirmed,,,,,,B25-SOLA,
98,B25-SOLA-RES-021,25,Antonica,Solusek's Eye,Lord Gimblox probability,,,,,,,,,,,,,,,,,,,,,,,,,,,,,,,,,,,,,,,,,,,,,,Zone-specific,Supplemental,Low,https://eqlwiki.com/Solusek%27s_Eye,https://wiki.project1999.com/Solusek%27s_Eye,Verify current throne-room spawn chance.,Yes,1,,,,,,,Unresolved; direct-build or stronger current evidence required,Quarantine,,,,,,,,,,https://eqlwiki.com/Solusek%27s_Eye,,2026-07-28,,,,Yes,Partial / conflicting,Unverified lead,No,D,Meaningful current or historical lead without enough support for active promotion.,Probability unresolved,,,,Unverified current Wiki / inherited classic evidence,,EQL-LOOT-1.0,research,Quarantined,,B25-SOLA-RES-021,,,No,Yes,Quarantined research record; hidden from default loot results.,,,,,,,,,,,,,,,,,,,Open-world indoor dungeon,,,,,,,,,,,,,,,,,,,,,,,,,,,,,,,,,Open World,Open World,,,,,,,,,,,,,,,,,,,,,,,,,,,,,,,,,,,,,,,,,,,,,,,,,,,,,,,,,,,,,,,,,,,,No,,,,,,,,,,,,,,,,,,,,Available,Current EQL Solusek's Eye / Sol A; Nagafen's Lair sources excluded,,,,Confirmed,Unconfirmed,,,,,,B25-SOLA,
99,B25-SOLA-RES-022,25,Antonica,Solusek's Eye,Cleric Epic current availability,,,,,,,,,,,,,,,,,,,,,,,,,,,,,,,,,,,,,,,,,,,,,,Zone-specific,Supplemental,Low,https://eqlwiki.com/Solusek%27s_Eye,https://wiki.project1999.com/Solusek%27s_Eye,Verify whether Lord Gimblox's associated quest is enabled.,Yes,1,,,,,,,Unresolved; direct-build or stronger current evidence required,Quarantine,,,,,,,,,,https://eqlwiki.com/Solusek%27s_Eye,,2026-07-28,,,,Yes,Partial / conflicting,Unverified lead,No,D,Meaningful current or historical lead without enough support for active promotion.,Quest availability,,,,Unverified current Wiki / inherited classic evidence,,EQL-LOOT-1.0,research,Quarantined,,B25-SOLA-RES-022,,,No,Yes,Quarantined research record; hidden from default loot results.,,,,,,,,,,,,,,,,,,,Open-world indoor dungeon,,,,,,,,,,,,,,,,,,,,,,,,,,,,,,,,,Open World,Open World,,,,,,,,,,,,,,,,,,,,,,,,,,,,,,,,,,,,,,,,,,,,,,,,,,,,,,,,,,,,,,,,,,,,No,,,,,,,,,,,,,,,,,,,,Available,Current EQL Solusek's Eye / Sol A; Nagafen's Lair sources excluded,,,,Confirmed,Unconfirmed,,,,,,B25-SOLA,
100,B25-SOLA-RES-023,25,Antonica,Solusek's Eye,Fire Drake Scale Sol A source,,,,,,,,,,,,,,,,,,,,,,,,,,,,,,,,,,,,,,,,,,,,,,Zone-specific,Supplemental,Low,https://eqlwiki.com/Solusek%27s_Eye,https://wiki.project1999.com/Solusek%27s_Eye,Verify whether Singe currently drops the scale in Sol A.,Yes,1,,,,,,,Unresolved; direct-build or stronger current evidence required,Quarantine,,,,,,,,,,https://eqlwiki.com/Solusek%27s_Eye,,2026-07-28,,,,Yes,Partial / conflicting,Unverified lead,No,D,Meaningful current or historical lead without enough support for active promotion.,Source ambiguity,,,,Unverified current Wiki / inherited classic evidence,,EQL-LOOT-1.0,research,Quarantined,,B25-SOLA-RES-023,,,No,Yes,Quarantined research record; hidden from default loot results.,,,,,,,,,,,,,,,,,,,Open-world indoor dungeon,,,,,,,,,,,,,,,,,,,,,,,,,,,,,,,,,Open World,Open World,,,,,,,,,,,,,,,,,,,,,,,,,,,,,,,,,,,,,,,,,,,,,,,,,,,,,,,,,,,,,,,,,,,,No,,,,,,,,,,,,,,,,,,,,Available,Current EQL Solusek's Eye / Sol A; Nagafen's Lair sources excluded,,,,Confirmed,Unconfirmed,,,,,,B25-SOLA,
101,B25-SOLA-RES-024,25,Antonica,Solusek's Eye,Power of Fire use and era,,,,,,,,,,,,,,,,,,,,,,,,,,,,,,,,,,,,,,,,,,,,,,Zone-specific,Supplemental,Low,https://eqlwiki.com/Solusek%27s_Eye,https://wiki.project1999.com/Solusek%27s_Eye,Resolve exact Lava Elemental relationship and current purpose.,Yes,1,,,,,,,Unresolved; direct-build or stronger current evidence required,Quarantine,,,,,,,,,,https://eqlwiki.com/Solusek%27s_Eye,,2026-07-28,,,,Yes,Partial / conflicting,Unverified lead,No,D,Meaningful current or historical lead without enough support for active promotion.,Era/use unresolved,,,,Unverified current Wiki / inherited classic evidence,,EQL-LOOT-1.0,research,Quarantined,,B25-SOLA-RES-024,,,No,Yes,Quarantined research record; hidden from default loot results.,,,,,,,,,,,,,,,,,,,Open-world indoor dungeon,,,,,,,,,,,,,,,,,,,,,,,,,,,,,,,,,Open World,Open World,,,,,,,,,,,,,,,,,,,,,,,,,,,,,,,,,,,,,,,,,,,,,,,,,,,,,,,,,,,,,,,,,,,,No,,,,,,,,,,,,,,,,,,,,Available,Current EQL Solusek's Eye / Sol A; Nagafen's Lair sources excluded,,,,Confirmed,Unconfirmed,,,,,,B25-SOLA,
102,B25-SOLA-RES-025,25,Antonica,Solusek's Eye,Fiery Ore current use,,,,,,,,,,,,,,,,,,,,,,,,,,,,,,,,,,,,,,,,,,,,,,Zone-specific,Supplemental,Low,https://eqlwiki.com/Solusek%27s_Eye,https://wiki.project1999.com/Solusek%27s_Eye,Complete item fields and active quest role.,Yes,1,,,,,,,Unresolved; direct-build or stronger current evidence required,Quarantine,,,,,,,,,,https://eqlwiki.com/Solusek%27s_Eye,,2026-07-28,,,,Yes,Partial / conflicting,Unverified lead,No,D,Meaningful current or historical lead without enough support for active promotion.,Incomplete component data,,,,Unverified current Wiki / inherited classic evidence,,EQL-LOOT-1.0,research,Quarantined,,B25-SOLA-RES-025,,,No,Yes,Quarantined research record; hidden from default loot results.,,,,,,,,,,,,,,,,,,,Open-world indoor dungeon,,,,,,,,,,,,,,,,,,,,,,,,,,,,,,,,,Open World,Open World,,,,,,,,,,,,,,,,,,,,,,,,,,,,,,,,,,,,,,,,,,,,,,,,,,,,,,,,,,,,,,,,,,,,No,,,,,,,,,,,,,,,,,,,,Available,Current EQL Solusek's Eye / Sol A; Nagafen's Lair sources excluded,,,,Confirmed,Unconfirmed,,,,,,B25-SOLA,
103,B25-SOLA-RES-026,25,Antonica,Solusek's Eye,Fiery Vambraces current fields,,,,,,,,,,,,,,,,,,,,,,,,,,,,,,,,,,,,,,,,,,,,,,Zone-specific,Supplemental,Low,https://eqlwiki.com/Solusek%27s_Eye,https://wiki.project1999.com/Solusek%27s_Eye,Complete current item block and exact Champion-family source.,Yes,1,,,,,,,Unresolved; direct-build or stronger current evidence required,Quarantine,,,,,,,,,,https://eqlwiki.com/Solusek%27s_Eye,,2026-07-28,,,,Yes,Partial / conflicting,Unverified lead,No,D,Meaningful current or historical lead without enough support for active promotion.,Incomplete equippable data,,,,Unverified current Wiki / inherited classic evidence,,EQL-LOOT-1.0,research,Quarantined,,B25-SOLA-RES-026,,,No,Yes,Quarantined research record; hidden from default loot results.,,,,,,,,,,,,,,,,,,,Open-world indoor dungeon,,,,,,,,,,,,,,,,,,,,,,,,,,,,,,,,,Open World,Open World,,,,,,,,,,,,,,,,,,,,,,,,,,,,,,,,,,,,,,,,,,,,,,,,,,,,,,,,,,,,,,,,,,,,No,,,,,,,,,,,,,,,,,,,,Available,Current EQL Solusek's Eye / Sol A; Nagafen's Lair sources excluded,,,,Confirmed,Unconfirmed,,,,,,B25-SOLA,
104,B25-SOLA-RES-027,25,Antonica,Solusek's Eye,Fire Goblin Skin quest role,,,,,,,,,,,,,,,,,,,,,,,,,,,,,,,,,,,,,,,,,,,,,,Zone-specific,Supplemental,Low,https://eqlwiki.com/Solusek%27s_Eye,https://wiki.project1999.com/Solusek%27s_Eye,Resolve current usefulness and whether a family-level active row is warranted.,Yes,1,,,,,,,Unresolved; direct-build or stronger current evidence required,Quarantine,,,,,,,,,,https://eqlwiki.com/Solusek%27s_Eye,,2026-07-28,,,,Yes,Partial / conflicting,Unverified lead,No,D,Meaningful current or historical lead without enough support for active promotion.,Quest relevance,,,,Unverified current Wiki / inherited classic evidence,,EQL-LOOT-1.0,research,Quarantined,,B25-SOLA-RES-027,,,No,Yes,Quarantined research record; hidden from default loot results.,,,,,,,,,,,,,,,,,,,Open-world indoor dungeon,,,,,,,,,,,,,,,,,,,,,,,,,,,,,,,,,Open World,Open World,,,,,,,,,,,,,,,,,,,,,,,,,,,,,,,,,,,,,,,,,,,,,,,,,,,,,,,,,,,,,,,,,,,,No,,,,,,,,,,,,,,,,,,,,Available,Current EQL Solusek's Eye / Sol A; Nagafen's Lair sources excluded,,,,Confirmed,Unconfirmed,,,,,,B25-SOLA,
105,B25-SOLA-RES-028,25,Antonica,Solusek's Eye,Goblin Fire Totem source,,,,,,,,,,,,,,,,,,,,,,,,,,,,,,,,,,,,,,,,,,,,,,Zone-specific,Supplemental,Low,https://eqlwiki.com/Solusek%27s_Eye,https://wiki.project1999.com/Solusek%27s_Eye,Resolve exact source family and complete item block.,Yes,1,,,,,,,Unresolved; direct-build or stronger current evidence required,Quarantine,,,,,,,,,,https://eqlwiki.com/Solusek%27s_Eye,,2026-07-28,,,,Yes,Partial / conflicting,Unverified lead,No,D,Meaningful current or historical lead without enough support for active promotion.,Source unresolved,,,,Unverified current Wiki / inherited classic evidence,,EQL-LOOT-1.0,research,Quarantined,,B25-SOLA-RES-028,,,No,Yes,Quarantined research record; hidden from default loot results.,,,,,,,,,,,,,,,,,,,Open-world indoor dungeon,,,,,,,,,,,,,,,,,,,,,,,,,,,,,,,,,Open World,Open World,,,,,,,,,,,,,,,,,,,,,,,,,,,,,,,,,,,,,,,,,,,,,,,,,,,,,,,,,,,,,,,,,,,,No,,,,,,,,,,,,,,,,,,,,Available,Current EQL Solusek's Eye / Sol A; Nagafen's Lair sources excluded,,,,Confirmed,Unconfirmed,,,,,,B25-SOLA,
106,B25-SOLA-RES-029,25,Antonica,Solusek's Eye,Current faction and assist values,,,,,,,,,,,,,,,,,,,,,,,,,,,,,,,,,,,,,,,,,,,,,,Zone-specific,Supplemental,Low,https://eqlwiki.com/Solusek%27s_Eye,https://wiki.project1999.com/Solusek%27s_Eye,"Verify Goblins of Fire Peak, Mining Company, gnome, clockwork, and independent-creature behavior.",Yes,1,,,,,,,Unresolved; direct-build or stronger current evidence required,Quarantine,,,,,,,,,,https://eqlwiki.com/Solusek%27s_Eye,,2026-07-28,,,,Yes,Partial / conflicting,Unverified lead,No,D,Meaningful current or historical lead without enough support for active promotion.,Faction unresolved,,,,Unverified current Wiki / inherited classic evidence,,EQL-LOOT-1.0,research,Quarantined,,B25-SOLA-RES-029,,,No,Yes,Quarantined research record; hidden from default loot results.,,,,,,,,,,,,,,,,,,,Open-world indoor dungeon,,,,,,,,,,,,,,,,,,,,,,,,,,,,,,,,,Open World,Open World,,,,,,,,,,,,,,,,,,,,,,,,,,,,,,,,,,,,,,,,,,,,,,,,,,,,,,,,,,,,,,,,,,,,No,,,,,,,,,,,,,,,,,,,,Available,Current EQL Solusek's Eye / Sol A; Nagafen's Lair sources excluded,,,,Confirmed,Unconfirmed,,,,,,B25-SOLA,
107,B25-SOLA-RES-030,25,Antonica,Solusek's Eye,EQL-exclusive Sol A census,,,,,,,,,,,,,,,,,,,,,,,,,,,,,,,,,,,,,,,,,,,,,,Zone-specific,Supplemental,Low,https://eqlwiki.com/Solusek%27s_Eye,https://wiki.project1999.com/Solusek%27s_Eye,Find current NPCs or items absent from classic Sol A tables.,Yes,1,,,,,,,Unresolved; direct-build or stronger current evidence required,Quarantine,,,,,,,,,,https://eqlwiki.com/Solusek%27s_Eye,,2026-07-28,,,,Yes,Partial / conflicting,Unverified lead,No,D,Meaningful current or historical lead without enough support for active promotion.,Incomplete census,,,,Unverified current Wiki / inherited classic evidence,,EQL-LOOT-1.0,research,Quarantined,,B25-SOLA-RES-030,,,No,Yes,Quarantined research record; hidden from default loot results.,,,,,,,,,,,,,,,,,,,Open-world indoor dungeon,,,,,,,,,,,,,,,,,,,,,,,,,,,,,,,,,Open World,Open World,,,,,,,,,,,,,,,,,,,,,,,,,,,,,,,,,,,,,,,,,,,,,,,,,,,,,,,,,,,,,,,,,,,,No,,,,,,,,,,,,,,,,,,,,Available,Current EQL Solusek's Eye / Sol A; Nagafen's Lair sources excluded,,,,Confirmed,Unconfirmed,,,,,,B25-SOLA,
