record_id,batch,continent,zone,item_name,item_category,slot,equippable,inventory_only,magic,lore,no_drop,quest_item,weight,size,classes_classic,races_classic,stats_raw,damage,delay,weapon_skill,proc_click_focus,source_npc,source_npc_level,source_npc_class,source_npc_race_type,placeholder,placeholder_level_range,nearby_enemy_level_range,spawn_type,spawn_location,respawn_timer,time_condition,special_abilities,social_or_add_risk,faction_consequences,drop_frequency,drop_rate_reported,drop_notes,era_status,tlp_status,legends_status,best_for_classes,best_for_archetypes,general_value_notes,personal_build_notes,effect_transfer_value,target_priority_general,duplicate_item_group,inclusion_reason,source_scope,core_or_supplemental,data_confidence,source_primary,source_secondary,research_notes,approved,revision,stats_classic,stats_eql,classes_eql,races_eql,source_npc_level_classic,source_npc_level_eql,eql_verification_status,eql_audit_action,eql_npc_confirmed,eql_item_confirmed,eql_drop_source_confirmed,eql_stats_match,eql_classes_match,eql_races_match,eql_effect_match,eql_spawn_match,eql_era_status,eql_wiki_source,eql_official_source,eql_last_checked,eql_changes_summary,eql_verification_notes,official_override_status,official_source_checked,eql_wiki_listing_status,eql_wiki_verification_state,current_build_confirmed,evidence_grade,evidence_strength,conflict_status,classic_original_launch,classic_historical_era,last_directly_observed,primary_evidence_layer,per_field_provenance_notes,schema_version,record_type,record_status,source_record_id,canonical_record_id,parent_record_id,related_record_ids,display_default,searchable,record_notes,faction_risk_level,faction_hits_known,faction_gains_known,city_access_risk,merchant_access_risk,quest_access_risk,initial_disposition,protected_npc_type,faction_behavior_notes,creature_family,creature_subfamily,normalized_source_name,source_name_aliases,shared_loot_family,family_faction,family_hostility,family_zone_scope,source_variant_notes,zone_type,zone_subarea,zone_wing,zone_floor,camp_or_room,location_coordinates,location_description,navigation_notes,escape_or_exit_risk,environmental_hazards,encounter_name,encounter_type,encounter_tier,encounter_group_size,encounter_raid_size,encounter_difficulty,encounter_trigger,encounter_scripted,encounter_phases,encounter_adds,encounter_failure_condition,encounter_reset_behavior,encounter_notes,placeholder_npc,placeholder_cycle,spawn_probability,spawn_count,spawn_window,respawn_variance,despawn_condition,spawn_dependencies,spawn_guaranteed,spawn_mechanics_notes,instance_status,instance_type,instance_name,instance_entry_method,instance_reuse_timer,loot_lockout_type,loot_lockout_duration,lockout_scope,lockout_applies_per_npc,lockout_applies_per_instance,lockout_bypass_conditions,instance_notes,loot_delivery_method,loot_container_name,loot_table_name,loot_table_tier,loot_pool_type,loot_roll_type,loot_quantity_min,loot_quantity_max,loot_slots_reported,loot_selection_behavior,shared_loot_notes,currency_drop,loot_delivery_notes,drop_rate_type,drop_rate_numerator,drop_rate_denominator,drop_rate_sample_size,drop_rate_pool_probability,drop_rate_item_probability,drop_rate_source,drop_rate_confidence,drop_rate_conditions,access_requirement,access_key_item,access_key_consumed,access_quest,minimum_recommended_level,minimum_group_size,minimum_raid_size,class_role_requirements,door_or_lock_requirement,levitation_required,underwater_required,resist_requirements,corpse_recovery_difficulty,bind_or_reentry_notes,access_notes,encounter_hp,encounter_ac,damage_per_hit_min,damage_per_hit_max,attacks_per_round,aoe_effects,single_target_effects,debuffs,summons_players,enrages,rampage,flurry,banishes,mem_blur,charm,fear,death_touch,resist_profile,immunity_profile,combat_mechanics_notes,raid_target,raid_classification,raid_progression_role,raid_prerequisite,contested_status,racing_or_engagement_rules,racing_line,open_world_competition,recommended_composition,raid_notes,quest_name,quest_step,quest_role,epic_class,progression_category,required_for_access,required_for_spawn,required_for_turn_in,reward_type,quest_dependency_notes,content_availability,availability_context,availability_start,availability_end,availability_condition,beta_availability_status,launch_availability_status,instance_availability_status,compatibility_action,compatibility_reason,custom_tags,alternate_names,content_group_id,data_extension_json
B18-RYE-001,18,Antonica,Clan Runnyeye,Blackened Iron Boots,Equipment,Feet,Yes,No,,,,,,,WAR CLR PAL RNG SHD BRD ROG SHM,All,,,,,,Goblin King; Pickclaw Foeslicer; Pickclaw Zekspeaker,,,,,,,,,,,,,,,,,Classic pre-revamp,,,,,,,,,,"Notable equipment, quest, utility, or economic item.",Exact documented source or documented source group,Core,,https://eqlwiki.com/Runnyeye,Classic EverQuest / Project 1999 comparison,,Yes,1,AC 5,AC 5,WAR CLR PAL RNG SHD BRD ROG SHM,All,,,Audited,Add,,Yes,Yes,,,,,,,,,2026-07-28,,,,Yes,,Reviewed,No direct-build observation,C,Exact current item/source relationship with completeness audit.,None identified,,Classic pre-revamp,,Current EQL Wiki with classic comparison,Current EQL fields populated from exact item/NPC or zone documentation; classic fields populated only for matched classic-retained items.,EQL-LOOT-1.0,loot,Active,,B18-RYE-001,,,Yes,Yes,,,,,,,,,,,,,Goblin King; Pickclaw Foeslicer; Pickclaw Zekspeaker,,,,,,,Multi-Level Indoor Dungeon,,,,,,,,,,,,,,,,,,,,,,,,,,,,,,,,,Open World,Open World,,,,,,,,,,,NPC Corpse,,,,,,,,,,,,,,,,,,,,,,,,,,,,,,,,,,,,,,,,,,,,,,,,,,,,,,,,,No,,,,,,,,,,,,,,,,,,,,Available,,,,,Confirmed,Unconfirmed,,Keep,Current EQL and classic fields compared.,,,B18-RYE,
B18-RYE-002,18,Antonica,Clan Runnyeye,Blackened Iron Bracers,Equipment,Wrist,Yes,No,,,,,,,WAR CLR PAL RNG SHD BRD ROG SHM,All,,,,,,Goblin King; Goblin Warlord; Pickclaw Foechopper,,,,,,,,,,,,,,,,,Classic pre-revamp,,,,,,,,,,"Notable equipment, quest, utility, or economic item.",Exact documented source or documented source group,Core,,https://eqlwiki.com/Runnyeye,Classic EverQuest / Project 1999 comparison,,Yes,1,AC 5,AC 5,WAR CLR PAL RNG SHD BRD ROG SHM,All,,,Audited,Add,,Yes,Yes,,,,,,,,,2026-07-28,,,,Yes,,Reviewed,No direct-build observation,C,Exact current item/source relationship with completeness audit.,None identified,,Classic pre-revamp,,Current EQL Wiki with classic comparison,Current EQL fields populated from exact item/NPC or zone documentation; classic fields populated only for matched classic-retained items.,EQL-LOOT-1.0,loot,Active,,B18-RYE-002,,,Yes,Yes,,,,,,,,,,,,,Goblin King; Goblin Warlord; Pickclaw Foechopper,,,,,,,Multi-Level Indoor Dungeon,,,,,,,,,,,,,,,,,,,,,,,,,,,,,,,,,Open World,Open World,,,,,,,,,,,NPC Corpse,,,,,,,,,,,,,,,,,,,,,,,,,,,,,,,,,,,,,,,,,,,,,,,,,,,,,,,,,No,,,,,,,,,,,,,,,,,,,,Available,,,,,Confirmed,Unconfirmed,,Keep,Current EQL and classic fields compared.,,,B18-RYE,
B18-RYE-003,18,Antonica,Clan Runnyeye,Blackened Iron Collar,Equipment,Neck,Yes,No,,,,,,,WAR CLR PAL RNG SHD BRD ROG SHM,All,,,,,,Goblin King; Goblin Warlord; Pickclaw Zekspeaker,,,,,,,,,,,,,,,,,Classic pre-revamp,,,,,,,,,,"Notable equipment, quest, utility, or economic item.",Exact documented source or documented source group,Core,,https://eqlwiki.com/Runnyeye,Classic EverQuest / Project 1999 comparison,,Yes,1,AC 5,AC 5,WAR CLR PAL RNG SHD BRD ROG SHM,All,,,Audited,Add,,Yes,Yes,,,,,,,,,2026-07-28,,,,Yes,,Reviewed,No direct-build observation,C,Exact current item/source relationship with completeness audit.,None identified,,Classic pre-revamp,,Current EQL Wiki with classic comparison,Current EQL fields populated from exact item/NPC or zone documentation; classic fields populated only for matched classic-retained items.,EQL-LOOT-1.0,loot,Active,,B18-RYE-003,,,Yes,Yes,,,,,,,,,,,,,Goblin King; Goblin Warlord; Pickclaw Zekspeaker,,,,,,,Multi-Level Indoor Dungeon,,,,,,,,,,,,,,,,,,,,,,,,,,,,,,,,,Open World,Open World,,,,,,,,,,,NPC Corpse,,,,,,,,,,,,,,,,,,,,,,,,,,,,,,,,,,,,,,,,,,,,,,,,,,,,,,,,,No,,,,,,,,,,,,,,,,,,,,Available,,,,,Confirmed,Unconfirmed,,Keep,Current EQL and classic fields compared.,,,B18-RYE,
B18-RYE-004,18,Antonica,Clan Runnyeye,Blackened Iron Crown,Equipment,Head,Yes,No,,,,,,,All except DRU NEC WIZ MAG ENC,All,,,,,,Goblin King,,,,,,,,,,,,,,,,,Classic pre-revamp,,,,,,,,,,"Notable equipment, quest, utility, or economic item.",Exact documented source or documented source group,Core,,https://eqlwiki.com/Runnyeye,Classic EverQuest / Project 1999 comparison,,Yes,1,AC 5; STR 5; FR 5; DR 5; CR 5; MR 5; PR 5,AC 5; STR 5; FR 5; DR 5; CR 5; MR 5; PR 5,All except DRU NEC WIZ MAG ENC,All,,,Audited,Add,,Yes,Yes,,,,,,,,,2026-07-28,,,,Yes,,Reviewed,No direct-build observation,C,Exact current item/source relationship with completeness audit.,None identified,,Classic pre-revamp,,Current EQL Wiki with classic comparison,Current EQL fields populated from exact item/NPC or zone documentation; classic fields populated only for matched classic-retained items.,EQL-LOOT-1.0,loot,Active,,B18-RYE-004,,,Yes,Yes,,,,,,,,,,,,,Goblin King,,,,,,,Multi-Level Indoor Dungeon,,,,,,,,,,,,,,,,,,,,,,,,,,,,,,,,,Open World,Open World,,,,,,,,,,,NPC Corpse,,,,,,,,,,,,,,,,,,,,,,,,,,,,,,,,,,,,,,,,,,,,,,,,,,,,,,,,,No,,,,,,,,,,,,,,,,,,,,Available,,,,,Confirmed,Unconfirmed,,Keep,Current EQL and classic fields compared.,,,B18-RYE,
B18-RYE-005,18,Antonica,Clan Runnyeye,Blackened Iron Legplates,Equipment,Legs,Yes,No,,,,,,,WAR CLR PAL RNG SHD BRD ROG SHM,All,,,,,,Goblin King; Goblin Warlord; Pickclaw Foechopper,,,,,,,,,,,,,,,,,Classic pre-revamp,,,,,,,,,,"Notable equipment, quest, utility, or economic item.",Exact documented source or documented source group,Core,,https://eqlwiki.com/Runnyeye,Classic EverQuest / Project 1999 comparison,,Yes,1,AC 7,AC 7,WAR CLR PAL RNG SHD BRD ROG SHM,All,,,Audited,Add,,Yes,Yes,,,,,,,,,2026-07-28,,,,Yes,,Reviewed,No direct-build observation,C,Exact current item/source relationship with completeness audit.,None identified,,Classic pre-revamp,,Current EQL Wiki with classic comparison,Current EQL fields populated from exact item/NPC or zone documentation; classic fields populated only for matched classic-retained items.,EQL-LOOT-1.0,loot,Active,,B18-RYE-005,,,Yes,Yes,,,,,,,,,,,,,Goblin King; Goblin Warlord; Pickclaw Foechopper,,,,,,,Multi-Level Indoor Dungeon,,,,,,,,,,,,,,,,,,,,,,,,,,,,,,,,,Open World,Open World,,,,,,,,,,,NPC Corpse,,,,,,,,,,,,,,,,,,,,,,,,,,,,,,,,,,,,,,,,,,,,,,,,,,,,,,,,,No,,,,,,,,,,,,,,,,,,,,Available,,,,,Confirmed,Unconfirmed,,Keep,Current EQL and classic fields compared.,,,B18-RYE,
B18-RYE-006,18,Antonica,Clan Runnyeye,Blackened Iron Mail,Equipment,Chest,Yes,No,,,,,,,WAR CLR PAL RNG SHD BRD ROG SHM,All,,,,,,Goblin King; Goblin Warlord,,,,,,,,,,,,,,,,,Classic pre-revamp,,,,,,,,,,"Notable equipment, quest, utility, or economic item.",Exact documented source or documented source group,Core,,https://eqlwiki.com/Runnyeye,Classic EverQuest / Project 1999 comparison,,Yes,1,AC 12,AC 12,WAR CLR PAL RNG SHD BRD ROG SHM,All,,,Audited,Add,,Yes,Yes,,,,,,,,,2026-07-28,,,,Yes,,Reviewed,No direct-build observation,C,Exact current item/source relationship with completeness audit.,None identified,,Classic pre-revamp,,Current EQL Wiki with classic comparison,Current EQL fields populated from exact item/NPC or zone documentation; classic fields populated only for matched classic-retained items.,EQL-LOOT-1.0,loot,Active,,B18-RYE-006,,,Yes,Yes,,,,,,,,,,,,,Goblin King; Goblin Warlord,,,,,,,Multi-Level Indoor Dungeon,,,,,,,,,,,,,,,,,,,,,,,,,,,,,,,,,Open World,Open World,,,,,,,,,,,NPC Corpse,,,,,,,,,,,,,,,,,,,,,,,,,,,,,,,,,,,,,,,,,,,,,,,,,,,,,,,,,No,,,,,,,,,,,,,,,,,,,,Available,,,,,Confirmed,Unconfirmed,,Keep,Current EQL and classic fields compared.,,,B18-RYE,
B18-RYE-007,18,Antonica,Clan Runnyeye,Blackened Iron Spaulder,Equipment,Shoulders,Yes,No,,,,,,,WAR CLR PAL RNG SHD BRD ROG SHM,All,,,,,,Goblin King; Goblin Warlord,,,,,,,,,,,,,,,,,Classic pre-revamp,,,,,,,,,,"Notable equipment, quest, utility, or economic item.",Exact documented source or documented source group,Core,,https://eqlwiki.com/Runnyeye,Classic EverQuest / Project 1999 comparison,,Yes,1,AC 5,AC 5,WAR CLR PAL RNG SHD BRD ROG SHM,All,,,Audited,Add,,Yes,Yes,,,,,,,,,2026-07-28,,,,Yes,,Reviewed,No direct-build observation,C,Exact current item/source relationship with completeness audit.,None identified,,Classic pre-revamp,,Current EQL Wiki with classic comparison,Current EQL fields populated from exact item/NPC or zone documentation; classic fields populated only for matched classic-retained items.,EQL-LOOT-1.0,loot,Active,,B18-RYE-007,,,Yes,Yes,,,,,,,,,,,,,Goblin King; Goblin Warlord,,,,,,,Multi-Level Indoor Dungeon,,,,,,,,,,,,,,,,,,,,,,,,,,,,,,,,,Open World,Open World,,,,,,,,,,,NPC Corpse,,,,,,,,,,,,,,,,,,,,,,,,,,,,,,,,,,,,,,,,,,,,,,,,,,,,,,,,,No,,,,,,,,,,,,,,,,,,,,Available,,,,,Confirmed,Unconfirmed,,Keep,Current EQL and classic fields compared.,,,B18-RYE,
B18-RYE-008,18,Antonica,Clan Runnyeye,Blackened Iron Waistband,Equipment,Waist,Yes,No,,,,,,,WAR CLR PAL RNG SHD BRD ROG SHM,All,,,,,,Goblin King,,,,,,,,,,,,,,,,,Classic pre-revamp,,,,,,,,,,"Notable equipment, quest, utility, or economic item.",Exact documented source or documented source group,Core,,https://eqlwiki.com/Runnyeye,Classic EverQuest / Project 1999 comparison,,Yes,1,AC 5,AC 5,WAR CLR PAL RNG SHD BRD ROG SHM,All,,,Audited,Add,,Yes,Yes,,,,,,,,,2026-07-28,,,,Yes,,Reviewed,No direct-build observation,C,Exact current item/source relationship with completeness audit.,None identified,,Classic pre-revamp,,Current EQL Wiki with classic comparison,Current EQL fields populated from exact item/NPC or zone documentation; classic fields populated only for matched classic-retained items.,EQL-LOOT-1.0,loot,Active,,B18-RYE-008,,,Yes,Yes,,,,,,,,,,,,,Goblin King,,,,,,,Multi-Level Indoor Dungeon,,,,,,,,,,,,,,,,,,,,,,,,,,,,,,,,,Open World,Open World,,,,,,,,,,,NPC Corpse,,,,,,,,,,,,,,,,,,,,,,,,,,,,,,,,,,,,,,,,,,,,,,,,,,,,,,,,,No,,,,,,,,,,,,,,,,,,,,Available,,,,,Confirmed,Unconfirmed,,Keep,Current EQL and classic fields compared.,,,B18-RYE,
B18-RYE-009,18,Antonica,Clan Runnyeye,Blackened Iron Bastard Sword,Equipment,Primary,Yes,No,,,,,,,WAR PAL RNG SHD,All,,20,47,2H Slashing,,Goblin Knight; Pickclaw Veteran; Goblin Crusader,,,,,,,,,,,,,,,,,Classic pre-revamp,,,,,,,,,,"Notable equipment, quest, utility, or economic item.",Exact documented source or documented source group,Core,,https://eqlwiki.com/Runnyeye,Classic EverQuest / Project 1999 comparison,,Yes,1,No additional stats documented,No additional stats documented,WAR PAL RNG SHD,All,,,Audited,Add,,Yes,Yes,,,,,,,,,2026-07-28,,,,Yes,,Reviewed,No direct-build observation,C,Exact current item/source relationship with completeness audit.,None identified,,Classic pre-revamp,,Current EQL Wiki with classic comparison,Current EQL fields populated from exact item/NPC or zone documentation; classic fields populated only for matched classic-retained items.,EQL-LOOT-1.0,loot,Active,,B18-RYE-009,,,Yes,Yes,,,,,,,,,,,,,Goblin Knight; Pickclaw Veteran; Goblin Crusader,,,,,,,Multi-Level Indoor Dungeon,,,,,,,,,,,,,,,,,,,,,,,,,,,,,,,,,Open World,Open World,,,,,,,,,,,NPC Corpse,,,,,,,,,,,,,,,,,,,,,,,,,,,,,,,,,,,,,,,,,,,,,,,,,,,,,,,,,No,,,,,,,,,,,,,,,,,,,,Available,,,,,Confirmed,Unconfirmed,,Keep,Current EQL and classic fields compared.,,,B18-RYE,
B18-RYE-010,18,Antonica,Clan Runnyeye,Black Iron Medallion,Equipment,Neck,Yes,No,,,,,,,All,All,,,,,,Goblin King; Goblin Warlord,,,,,,,,,,,,,,,,,Classic pre-revamp,,,,,,,,,,"Notable equipment, quest, utility, or economic item.",Exact documented source or documented source group,Core,,https://eqlwiki.com/Runnyeye,Classic EverQuest / Project 1999 comparison,,Yes,1,WIS 3; INT 3,WIS 3; INT 3,All,All,,,Audited,Add,,Yes,Yes,,,,,,,,,2026-07-28,,,,Yes,,Reviewed,No direct-build observation,C,Exact current item/source relationship with completeness audit.,None identified,,Classic pre-revamp,,Current EQL Wiki with classic comparison,Current EQL fields populated from exact item/NPC or zone documentation; classic fields populated only for matched classic-retained items.,EQL-LOOT-1.0,loot,Active,,B18-RYE-010,,,Yes,Yes,,,,,,,,,,,,,Goblin King; Goblin Warlord,,,,,,,Multi-Level Indoor Dungeon,,,,,,,,,,,,,,,,,,,,,,,,,,,,,,,,,Open World,Open World,,,,,,,,,,,NPC Corpse,,,,,,,,,,,,,,,,,,,,,,,,,,,,,,,,,,,,,,,,,,,,,,,,,,,,,,,,,No,,,,,,,,,,,,,,,,,,,,Available,,,,,Confirmed,Unconfirmed,,Keep,Current EQL and classic fields compared.,,,B18-RYE,
B18-RYE-011,18,Antonica,Clan Runnyeye,Black Iron Girdle,Equipment,Waist,Yes,No,,,,,,,WAR CLR PAL RNG SHD BRD ROG SHM,All,,,,,,Goblin King,,,,,,,,,,,,,,,,,Classic pre-revamp,,,,,,,,,,"Notable equipment, quest, utility, or economic item.",Exact documented source or documented source group,Core,,https://eqlwiki.com/Runnyeye,Classic EverQuest / Project 1999 comparison,,Yes,1,AC 6; STA 5,AC 6; STA 5,WAR CLR PAL RNG SHD BRD ROG SHM,All,,,Audited,Add,,Yes,Yes,,,,,,,,,2026-07-28,,,,Yes,,Reviewed,No direct-build observation,C,Exact current item/source relationship with completeness audit.,None identified,,Classic pre-revamp,,Current EQL Wiki with classic comparison,Current EQL fields populated from exact item/NPC or zone documentation; classic fields populated only for matched classic-retained items.,EQL-LOOT-1.0,loot,Active,,B18-RYE-011,,,Yes,Yes,,,,,,,,,,,,,Goblin King,,,,,,,Multi-Level Indoor Dungeon,,,,,,,,,,,,,,,,,,,,,,,,,,,,,,,,,Open World,Open World,,,,,,,,,,,NPC Corpse,,,,,,,,,,,,,,,,,,,,,,,,,,,,,,,,,,,,,,,,,,,,,,,,,,,,,,,,,No,,,,,,,,,,,,,,,,,,,,Available,,,,,Confirmed,Unconfirmed,,Keep,Current EQL and classic fields compared.,,,B18-RYE,
B18-RYE-012,18,Antonica,Clan Runnyeye,Blackened Iron Eye Totem,Equipment,Primary; Secondary,Yes,No,,,,,,,CLR DRU BRD SHM,All,,,,,,Sludge Dankmire,,,,,,,,,,,,,,,,,Classic pre-revamp,,,,,,,,,,"Notable equipment, quest, utility, or economic item.",Exact documented source or documented source group,Core,,https://eqlwiki.com/Runnyeye,Classic EverQuest / Project 1999 comparison,,Yes,1,HP 10; Mana 5,HP 10; Mana 5,CLR DRU BRD SHM,All,,,Audited,Add,,Yes,Yes,,,,,,,,,2026-07-28,,,,Yes,,Reviewed,No direct-build observation,C,Exact current item/source relationship with completeness audit.,None identified,,Classic pre-revamp,,Current EQL Wiki with classic comparison,Current EQL fields populated from exact item/NPC or zone documentation; classic fields populated only for matched classic-retained items.,EQL-LOOT-1.0,loot,Active,,B18-RYE-012,,,Yes,Yes,,,,,,,,,,,,,Sludge Dankmire,,,,,,,Multi-Level Indoor Dungeon,,,,,,,,,,,,,,,,,,,,,,,,,,,,,,,,,Open World,Open World,,,,,,,,,,,NPC Corpse,,,,,,,,,,,,,,,,,,,,,,,,,,,,,,,,,,,,,,,,,,,,,,,,,,,,,,,,,No,,,,,,,,,,,,,,,,,,,,Available,,,,,Confirmed,Unconfirmed,,Keep,Current EQL and classic fields compared.,,,B18-RYE,
B18-RYE-013,18,Antonica,Clan Runnyeye,Blackened Alloy Armplates,Equipment,Arms,Yes,No,,,,,,,,,,,,,,Pickclaw Foeseeker; Battlelord Paluk; Lord Pickclaw,,,,,,,,,,,,,,,,,May 2001 Runnyeye revamp,,,,,,,,,,"Notable equipment, quest, utility, or economic item.",Exact documented source or documented source group,Core,,https://eqlwiki.com/Runnyeye,Classic EverQuest / Project 1999 comparison,,Yes,1,,AC 9,WAR CLR PAL RNG SHD BRD ROG SHM,All,,,Audited,Add,,Yes,Yes,,,,,,,,,2026-07-28,,,,Yes,,Reviewed,No direct-build observation,C,Exact current item/source relationship with completeness audit.,None identified,,May 2001 Runnyeye revamp,,Current EQL Wiki with classic comparison,Current EQL fields populated from exact item/NPC or zone documentation; classic fields populated only for matched classic-retained items.,EQL-LOOT-1.0,loot,Active,,B18-RYE-013,,,Yes,Yes,,,,,,,,,,,,,Pickclaw Foeseeker; Battlelord Paluk; Lord Pickclaw,,,,,,,Multi-Level Indoor Dungeon,,,,,,,,,,,,,,,,,,,,,,,,,,,,,,,,,Open World,Open World,,,,,,,,,,,NPC Corpse,,,,,,,,,,,,,,,,,,,,,,,,,,,,,,,,,,,,,,,,,,,,,,,,,,,,,,,,,No,,,,,,,,,,,,,,,,,,,,Available,,,,,Confirmed,Unconfirmed,,Add,No sufficiently matched classic counterpart used.,,,B18-RYE,
B18-RYE-014,18,Antonica,Clan Runnyeye,Blackened Alloy Coif,Equipment,Head,Yes,No,,Yes,,,,,,,,,,,,Pickclaw Foeseeker; Battlelord Paluk; Lord Pickclaw,,,,,,,,,,,,,,,,,May 2001 Runnyeye revamp,,,,,,,,,,"Notable equipment, quest, utility, or economic item.",Exact documented source or documented source group,Core,,https://eqlwiki.com/Runnyeye,Classic EverQuest / Project 1999 comparison,,Yes,1,,AC 8; STR 6; FR 6; DR 6; CR 6; MR 6; PR 6,All except DRU NEC WIZ MAG ENC,All,,,Audited,Add,,Yes,Yes,,,,,,,,,2026-07-28,,,,Yes,,Reviewed,No direct-build observation,C,Exact current item/source relationship with completeness audit.,None identified,,May 2001 Runnyeye revamp,,Current EQL Wiki with classic comparison,Current EQL fields populated from exact item/NPC or zone documentation; classic fields populated only for matched classic-retained items.,EQL-LOOT-1.0,loot,Active,,B18-RYE-014,,,Yes,Yes,,,,,,,,,,,,,Pickclaw Foeseeker; Battlelord Paluk; Lord Pickclaw,,,,,,,Multi-Level Indoor Dungeon,,,,,,,,,,,,,,,,,,,,,,,,,,,,,,,,,Open World,Open World,,,,,,,,,,,NPC Corpse,,,,,,,,,,,,,,,,,,,,,,,,,,,,,,,,,,,,,,,,,,,,,,,,,,,,,,,,,No,,,,,,,,,,,,,,,,,,,,Available,,,,,Confirmed,Unconfirmed,,Add,No sufficiently matched classic counterpart used.,,,B18-RYE,
B18-RYE-015,18,Antonica,Clan Runnyeye,Blackened Alloy Gloves,Equipment,Hands,Yes,No,,,,,,,,,,,,,,Pickclaw Foeseeker; Battlelord Paluk,,,,,,,,,,,,,,,,,May 2001 Runnyeye revamp,,,,,,,,,,"Notable equipment, quest, utility, or economic item.",Exact documented source or documented source group,Core,,https://eqlwiki.com/Runnyeye,Classic EverQuest / Project 1999 comparison,,Yes,1,,AC 8,WAR CLR PAL RNG SHD BRD ROG SHM,All,,,Audited,Add,,Yes,Yes,,,,,,,,,2026-07-28,,,,Yes,,Reviewed,No direct-build observation,C,Exact current item/source relationship with completeness audit.,None identified,,May 2001 Runnyeye revamp,,Current EQL Wiki with classic comparison,Current EQL fields populated from exact item/NPC or zone documentation; classic fields populated only for matched classic-retained items.,EQL-LOOT-1.0,loot,Active,,B18-RYE-015,,,Yes,Yes,,,,,,,,,,,,,Pickclaw Foeseeker; Battlelord Paluk,,,,,,,Multi-Level Indoor Dungeon,,,,,,,,,,,,,,,,,,,,,,,,,,,,,,,,,Open World,Open World,,,,,,,,,,,NPC Corpse,,,,,,,,,,,,,,,,,,,,,,,,,,,,,,,,,,,,,,,,,,,,,,,,,,,,,,,,,No,,,,,,,,,,,,,,,,,,,,Available,,,,,Confirmed,Unconfirmed,,Add,No sufficiently matched classic counterpart used.,,,B18-RYE,
B18-RYE-016,18,Antonica,Clan Runnyeye,Blackened Alloy Bastard Sword,Equipment,Primary,Yes,No,,,,,,,,,,21,39,2H Slashing,,Battlelord Paluk,,,,,,,,,,,,,,,,,May 2001 Runnyeye revamp,,,,,,,,,,"Notable equipment, quest, utility, or economic item.",Exact documented source or documented source group,Core,,https://eqlwiki.com/Runnyeye,Classic EverQuest / Project 1999 comparison,,Yes,1,,PR 3,WAR PAL RNG SHD,All,,,Audited,Add,,Yes,Yes,,,,,,,,,2026-07-28,,,,Yes,,Reviewed,No direct-build observation,C,Exact current item/source relationship with completeness audit.,None identified,,May 2001 Runnyeye revamp,,Current EQL Wiki with classic comparison,Current EQL fields populated from exact item/NPC or zone documentation; classic fields populated only for matched classic-retained items.,EQL-LOOT-1.0,loot,Active,,B18-RYE-016,,,Yes,Yes,,,,,,,,,,,,,Battlelord Paluk,,,,,,,Multi-Level Indoor Dungeon,,,,,,,,,,,,,,,,,,,,,,,,,,,,,,,,,Open World,Open World,,,,,,,,,,,NPC Corpse,,,,,,,,,,,,,,,,,,,,,,,,,,,,,,,,,,,,,,,,,,,,,,,,,,,,,,,,,No,,,,,,,,,,,,,,,,,,,,Available,,,,,Confirmed,Unconfirmed,,Add,No sufficiently matched classic counterpart used.,,,B18-RYE,
B18-RYE-017,18,Antonica,Clan Runnyeye,Blackened Alloy Longsword,Equipment,Primary; Secondary,Yes,No,,,,,,,,,,10,29,1H Slashing,,Battlelord Paluk; Lord Pickclaw; Pickclaw Destroyer,,,,,,,,,,,,,,,,,May 2001 Runnyeye revamp,,,,,,,,,,"Notable equipment, quest, utility, or economic item.",Exact documented source or documented source group,Core,,https://eqlwiki.com/Runnyeye,Classic EverQuest / Project 1999 comparison,,Yes,1,,PR 3,WAR PAL RNG SHD BRD ROG,All,,,Audited,Add,,Yes,Yes,,,,,,,,,2026-07-28,,,,Yes,,Reviewed,No direct-build observation,C,Exact current item/source relationship with completeness audit.,None identified,,May 2001 Runnyeye revamp,,Current EQL Wiki with classic comparison,Current EQL fields populated from exact item/NPC or zone documentation; classic fields populated only for matched classic-retained items.,EQL-LOOT-1.0,loot,Active,,B18-RYE-017,,,Yes,Yes,,,,,,,,,,,,,Battlelord Paluk; Lord Pickclaw; Pickclaw Destroyer,,,,,,,Multi-Level Indoor Dungeon,,,,,,,,,,,,,,,,,,,,,,,,,,,,,,,,,Open World,Open World,,,,,,,,,,,NPC Corpse,,,,,,,,,,,,,,,,,,,,,,,,,,,,,,,,,,,,,,,,,,,,,,,,,,,,,,,,,No,,,,,,,,,,,,,,,,,,,,Available,,,,,Confirmed,Unconfirmed,,Add,No sufficiently matched classic counterpart used.,,,B18-RYE,
B18-RYE-018,18,Antonica,Clan Runnyeye,Black Alloy Medallion,Equipment,Neck,Yes,No,,,,,,,,,,,,,Focus: Mana Preservation II,Lord Pickclaw,,,,,,,,,,,,,,,,,May 2001 Runnyeye revamp,,,,,,,,,,"Notable equipment, quest, utility, or economic item.",Exact documented source or documented source group,Core,,https://eqlwiki.com/Runnyeye,Classic EverQuest / Project 1999 comparison,,Yes,1,,AC 6; WIS 5; INT 5,All,All,,,Audited,Add,,Yes,Yes,,,,,,,,,2026-07-28,,,,Yes,,Reviewed,No direct-build observation,C,Exact current item/source relationship with completeness audit.,None identified,,May 2001 Runnyeye revamp,,Current EQL Wiki with classic comparison,Current EQL fields populated from exact item/NPC or zone documentation; classic fields populated only for matched classic-retained items.,EQL-LOOT-1.0,loot,Active,,B18-RYE-018,,,Yes,Yes,,,,,,,,,,,,,Lord Pickclaw,,,,,,,Multi-Level Indoor Dungeon,,,,,,,,,,,,,,,,,,,,,,,,,,,,,,,,,Open World,Open World,,,,,,,,,,,NPC Corpse,,,,,,,,,,,,,,,,,,,,,,,,,,,,,,,,,,,,,,,,,,,,,,,,,,,,,,,,,No,,,,,,,,,,,,,,,,,,,,Available,,,,,Confirmed,Unconfirmed,,Add,No sufficiently matched classic counterpart used.,,,B18-RYE,
B18-RYE-019,18,Antonica,Clan Runnyeye,Sleek Black Cape,Equipment,Back,Yes,No,,,,,,,WAR CLR PAL RNG SHD BRD ROG SHM,All,,,,,,Goblin Warlord,,,,,,,,,,,,,,,,,Classic pre-revamp,,,,,,,,,,"Notable equipment, quest, utility, or economic item.",Exact documented source or documented source group,Core,,https://eqlwiki.com/Runnyeye,Classic EverQuest / Project 1999 comparison,,Yes,1,AC 6,AC 6,WAR CLR PAL RNG SHD BRD ROG SHM,All,,,Audited,Add,,Yes,Yes,,,,,,,,,2026-07-28,,,,Yes,,Reviewed,No direct-build observation,C,Exact current item/source relationship with completeness audit.,None identified,,Classic pre-revamp,,Current EQL Wiki with classic comparison,Current EQL fields populated from exact item/NPC or zone documentation; classic fields populated only for matched classic-retained items.,EQL-LOOT-1.0,loot,Active,,B18-RYE-019,,,Yes,Yes,,,,,,,,,,,,,Goblin Warlord,,,,,,,Multi-Level Indoor Dungeon,,,,,,,,,,,,,,,,,,,,,,,,,,,,,,,,,Open World,Open World,,,,,,,,,,,NPC Corpse,,,,,,,,,,,,,,,,,,,,,,,,,,,,,,,,,,,,,,,,,,,,,,,,,,,,,,,,,No,,,,,,,,,,,,,,,,,,,,Available,,,,,Confirmed,Unconfirmed,,Keep,Current EQL and classic fields compared.,,,B18-RYE,
B18-RYE-020,18,Antonica,Clan Runnyeye,Supple Black Cloak,Equipment,Back,Yes,No,,,,,,,WAR CLR PAL RNG SHD BRD ROG SHM,All,,,,,,Goblin Warlord,,,,,,,,,,,,,,,,,Classic pre-revamp,,,,,,,,,,"Notable equipment, quest, utility, or economic item.",Exact documented source or documented source group,Core,,https://eqlwiki.com/Runnyeye,Classic EverQuest / Project 1999 comparison,,Yes,1,AC 8,AC 8,WAR CLR PAL RNG SHD BRD ROG SHM,All,,,Audited,Add,,Yes,Yes,,,,,,,,,2026-07-28,,,,Yes,,Reviewed,No direct-build observation,C,Exact current item/source relationship with completeness audit.,None identified,,Classic pre-revamp,,Current EQL Wiki with classic comparison,Current EQL fields populated from exact item/NPC or zone documentation; classic fields populated only for matched classic-retained items.,EQL-LOOT-1.0,loot,Active,,B18-RYE-020,,,Yes,Yes,,,,,,,,,,,,,Goblin Warlord,,,,,,,Multi-Level Indoor Dungeon,,,,,,,,,,,,,,,,,,,,,,,,,,,,,,,,,Open World,Open World,,,,,,,,,,,NPC Corpse,,,,,,,,,,,,,,,,,,,,,,,,,,,,,,,,,,,,,,,,,,,,,,,,,,,,,,,,,No,,,,,,,,,,,,,,,,,,,,Available,,,,,Confirmed,Unconfirmed,,Keep,Current EQL and classic fields compared.,,,B18-RYE,
B18-RYE-021,18,Antonica,Clan Runnyeye,Grotesque Mask,Equipment,Face,Yes,No,,,,,,,WAR CLR PAL RNG SHD BRD ROG SHM,All,,,,,,Goblin King,,,,,,,,,,,,,,,,,Classic pre-revamp,,,,,,,,,,"Notable equipment, quest, utility, or economic item.",Exact documented source or documented source group,Core,,https://eqlwiki.com/Runnyeye,Classic EverQuest / Project 1999 comparison,,Yes,1,AC 3; DEX 7; CHA -9,AC 3; DEX 7; CHA -9,WAR CLR PAL RNG SHD BRD ROG SHM,All,,,Audited,Add,,Yes,Yes,,,,,,,,,2026-07-28,,,,Yes,,Reviewed,No direct-build observation,C,Exact current item/source relationship with completeness audit.,None identified,,Classic pre-revamp,,Current EQL Wiki with classic comparison,Current EQL fields populated from exact item/NPC or zone documentation; classic fields populated only for matched classic-retained items.,EQL-LOOT-1.0,loot,Active,,B18-RYE-021,,,Yes,Yes,,,,,,,,,,,,,Goblin King,,,,,,,Multi-Level Indoor Dungeon,,,,,,,,,,,,,,,,,,,,,,,,,,,,,,,,,Open World,Open World,,,,,,,,,,,NPC Corpse,,,,,,,,,,,,,,,,,,,,,,,,,,,,,,,,,,,,,,,,,,,,,,,,,,,,,,,,,No,,,,,,,,,,,,,,,,,,,,Available,,,,,Confirmed,Unconfirmed,,Keep,Current EQL and classic fields compared.,,,B18-RYE,
B18-RYE-022,18,Antonica,Clan Runnyeye,Grotesque Alloy Mask,Equipment,Face,Yes,No,,,,,,,,,,,,,,Post-revamp Pickclaw named population,,,,,,,,,,,,,,,,,May 2001 Runnyeye revamp,,,,,,,,,,"Notable equipment, quest, utility, or economic item.",Exact documented source or documented source group,Core,,https://eqlwiki.com/Runnyeye,Classic EverQuest / Project 1999 comparison,,Yes,1,,AC 6; DEX 7; CHA -15; AGI 2; MR 5,WAR CLR PAL RNG SHD BRD ROG SHM,All,,,Audited,Add,,Yes,Yes,,,,,,,,,2026-07-28,,,,Yes,,Reviewed,No direct-build observation,C,Exact current item/source relationship with completeness audit.,None identified,,May 2001 Runnyeye revamp,,Current EQL Wiki with classic comparison,Current EQL fields populated from exact item/NPC or zone documentation; classic fields populated only for matched classic-retained items.,EQL-LOOT-1.0,loot,Active,,B18-RYE-022,,,Yes,Yes,,,,,,,,,,,,,Post-revamp Pickclaw named population,,,,,,,Multi-Level Indoor Dungeon,,,,,,,,,,,,,,,,,,,,,,,,,,,,,,,,,Open World,Open World,,,,,,,,,,,NPC Corpse,,,,,,,,,,,,,,,,,,,,,,,,,,,,,,,,,,,,,,,,,,,,,,,,,,,,,,,,,No,,,,,,,,,,,,,,,,,,,,Available,,,,,Confirmed,Unconfirmed,,Add,No sufficiently matched classic counterpart used.,,,B18-RYE,
B18-RYE-023,18,Antonica,Clan Runnyeye,Fractured Femur,Equipment,Primary; Secondary,Yes,No,,Yes,,,,,,,,4,25,Piercing,,Pickclaw Bonemender,,,,,,,,,,,,,,,,,May 2001 Runnyeye revamp,,,,,,,,,,"Notable equipment, quest, utility, or economic item.",Exact documented source or documented source group,Core,,https://eqlwiki.com/Runnyeye,Classic EverQuest / Project 1999 comparison,,Yes,1,,DR 2; Backstab 4,WAR RNG SHD BRD ROG NEC WIZ MAG ENC,All,,,Audited,Add,,Yes,Yes,,,,,,,,,2026-07-28,,,,Yes,,Reviewed,No direct-build observation,C,Exact current item/source relationship with completeness audit.,None identified,,May 2001 Runnyeye revamp,,Current EQL Wiki with classic comparison,Current EQL fields populated from exact item/NPC or zone documentation; classic fields populated only for matched classic-retained items.,EQL-LOOT-1.0,loot,Active,,B18-RYE-023,,,Yes,Yes,,,,,,,,,,,,,Pickclaw Bonemender,,,,,,,Multi-Level Indoor Dungeon,,,,,,,,,,,,,,,,,,,,,,,,,,,,,,,,,Open World,Open World,,,,,,,,,,,NPC Corpse,,,,,,,,,,,,,,,,,,,,,,,,,,,,,,,,,,,,,,,,,,,,,,,,,,,,,,,,,No,,,,,,,,,,,,,,,,,,,,Available,,,,,Confirmed,Unconfirmed,,Add,No sufficiently matched classic counterpart used.,,,B18-RYE,
B18-RYE-024,18,Antonica,Clan Runnyeye,Ring of Slime,Equipment,Finger,Yes,No,,,,,,,All except WAR MNK ROG,All,,,,,,Slime Elemental,,,,,,,,,,,,,,,,,Classic pre-revamp,,,,,,,,,,"Notable equipment, quest, utility, or economic item.",Exact documented source or documented source group,Core,,https://eqlwiki.com/Runnyeye,Classic EverQuest / Project 1999 comparison,,Yes,1,Mana 10,Mana 10,All except WAR MNK ROG,All,,,Audited,Add,,Yes,Yes,,,,,,,,,2026-07-28,,,,Yes,,Reviewed,No direct-build observation,C,Exact current item/source relationship with completeness audit.,None identified,,Classic pre-revamp,,Current EQL Wiki with classic comparison,Current EQL fields populated from exact item/NPC or zone documentation; classic fields populated only for matched classic-retained items.,EQL-LOOT-1.0,loot,Active,,B18-RYE-024,,,Yes,Yes,,,,,,,,,,,,,Slime Elemental,,,,,,,Multi-Level Indoor Dungeon,,,,,,,,,,,,,,,,,,,,,,,,,,,,,,,,,Open World,Open World,,,,,,,,,,,NPC Corpse,,,,,,,,,,,,,,,,,,,,,,,,,,,,,,,,,,,,,,,,,,,,,,,,,,,,,,,,,No,,,,,,,,,,,,,,,,,,,,Available,,,,,Confirmed,Unconfirmed,,Keep,Current EQL and classic fields compared.,,,B18-RYE,
B18-RYE-025,18,Antonica,Clan Runnyeye,Orb of Slime,Equipment,Primary; Secondary,Yes,No,,,,,,,CLR DRU BRD SHM NEC WIZ MAG ENC,All,,,,,,Slime Elemental,,,,,,,,,,,,,,,,,Classic pre-revamp,,,,,,,,,,"Notable equipment, quest, utility, or economic item.",Exact documented source or documented source group,Core,,https://eqlwiki.com/Runnyeye,Classic EverQuest / Project 1999 comparison,,Yes,1,HP 5; Mana 15,HP 5; Mana 15,CLR DRU BRD SHM NEC WIZ MAG ENC,All,,,Audited,Add,,Yes,Yes,,,,,,,,,2026-07-28,,,,Yes,,Reviewed,No direct-build observation,C,Exact current item/source relationship with completeness audit.,None identified,,Classic pre-revamp,,Current EQL Wiki with classic comparison,Current EQL fields populated from exact item/NPC or zone documentation; classic fields populated only for matched classic-retained items.,EQL-LOOT-1.0,loot,Active,,B18-RYE-025,,,Yes,Yes,,,,,,,,,,,,,Slime Elemental,,,,,,,Multi-Level Indoor Dungeon,,,,,,,,,,,,,,,,,,,,,,,,,,,,,,,,,Open World,Open World,,,,,,,,,,,NPC Corpse,,,,,,,,,,,,,,,,,,,,,,,,,,,,,,,,,,,,,,,,,,,,,,,,,,,,,,,,,No,,,,,,,,,,,,,,,,,,,,Available,,,,,Confirmed,Unconfirmed,,Keep,Current EQL and classic fields compared.,,,B18-RYE,
B18-RYE-026,18,Antonica,Clan Runnyeye,Beaded Slime Necklace,Equipment,Neck,Yes,No,,,,,,,,,,,,,Focus: Spell Haste I,Slime Elemental,,,,,,,,,,,,,,,,,Current EQL-confirmed,,,,,,,,,,"Notable equipment, quest, utility, or economic item.",Exact documented source or documented source group,Core,,https://eqlwiki.com/Runnyeye,Classic EverQuest / Project 1999 comparison,,Yes,1,,INT 5,All,All,,,Audited,Add,,Yes,Yes,,,,,,,,,2026-07-28,,,,Yes,,Reviewed,No direct-build observation,C,Exact current item/source relationship with completeness audit.,None identified,,Current EQL-confirmed,,Current EQL Wiki with classic comparison,Current EQL fields populated from exact item/NPC or zone documentation; classic fields populated only for matched classic-retained items.,EQL-LOOT-1.0,loot,Active,,B18-RYE-026,,,Yes,Yes,,,,,,,,,,,,,Slime Elemental,,,,,,,Multi-Level Indoor Dungeon,,,,,,,,,,,,,,,,,,,,,,,,,,,,,,,,,Open World,Open World,,,,,,,,,,,NPC Corpse,,,,,,,,,,,,,,,,,,,,,,,,,,,,,,,,,,,,,,,,,,,,,,,,,,,,,,,,,No,,,,,,,,,,,,,,,,,,,,Available,,,,,Confirmed,Unconfirmed,,Add,No sufficiently matched classic counterpart used.,,,B18-RYE,
B18-RYE-027,18,Antonica,Clan Runnyeye,Onyx Ring,Equipment,Finger,Yes,No,,,,,,,All,All,,,,,,Evil Eye Prisoner,,,,,,,,,,,,,,,,,Classic pre-revamp,,,,,,,,,,"Notable equipment, quest, utility, or economic item.",Exact documented source or documented source group,Core,,https://eqlwiki.com/Runnyeye,Classic EverQuest / Project 1999 comparison,,Yes,1,HP 5,HP 5,All,All,,,Audited,Add,,Yes,Yes,,,,,,,,,2026-07-28,,,,Yes,,Reviewed,No direct-build observation,C,Exact current item/source relationship with completeness audit.,None identified,,Classic pre-revamp,,Current EQL Wiki with classic comparison,Current EQL fields populated from exact item/NPC or zone documentation; classic fields populated only for matched classic-retained items.,EQL-LOOT-1.0,loot,Active,,B18-RYE-027,,,Yes,Yes,,,,,,,,,,,,,Evil Eye Prisoner,,,,,,,Multi-Level Indoor Dungeon,,,,,,,,,,,,,,,,,,,,,,,,,,,,,,,,,Open World,Open World,,,,,,,,,,,NPC Corpse,,,,,,,,,,,,,,,,,,,,,,,,,,,,,,,,,,,,,,,,,,,,,,,,,,,,,,,,,No,,,,,,,,,,,,,,,,,,,,Available,,,,,Confirmed,Unconfirmed,,Keep,Current EQL and classic fields compared.,,,B18-RYE,
B18-RYE-028,18,Antonica,Clan Runnyeye,Polished Bone Bracelet,Equipment,Wrist,Yes,No,,,,,,,,,,,,,Focus: Affliction Efficiency I,Evil Eye Prisoner,,,,,,,,,,,,,,,,,Current EQL-confirmed,,,,,,,,,,"Notable equipment, quest, utility, or economic item.",Exact documented source or documented source group,Core,,https://eqlwiki.com/Runnyeye,Classic EverQuest / Project 1999 comparison,,Yes,1,,AC 2; WIS 3; INT 3,All,All,,,Audited,Add,,Yes,Yes,,,,,,,,,2026-07-28,,,,Yes,,Reviewed,No direct-build observation,C,Exact current item/source relationship with completeness audit.,None identified,,Current EQL-confirmed,,Current EQL Wiki with classic comparison,Current EQL fields populated from exact item/NPC or zone documentation; classic fields populated only for matched classic-retained items.,EQL-LOOT-1.0,loot,Active,,B18-RYE-028,,,Yes,Yes,,,,,,,,,,,,,Evil Eye Prisoner,,,,,,,Multi-Level Indoor Dungeon,,,,,,,,,,,,,,,,,,,,,,,,,,,,,,,,,Open World,Open World,,,,,,,,,,,NPC Corpse,,,,,,,,,,,,,,,,,,,,,,,,,,,,,,,,,,,,,,,,,,,,,,,,,,,,,,,,,No,,,,,,,,,,,,,,,,,,,,Available,,,,,Confirmed,Unconfirmed,,Add,No sufficiently matched classic counterpart used.,,,B18-RYE,
B18-RYE-029,18,Antonica,Clan Runnyeye,Polished Bone Hoop,Equipment,Ear,Yes,No,,,,,,,,,,,,,Focus: Mana Preservation I,Evil Eye Prisoner,,,,,,,,,,,,,,,,,Current EQL-confirmed,,,,,,,,,,"Notable equipment, quest, utility, or economic item.",Exact documented source or documented source group,Core,,https://eqlwiki.com/Runnyeye,Classic EverQuest / Project 1999 comparison,,Yes,1,,Mana 10,All,All,,,Audited,Add,,Yes,Yes,,,,,,,,,2026-07-28,,,,Yes,,Reviewed,No direct-build observation,C,Exact current item/source relationship with completeness audit.,None identified,,Current EQL-confirmed,,Current EQL Wiki with classic comparison,Current EQL fields populated from exact item/NPC or zone documentation; classic fields populated only for matched classic-retained items.,EQL-LOOT-1.0,loot,Active,,B18-RYE-029,,,Yes,Yes,,,,,,,,,,,,,Evil Eye Prisoner,,,,,,,Multi-Level Indoor Dungeon,,,,,,,,,,,,,,,,,,,,,,,,,,,,,,,,,Open World,Open World,,,,,,,,,,,NPC Corpse,,,,,,,,,,,,,,,,,,,,,,,,,,,,,,,,,,,,,,,,,,,,,,,,,,,,,,,,,No,,,,,,,,,,,,,,,,,,,,Available,,,,,Confirmed,Unconfirmed,,Add,No sufficiently matched classic counterpart used.,,,B18-RYE,
B18-RYE-030,18,Antonica,Clan Runnyeye,Evil Eye Lens,Equipment,Primary; Secondary,Yes,No,,,,,,,All,All,,,,,,Evil Eye Prisoner,,,,,,,,,,,,,,,,,Classic pre-revamp,,,,,,,,,,"Notable equipment, quest, utility, or economic item.",Exact documented source or documented source group,Core,,https://eqlwiki.com/Runnyeye,Classic EverQuest / Project 1999 comparison,,Yes,1,20 charges; instant Glimpse,20 charges; instant Glimpse,All,All,,,Audited,Add,,Yes,Yes,,,,,,,,,2026-07-28,,,,Yes,,Reviewed,No direct-build observation,C,Exact current item/source relationship with completeness audit.,None identified,,Classic pre-revamp,,Current EQL Wiki with classic comparison,Current EQL fields populated from exact item/NPC or zone documentation; classic fields populated only for matched classic-retained items.,EQL-LOOT-1.0,loot,Active,,B18-RYE-030,,,Yes,Yes,,,,,,,,,,,,,Evil Eye Prisoner,,,,,,,Multi-Level Indoor Dungeon,,,,,,,,,,,,,,,,,,,,,,,,,,,,,,,,,Open World,Open World,,,,,,,,,,,NPC Corpse,,,,,,,,,,,,,,,,,,,,,,,,,,,,,,,,,,,,,,,,,,,,,,,,,,,,,,,,,No,,,,,,,,,,,,,,,,,,,,Available,,,,,Confirmed,Unconfirmed,,Keep,Current EQL and classic fields compared.,,,B18-RYE,
B18-RYE-031,18,Antonica,Clan Runnyeye,Evil Eye Lens,Equipment,Primary; Secondary,Yes,No,,,,,,,All,All,,,,,,Borxx,,,,,,,,,,,,,,,,,Classic pre-revamp,,,,,,,,,,"Notable equipment, quest, utility, or economic item.",Exact documented source or documented source group,Core,,https://eqlwiki.com/Runnyeye,Classic EverQuest / Project 1999 comparison,,Yes,1,20 charges; instant Glimpse,20 charges; instant Glimpse,All,All,,,Audited,Add,,Yes,Yes,,,,,,,,,2026-07-28,,,,Yes,,Reviewed,No direct-build observation,C,Exact current item/source relationship with completeness audit.,None identified,,Classic pre-revamp,,Current EQL Wiki with classic comparison,Current EQL fields populated from exact item/NPC or zone documentation; classic fields populated only for matched classic-retained items.,EQL-LOOT-1.0,loot,Active,,B18-RYE-031,,,Yes,Yes,,,,,,,,,,,,,Borxx,,,,,,,Multi-Level Indoor Dungeon,,,,,,,,,,,,,,,,,,,,,,,,,,,,,,,,,Open World,Open World,,,,,,,,,,,NPC Corpse,,,,,,,,,,,,,,,,,,,,,,,,,,,,,,,,,,,,,,,,,,,,,,,,,,,,,,,,,No,,,,,,,,,,,,,,,,,,,,Available,,,,,Confirmed,Unconfirmed,,Keep,Current EQL and classic fields compared.,,,B18-RYE,
B18-RYE-032,18,Antonica,Clan Runnyeye,Sporali Defender's Blade,Equipment,Primary,Yes,No,,Yes,,,,,,,,17,37,1H Slashing,,Sporali Defender; Sporali Moldmaster,,,,,,,,,,,,,,,,,May 2001 Runnyeye revamp,,,,,,,,,,"Notable equipment, quest, utility, or economic item.",Exact documented source or documented source group,Core,,https://eqlwiki.com/Runnyeye,Classic EverQuest / Project 1999 comparison,,Yes,1,,No additional stats documented,PAL SHD,All except BAR ELF,,,Audited,Add,,Yes,Yes,,,,,,,,,2026-07-28,,,,Yes,,Reviewed,No direct-build observation,C,Exact current item/source relationship with completeness audit.,None identified,,May 2001 Runnyeye revamp,,Current EQL Wiki with classic comparison,Current EQL fields populated from exact item/NPC or zone documentation; classic fields populated only for matched classic-retained items.,EQL-LOOT-1.0,loot,Active,,B18-RYE-032,,,Yes,Yes,,,,,,,,,,,,,Sporali Defender; Sporali Moldmaster,,,,,,,Multi-Level Indoor Dungeon,,,,,,,,,,,,,,,,,,,,,,,,,,,,,,,,,Open World,Open World,,,,,,,,,,,NPC Corpse,,,,,,,,,,,,,,,,,,,,,,,,,,,,,,,,,,,,,,,,,,,,,,,,,,,,,,,,,No,,,,,,,,,,,,,,,,,,,,Available,,,,,Confirmed,Unconfirmed,,Add,No sufficiently matched classic counterpart used.,,,B18-RYE,
B18-RYE-033,18,Antonica,Clan Runnyeye,Sporali Gloves,Equipment,Hands,Yes,No,,Yes,,,,,,,,,,,,Sporali Moldmaster,,,,,,,,,,,,,,,,,May 2001 Runnyeye revamp,,,,,,,,,,"Notable equipment, quest, utility, or economic item.",Exact documented source or documented source group,Core,,https://eqlwiki.com/Runnyeye,Classic EverQuest / Project 1999 comparison,,Yes,1,,AC 2; DR -2; PR -2; Haste 9%,All,All,,,Audited,Add,,Yes,Yes,,,,,,,,,2026-07-28,,,,Yes,,Reviewed,No direct-build observation,C,Exact current item/source relationship with completeness audit.,None identified,,May 2001 Runnyeye revamp,,Current EQL Wiki with classic comparison,Current EQL fields populated from exact item/NPC or zone documentation; classic fields populated only for matched classic-retained items.,EQL-LOOT-1.0,loot,Active,,B18-RYE-033,,,Yes,Yes,,,,,,,,,,,,,Sporali Moldmaster,,,,,,,Multi-Level Indoor Dungeon,,,,,,,,,,,,,,,,,,,,,,,,,,,,,,,,,Open World,Open World,,,,,,,,,,,NPC Corpse,,,,,,,,,,,,,,,,,,,,,,,,,,,,,,,,,,,,,,,,,,,,,,,,,,,,,,,,,No,,,,,,,,,,,,,,,,,,,,Available,,,,,Confirmed,Unconfirmed,,Add,No sufficiently matched classic counterpart used.,,,B18-RYE,
B18-RYE-034,18,Antonica,Clan Runnyeye,Icon of the Constant,Quest / Utility,,No,Yes,,,,,,,,,,,,,,Sludge Dankmire,,,,,,,,,,,,,,,,,Current EQL-confirmed,,,,,,,,,,"Notable equipment, quest, utility, or economic item.",Exact documented source or documented source group,Core,,https://eqlwiki.com/Runnyeye,Classic EverQuest / Project 1999 comparison,,Yes,1,,Utility or quest function not fully resolved,All,All,,,Audited,Add,,Yes,Yes,,,,,,,,,2026-07-28,,,,Yes,,Reviewed,No direct-build observation,C,Exact current item/source relationship with completeness audit.,None identified,,Current EQL-confirmed,,Current EQL Wiki with classic comparison,Current EQL fields populated from exact item/NPC or zone documentation; classic fields populated only for matched classic-retained items.,EQL-LOOT-1.0,loot,Active,,B18-RYE-034,,,No,Yes,,,,,,,,,,,,,Sludge Dankmire,,,,,,,Multi-Level Indoor Dungeon,,,,,,,,,,,,,,,,,,,,,,,,,,,,,,,,,Open World,Open World,,,,,,,,,,,NPC Corpse,,,,,,,,,,,,,,,,,,,,,,,,,,,,,,,,,,,,,,,,,,,,,,,,,,,,,,,,,No,,,,,,,,,,,,,,,,,,,,Available,,,,,Confirmed,Unconfirmed,,Add,No sufficiently matched classic counterpart used.,,,B18-RYE,
B18-RYE-035,18,Antonica,Clan Runnyeye,Evil Eye Eyestalk,Quest / Utility,,No,Yes,,,,,,,All,All,,,,,,Evil Eye Prisoner,,,,,,,,,,,,,,,,,Classic pre-revamp,,,,,,,,,,"Notable equipment, quest, utility, or economic item.",Exact documented source or documented source group,Core,,https://eqlwiki.com/Runnyeye,Classic EverQuest / Project 1999 comparison,,Yes,1,Inventory-only quest/research component,Inventory-only quest/research component,All,All,,,Audited,Add,,Yes,Yes,,,,,,,,,2026-07-28,,,,Yes,,Reviewed,No direct-build observation,C,Exact current item/source relationship with completeness audit.,None identified,,Classic pre-revamp,,Current EQL Wiki with classic comparison,Current EQL fields populated from exact item/NPC or zone documentation; classic fields populated only for matched classic-retained items.,EQL-LOOT-1.0,loot,Active,,B18-RYE-035,,,No,Yes,,,,,,,,,,,,,Evil Eye Prisoner,,,,,,,Multi-Level Indoor Dungeon,,,,,,,,,,,,,,,,,,,,,,,,,,,,,,,,,Open World,Open World,,,,,,,,,,,NPC Corpse,,,,,,,,,,,,,,,,,,,,,,,,,,,,,,,,,,,,,,,,,,,,,,,,,,,,,,,,,No,,,,,,,,,,,,,,,,,,,,Available,,,,,Confirmed,Unconfirmed,,Keep,Current EQL and classic fields compared.,,,B18-RYE,
B18-RYE-036,18,Antonica,Clan Runnyeye,Bunch of Optic Nerves,Quest / Utility,,No,Yes,,,,,,,All,All,,,,,,Evil Eye Prisoner,,,,,,,,,,,,,,,,,Classic pre-revamp,,,,,,,,,,"Notable equipment, quest, utility, or economic item.",Exact documented source or documented source group,Core,,https://eqlwiki.com/Runnyeye,Classic EverQuest / Project 1999 comparison,,Yes,1,Inventory-only quest/research component,Inventory-only quest/research component,All,All,,,Audited,Add,,Yes,Yes,,,,,,,,,2026-07-28,,,,Yes,,Reviewed,No direct-build observation,C,Exact current item/source relationship with completeness audit.,None identified,,Classic pre-revamp,,Current EQL Wiki with classic comparison,Current EQL fields populated from exact item/NPC or zone documentation; classic fields populated only for matched classic-retained items.,EQL-LOOT-1.0,loot,Active,,B18-RYE-036,,,No,Yes,,,,,,,,,,,,,Evil Eye Prisoner,,,,,,,Multi-Level Indoor Dungeon,,,,,,,,,,,,,,,,,,,,,,,,,,,,,,,,,Open World,Open World,,,,,,,,,,,NPC Corpse,,,,,,,,,,,,,,,,,,,,,,,,,,,,,,,,,,,,,,,,,,,,,,,,,,,,,,,,,No,,,,,,,,,,,,,,,,,,,,Available,,,,,Confirmed,Unconfirmed,,Keep,Current EQL and classic fields compared.,,,B18-RYE,
B18-RES-021,18,Antonica,Clan Runnyeye,Cat Skull Cap source conflict,,Head,Yes,,,,,,,,,,,,,,Focus: Enhancement Haste I,Gelatinous Cube; Pickclaw Mindripper,,,,,,,,,,,,,,,,,,,,,,,,,,,,,Supplemental,Research only,https://eqlwiki.com/Runnyeye,Classic EverQuest / Project 1999 comparison,,Yes,1,,AC 4; MR 2,All,All,,,Audited,Quarantine,,,,,,,,,,,,2026-07-28,,,,Yes,,Reviewed,No direct-build observation,D,"Incomplete, mixed-era, or conflicting documentation.",Current EQL zone sections disagree on source.,,,,Current EQL Wiki with classic comparison,,EQL-LOOT-1.0,research,Quarantined,,B18-RES-021,,,No,Yes,Quarantined to prevent incomplete equipment fields from entering the active catalog.,,,,,,,,,,,,Gelatinous Cube; Pickclaw Mindripper,,,,,,,Multi-Level Indoor Dungeon,,,,,,,,,,,,,,,,,,,,,,,,,,,,,,,,,Open World,Open World,,,,,,,,,,,,,,,,,,,,,,,,,,,,,,,,,,,,,,,,,,,,,,,,,,,,,,,,,,,,,,,,,,,,No,,,,,,,,,,,,,,,,,,,,Unknown,,,,,Confirmed,Unconfirmed,,Review,,,,B18-RYE,
B18-HK-001,18,Antonica,High Keep,Ringmail Boots,Equipment,Feet,Yes,No,,,,,,,WAR CLR PAL RNG SHD BRD ROG SHM,All,,,,,,A Crazed Goblin,,,,,,,,,,,,,,,,,Classic,,,,,,,,,,"Notable equipment, quest, utility, or economic item.",Exact documented source or documented source group,Core,,https://eqlwiki.com/High_Keep,Classic EverQuest / Project 1999 comparison,,Yes,1,AC 5,AC 5,WAR CLR PAL RNG SHD BRD ROG SHM,All,,,Audited,Add,,Yes,Yes,,,,,,,,,2026-07-28,,,,Yes,,Reviewed,No direct-build observation,C,Exact current item/source relationship with completeness audit.,None identified,,Classic,,Current EQL Wiki with classic comparison,Current EQL fields populated from exact item/NPC or zone documentation; classic fields populated only for matched classic-retained items.,EQL-LOOT-1.0,loot,Active,,B18-HK-001,,,Yes,Yes,,,,,,,,,,,,,A Crazed Goblin,,,,,,,Town / Dungeon / Prison Hybrid,,,,,,,,,,,,,,,,,,,,,,,,,,,,,,,,,Open World,Open World,,,,,,,,,,,NPC Corpse,,,,,,,,,,,,,,,,,,,,,,,,,,,,,,,,,,,,,,,,,,,,,,,,,,,,,,,,,No,,,,,,,,,,,,,,,,,,,,Available,,,,,Confirmed,Unconfirmed,,Keep,Current EQL and classic fields compared.,,,B18-HK,
B18-HK-002,18,Antonica,High Keep,Amstaf's Scroll,Quest / Utility,,No,Yes,,,,,,,All,All,,,,,,A Crazed Goblin,,,,,,,,,,,,,,,,,Classic,,,,,,,,,,"Notable equipment, quest, utility, or economic item.",Exact documented source or documented source group,Core,,https://eqlwiki.com/High_Keep,Classic EverQuest / Project 1999 comparison,,Yes,1,Quest scroll,Quest scroll,All,All,,,Audited,Add,,Yes,Yes,,,,,,,,,2026-07-28,,,,Yes,,Reviewed,No direct-build observation,C,Exact current item/source relationship with completeness audit.,None identified,,Classic,,Current EQL Wiki with classic comparison,Current EQL fields populated from exact item/NPC or zone documentation; classic fields populated only for matched classic-retained items.,EQL-LOOT-1.0,loot,Active,,B18-HK-002,,,No,Yes,,,,,,,,,,,,,A Crazed Goblin,,,,,,,Town / Dungeon / Prison Hybrid,,,,,,,,,,,,,,,,,,,,,,,,,,,,,,,,,Open World,Open World,,,,,,,,,,,NPC Corpse,,,,,,,,,,,,,,,,,,,,,,,,,,,,,,,,,,,,,,,,,,,,,,,,,,,,,,,,,No,,,,,,,,,,,,Dropped Component,,,,,,,,Available,,,,,Confirmed,Unconfirmed,,Keep,Current EQL and classic fields compared.,,,B18-HK,
B18-HK-003,18,Antonica,High Keep,Left Goblin Ear,Quest / Utility,,No,Yes,,,,,,,All,All,,,,,,High Keep Pickclaw population,,,,,,,,,,,,,,,,,Classic,,,,,,,,,,"Notable equipment, quest, utility, or economic item.",Exact documented source or documented source group,Core,,https://eqlwiki.com/High_Keep,Classic EverQuest / Project 1999 comparison,,Yes,1,Faction and quest component,Faction and quest component,All,All,,,Audited,Add,,Yes,Yes,,,,,,,,,2026-07-28,,,,Yes,,Reviewed,No direct-build observation,C,Exact current item/source relationship with completeness audit.,None identified,,Classic,,Current EQL Wiki with classic comparison,Current EQL fields populated from exact item/NPC or zone documentation; classic fields populated only for matched classic-retained items.,EQL-LOOT-1.0,loot,Active,,B18-HK-003,,,No,Yes,,,,,,,,,,,,,High Keep Pickclaw population,,,,,,,Town / Dungeon / Prison Hybrid,,,,,,,,,,,,,,,,,,,,,,,,,,,,,,,,,Open World,Open World,,,,,,,,,,,NPC Corpse,,,,,,,,,,,,,,,,,,,,,,,,,,,,,,,,,,,,,,,,,,,,,,,,,,,,,,,,,No,,,,,,,,,,Left Goblin Ears,,Dropped Component,,,,,,,,Available,,,,,Confirmed,Unconfirmed,,Keep,Current EQL and classic fields compared.,,,B18-HK,
B18-HK-004,18,Antonica,High Keep,Leather Whip,Equipment,Primary; Secondary,Yes,No,,,,,,,WAR PAL RNG SHD BRD ROG,All,,5,30,1H Slashing,,Tyrana Slil,,,,,,,,,,,,,,,,,Classic,,,,,,,,,,"Notable equipment, quest, utility, or economic item.",Exact documented source or documented source group,Core,,https://eqlwiki.com/High_Keep,Classic EverQuest / Project 1999 comparison,,Yes,1,No additional stats documented,No additional stats documented,WAR PAL RNG SHD BRD ROG,All,,,Audited,Add,,Yes,Yes,,,,,,,,,2026-07-28,,,,Yes,,Reviewed,No direct-build observation,C,Exact current item/source relationship with completeness audit.,None identified,,Classic,,Current EQL Wiki with classic comparison,Current EQL fields populated from exact item/NPC or zone documentation; classic fields populated only for matched classic-retained items.,EQL-LOOT-1.0,loot,Active,,B18-HK-004,,,Yes,Yes,,,,,,,,,,,,,Tyrana Slil,,,,,,,Town / Dungeon / Prison Hybrid,,,,,,,,,,,,,,,,,,,,,,,,,,,,,,,,,Open World,Open World,,,,,,,,,,,NPC Corpse,,,,,,,,,,,,,,,,,,,,,,,,,,,,,,,,,,,,,,,,,,,,,,,,,,,,,,,,,No,,,,,,,,,,,,,,,,,,,,Available,,,,,Confirmed,Unconfirmed,,Keep,Current EQL and classic fields compared.,,,B18-HK,
B18-HK-005,18,Antonica,High Keep,Clawed Knuckle-Ring,Equipment,Finger,Yes,No,,,,,,,All,All,,,,,Focus: Extended Enhancement II,Tyrana Slil,,,,,,,,,,,,,,,,,Current EQL-confirmed,,,,,,,,,,"Notable equipment, quest, utility, or economic item.",Exact documented source or documented source group,Core,,https://eqlwiki.com/High_Keep,Classic EverQuest / Project 1999 comparison,,Yes,1,HP 20,HP 20,All,All,,,Audited,Add,,Yes,Yes,,,,,,,,,2026-07-28,,,,Yes,,Reviewed,No direct-build observation,C,Exact current item/source relationship with completeness audit.,None identified,,Current EQL-confirmed,,Current EQL Wiki with classic comparison,Current EQL fields populated from exact item/NPC or zone documentation; classic fields populated only for matched classic-retained items.,EQL-LOOT-1.0,loot,Active,,B18-HK-005,,,Yes,Yes,,,,,,,,,,,,,Tyrana Slil,,,,,,,Town / Dungeon / Prison Hybrid,,,,,,,,,,,,,,,,,,,,,,,,,,,,,,,,,Open World,Open World,,,,,,,,,,,NPC Corpse,,,,,,,,,,,,,,,,,,,,,,,,,,,,,,,,,,,,,,,,,,,,,,,,,,,,,,,,,No,,,,,,,,,,,,,,,,,,,,Available,,,,,Confirmed,Unconfirmed,,Keep,Current EQL and classic fields compared.,,,B18-HK,
B18-HK-006,18,Antonica,High Keep,Fish Food Vial,Quest / Utility,,No,Yes,,,,,,,All,All,,,,,,Tyrana Slil,,,,,,,,,,,,,,,,,Classic,,,,,,,,,,"Notable equipment, quest, utility, or economic item.",Exact documented source or documented source group,Core,,https://eqlwiki.com/High_Keep,Classic EverQuest / Project 1999 comparison,,Yes,1,Utility / quest item,Utility / quest item,All,All,,,Audited,Add,,Yes,Yes,,,,,,,,,2026-07-28,,,,Yes,,Reviewed,No direct-build observation,C,Exact current item/source relationship with completeness audit.,None identified,,Classic,,Current EQL Wiki with classic comparison,Current EQL fields populated from exact item/NPC or zone documentation; classic fields populated only for matched classic-retained items.,EQL-LOOT-1.0,loot,Active,,B18-HK-006,,,No,Yes,,,,,,,,,,,,,Tyrana Slil,,,,,,,Town / Dungeon / Prison Hybrid,,,,,,,,,,,,,,,,,,,,,,,,,,,,,,,,,Open World,Open World,,,,,,,,,,,NPC Corpse,,,,,,,,,,,,,,,,,,,,,,,,,,,,,,,,,,,,,,,,,,,,,,,,,,,,,,,,,No,,,,,,,,,,,,Dropped Component,,,,,,,,Available,,,,,Confirmed,Unconfirmed,,Keep,Current EQL and classic fields compared.,,,B18-HK,
B18-HK-007,18,Antonica,High Keep,Bronze Mask,Equipment,Face,Yes,No,,,,,,,WAR CLR PAL SHD BRD,All,,,,,,Captain Boshinko,,,,,,,,,,,,,,,,Shared or low-probability economic table.,Classic,,,,,,,,,,"Notable equipment, quest, utility, or economic item.",Exact documented source or documented source group,Core,,https://eqlwiki.com/High_Keep,Classic EverQuest / Project 1999 comparison,,Yes,1,Generic Bronze armor,Generic Bronze armor,WAR CLR PAL SHD BRD,All,,,Audited,Add,,Yes,Yes,,,,,,,,,2026-07-28,,,,Yes,,Reviewed,No direct-build observation,C,Exact current item/source relationship with completeness audit.,None identified,,Classic,,Current EQL Wiki with classic comparison,Current EQL fields populated from exact item/NPC or zone documentation; classic fields populated only for matched classic-retained items.,EQL-LOOT-1.0,loot,Active,,B18-HK-007,,,No,Yes,,,,,,,,,,,,,Captain Boshinko,,,,,,,Town / Dungeon / Prison Hybrid,,,,,,,,,,,,,,,,,,,,,,,,,,,,,,,,,Open World,Open World,,,,,,,,,,,NPC Corpse,,,,,,,,,,,,,,,,,,,,,,,,,,,,,,,,,,,,,,,,,,,,,,,,,,,,,,,,,No,,,,,,,,,,,,,,,,,,,,Available,,,,,Confirmed,Unconfirmed,,Keep,Current EQL and classic fields compared.,,,B18-HK,
B18-HK-008,18,Antonica,High Keep,Bronze Collar,Equipment,Neck,Yes,No,,,,,,,WAR CLR PAL SHD BRD,All,,,,,,Captain Boshinko,,,,,,,,,,,,,,,,Shared or low-probability economic table.,Classic,,,,,,,,,,"Notable equipment, quest, utility, or economic item.",Exact documented source or documented source group,Core,,https://eqlwiki.com/High_Keep,Classic EverQuest / Project 1999 comparison,,Yes,1,Generic Bronze armor,Generic Bronze armor,WAR CLR PAL SHD BRD,All,,,Audited,Add,,Yes,Yes,,,,,,,,,2026-07-28,,,,Yes,,Reviewed,No direct-build observation,C,Exact current item/source relationship with completeness audit.,None identified,,Classic,,Current EQL Wiki with classic comparison,Current EQL fields populated from exact item/NPC or zone documentation; classic fields populated only for matched classic-retained items.,EQL-LOOT-1.0,loot,Active,,B18-HK-008,,,No,Yes,,,,,,,,,,,,,Captain Boshinko,,,,,,,Town / Dungeon / Prison Hybrid,,,,,,,,,,,,,,,,,,,,,,,,,,,,,,,,,Open World,Open World,,,,,,,,,,,NPC Corpse,,,,,,,,,,,,,,,,,,,,,,,,,,,,,,,,,,,,,,,,,,,,,,,,,,,,,,,,,No,,,,,,,,,,,,,,,,,,,,Available,,,,,Confirmed,Unconfirmed,,Keep,Current EQL and classic fields compared.,,,B18-HK,
B18-HK-009,18,Antonica,High Keep,Bronze Pauldron,Equipment,Shoulders,Yes,No,,,,,,,WAR CLR PAL SHD BRD,All,,,,,,Captain Boshinko,,,,,,,,,,,,,,,,Shared or low-probability economic table.,Classic,,,,,,,,,,"Notable equipment, quest, utility, or economic item.",Exact documented source or documented source group,Core,,https://eqlwiki.com/High_Keep,Classic EverQuest / Project 1999 comparison,,Yes,1,Generic Bronze armor,Generic Bronze armor,WAR CLR PAL SHD BRD,All,,,Audited,Add,,Yes,Yes,,,,,,,,,2026-07-28,,,,Yes,,Reviewed,No direct-build observation,C,Exact current item/source relationship with completeness audit.,None identified,,Classic,,Current EQL Wiki with classic comparison,Current EQL fields populated from exact item/NPC or zone documentation; classic fields populated only for matched classic-retained items.,EQL-LOOT-1.0,loot,Active,,B18-HK-009,,,No,Yes,,,,,,,,,,,,,Captain Boshinko,,,,,,,Town / Dungeon / Prison Hybrid,,,,,,,,,,,,,,,,,,,,,,,,,,,,,,,,,Open World,Open World,,,,,,,,,,,NPC Corpse,,,,,,,,,,,,,,,,,,,,,,,,,,,,,,,,,,,,,,,,,,,,,,,,,,,,,,,,,No,,,,,,,,,,,,,,,,,,,,Available,,,,,Confirmed,Unconfirmed,,Keep,Current EQL and classic fields compared.,,,B18-HK,
B18-HK-010,18,Antonica,High Keep,Bronze Vambraces,Equipment,Arms,Yes,No,,,,,,,WAR CLR PAL SHD BRD,All,,,,,,Captain Boshinko,,,,,,,,,,,,,,,,Shared or low-probability economic table.,Classic,,,,,,,,,,"Notable equipment, quest, utility, or economic item.",Exact documented source or documented source group,Core,,https://eqlwiki.com/High_Keep,Classic EverQuest / Project 1999 comparison,,Yes,1,Generic Bronze armor,Generic Bronze armor,WAR CLR PAL SHD BRD,All,,,Audited,Add,,Yes,Yes,,,,,,,,,2026-07-28,,,,Yes,,Reviewed,No direct-build observation,C,Exact current item/source relationship with completeness audit.,None identified,,Classic,,Current EQL Wiki with classic comparison,Current EQL fields populated from exact item/NPC or zone documentation; classic fields populated only for matched classic-retained items.,EQL-LOOT-1.0,loot,Active,,B18-HK-010,,,No,Yes,,,,,,,,,,,,,Captain Boshinko,,,,,,,Town / Dungeon / Prison Hybrid,,,,,,,,,,,,,,,,,,,,,,,,,,,,,,,,,Open World,Open World,,,,,,,,,,,NPC Corpse,,,,,,,,,,,,,,,,,,,,,,,,,,,,,,,,,,,,,,,,,,,,,,,,,,,,,,,,,No,,,,,,,,,,,,,,,,,,,,Available,,,,,Confirmed,Unconfirmed,,Keep,Current EQL and classic fields compared.,,,B18-HK,
B18-HK-011,18,Antonica,High Keep,Bronze Breastplate,Equipment,Chest,Yes,No,,,,,,,WAR CLR PAL SHD BRD,All,,,,,,Captain Boshinko,,,,,,,,,,,,,,,,Shared or low-probability economic table.,Classic,,,,,,,,,,"Notable equipment, quest, utility, or economic item.",Exact documented source or documented source group,Core,,https://eqlwiki.com/High_Keep,Classic EverQuest / Project 1999 comparison,,Yes,1,Generic Bronze armor,Generic Bronze armor,WAR CLR PAL SHD BRD,All,,,Audited,Add,,Yes,Yes,,,,,,,,,2026-07-28,,,,Yes,,Reviewed,No direct-build observation,C,Exact current item/source relationship with completeness audit.,None identified,,Classic,,Current EQL Wiki with classic comparison,Current EQL fields populated from exact item/NPC or zone documentation; classic fields populated only for matched classic-retained items.,EQL-LOOT-1.0,loot,Active,,B18-HK-011,,,No,Yes,,,,,,,,,,,,,Captain Boshinko,,,,,,,Town / Dungeon / Prison Hybrid,,,,,,,,,,,,,,,,,,,,,,,,,,,,,,,,,Open World,Open World,,,,,,,,,,,NPC Corpse,,,,,,,,,,,,,,,,,,,,,,,,,,,,,,,,,,,,,,,,,,,,,,,,,,,,,,,,,No,,,,,,,,,,,,,,,,,,,,Available,,,,,Confirmed,Unconfirmed,,Keep,Current EQL and classic fields compared.,,,B18-HK,
B18-HK-012,18,Antonica,High Keep,Mithril Amulet,Equipment,Neck,Yes,No,,,,,,,All,All,,,,,,Captain Boshinko,,,,,,,,,,,,,,,,,Classic,,,,,,,,,,"Notable equipment, quest, utility, or economic item.",Exact documented source or documented source group,Core,,https://eqlwiki.com/High_Keep,Classic EverQuest / Project 1999 comparison,,Yes,1,Current exact stats not exposed in audited page,Current exact stats not exposed in audited page,All,All,,,Audited,Add,,Yes,Yes,,,,,,,,,2026-07-28,,,,Yes,,Reviewed,No direct-build observation,C,Exact current item/source relationship with completeness audit.,None identified,,Classic,,Current EQL Wiki with classic comparison,Current EQL fields populated from exact item/NPC or zone documentation; classic fields populated only for matched classic-retained items.,EQL-LOOT-1.0,loot,Active,,B18-HK-012,,,Yes,Yes,,,,,,,,,,,,,Captain Boshinko,,,,,,,Town / Dungeon / Prison Hybrid,,,,,,,,,,,,,,,,,,,,,,,,,,,,,,,,,Open World,Open World,,,,,,,,,,,NPC Corpse,,,,,,,,,,,,,,,,,,,,,,,,,,,,,,,,,,,,,,,,,,,,,,,,,,,,,,,,,No,,,,,,,,,,,,,,,,,,,,Available,,,,,Confirmed,Unconfirmed,,Keep,Current EQL and classic fields compared.,,,B18-HK,
B18-HK-013,18,Antonica,High Keep,Opal Bracelet,Equipment,Wrist,Yes,No,,,,,,,All,All,,,,,,Captain Boshinko,,,,,,,,,,,,,,,,,Classic,,,,,,,,,,"Notable equipment, quest, utility, or economic item.",Exact documented source or documented source group,Core,,https://eqlwiki.com/High_Keep,Classic EverQuest / Project 1999 comparison,,Yes,1,Current exact stats not exposed in audited page,Current exact stats not exposed in audited page,All,All,,,Audited,Add,,Yes,Yes,,,,,,,,,2026-07-28,,,,Yes,,Reviewed,No direct-build observation,C,Exact current item/source relationship with completeness audit.,None identified,,Classic,,Current EQL Wiki with classic comparison,Current EQL fields populated from exact item/NPC or zone documentation; classic fields populated only for matched classic-retained items.,EQL-LOOT-1.0,loot,Active,,B18-HK-013,,,Yes,Yes,,,,,,,,,,,,,Captain Boshinko,,,,,,,Town / Dungeon / Prison Hybrid,,,,,,,,,,,,,,,,,,,,,,,,,,,,,,,,,Open World,Open World,,,,,,,,,,,NPC Corpse,,,,,,,,,,,,,,,,,,,,,,,,,,,,,,,,,,,,,,,,,,,,,,,,,,,,,,,,,No,,,,,,,,,,,,,,,,,,,,Available,,,,,Confirmed,Unconfirmed,,Keep,Current EQL and classic fields compared.,,,B18-HK,
B18-HK-014,18,Antonica,High Keep,Bronze Long Sword,Equipment,Primary; Secondary,Yes,No,,,,,,,WAR PAL RNG SHD BRD ROG,All,,5,32,1H Slashing,,Pickclaw Guard,,,,,,,,,,,,,,,,Shared or low-probability economic table.,Classic,,,,,,,,,,"Notable equipment, quest, utility, or economic item.",Exact documented source or documented source group,Core,,https://eqlwiki.com/High_Keep,Classic EverQuest / Project 1999 comparison,,Yes,1,Generic economic weapon,Generic economic weapon,WAR PAL RNG SHD BRD ROG,All,,,Audited,Add,,Yes,Yes,,,,,,,,,2026-07-28,,,,Yes,,Reviewed,No direct-build observation,C,Exact current item/source relationship with completeness audit.,None identified,,Classic,,Current EQL Wiki with classic comparison,Current EQL fields populated from exact item/NPC or zone documentation; classic fields populated only for matched classic-retained items.,EQL-LOOT-1.0,loot,Active,,B18-HK-014,,,No,Yes,,,,,,,,,,,,,Pickclaw Guard,,,,,,,Town / Dungeon / Prison Hybrid,,,,,,,,,,,,,,,,,,,,,,,,,,,,,,,,,Open World,Open World,,,,,,,,,,,NPC Corpse,,,,,,,,,,,,,,,,,,,,,,,,,,,,,,,,,,,,,,,,,,,,,,,,,,,,,,,,,No,,,,,,,,,,,,,,,,,,,,Available,,,,,Confirmed,Unconfirmed,,Keep,Current EQL and classic fields compared.,,,B18-HK,
B18-HK-015,18,Antonica,High Keep,Bronze Battle Axe,Equipment,Primary; Secondary,Yes,No,,,,,,,WAR PAL RNG SHD BRD ROG,All,,6,37,1H Slashing,,Pickclaw Guard,,,,,,,,,,,,,,,,Shared or low-probability economic table.,Classic,,,,,,,,,,"Notable equipment, quest, utility, or economic item.",Exact documented source or documented source group,Core,,https://eqlwiki.com/High_Keep,Classic EverQuest / Project 1999 comparison,,Yes,1,Generic economic weapon,Generic economic weapon,WAR PAL RNG SHD BRD ROG,All,,,Audited,Add,,Yes,Yes,,,,,,,,,2026-07-28,,,,Yes,,Reviewed,No direct-build observation,C,Exact current item/source relationship with completeness audit.,None identified,,Classic,,Current EQL Wiki with classic comparison,Current EQL fields populated from exact item/NPC or zone documentation; classic fields populated only for matched classic-retained items.,EQL-LOOT-1.0,loot,Active,,B18-HK-015,,,No,Yes,,,,,,,,,,,,,Pickclaw Guard,,,,,,,Town / Dungeon / Prison Hybrid,,,,,,,,,,,,,,,,,,,,,,,,,,,,,,,,,Open World,Open World,,,,,,,,,,,NPC Corpse,,,,,,,,,,,,,,,,,,,,,,,,,,,,,,,,,,,,,,,,,,,,,,,,,,,,,,,,,No,,,,,,,,,,,,,,,,,,,,Available,,,,,Confirmed,Unconfirmed,,Keep,Current EQL and classic fields compared.,,,B18-HK,
B18-HK-016,18,Antonica,High Keep,Bronze Two-Handed Sword,Equipment,Primary,Yes,No,,,,,,,WAR PAL RNG SHD,All,,9,47,2H Slashing,,Pickclaw Guard,,,,,,,,,,,,,,,,Shared or low-probability economic table.,Classic,,,,,,,,,,"Notable equipment, quest, utility, or economic item.",Exact documented source or documented source group,Core,,https://eqlwiki.com/High_Keep,Classic EverQuest / Project 1999 comparison,,Yes,1,Generic economic weapon,Generic economic weapon,WAR PAL RNG SHD,All,,,Audited,Add,,Yes,Yes,,,,,,,,,2026-07-28,,,,Yes,,Reviewed,No direct-build observation,C,Exact current item/source relationship with completeness audit.,None identified,,Classic,,Current EQL Wiki with classic comparison,Current EQL fields populated from exact item/NPC or zone documentation; classic fields populated only for matched classic-retained items.,EQL-LOOT-1.0,loot,Active,,B18-HK-016,,,No,Yes,,,,,,,,,,,,,Pickclaw Guard,,,,,,,Town / Dungeon / Prison Hybrid,,,,,,,,,,,,,,,,,,,,,,,,,,,,,,,,,Open World,Open World,,,,,,,,,,,NPC Corpse,,,,,,,,,,,,,,,,,,,,,,,,,,,,,,,,,,,,,,,,,,,,,,,,,,,,,,,,,No,,,,,,,,,,,,,,,,,,,,Available,,,,,Confirmed,Unconfirmed,,Keep,Current EQL and classic fields compared.,,,B18-HK,
B18-HK-017,18,Antonica,High Keep,Bronze Mace,Equipment,Primary; Secondary,Yes,No,,,,,,,All except NEC WIZ MAG ENC,All,,6,38,1H Blunt,,Pickclaw Guard,,,,,,,,,,,,,,,,Shared or low-probability economic table.,Classic,,,,,,,,,,"Notable equipment, quest, utility, or economic item.",Exact documented source or documented source group,Core,,https://eqlwiki.com/High_Keep,Classic EverQuest / Project 1999 comparison,,Yes,1,Generic economic weapon,Generic economic weapon,All except NEC WIZ MAG ENC,All,,,Audited,Add,,Yes,Yes,,,,,,,,,2026-07-28,,,,Yes,,Reviewed,No direct-build observation,C,Exact current item/source relationship with completeness audit.,None identified,,Classic,,Current EQL Wiki with classic comparison,Current EQL fields populated from exact item/NPC or zone documentation; classic fields populated only for matched classic-retained items.,EQL-LOOT-1.0,loot,Active,,B18-HK-017,,,No,Yes,,,,,,,,,,,,,Pickclaw Guard,,,,,,,Town / Dungeon / Prison Hybrid,,,,,,,,,,,,,,,,,,,,,,,,,,,,,,,,,Open World,Open World,,,,,,,,,,,NPC Corpse,,,,,,,,,,,,,,,,,,,,,,,,,,,,,,,,,,,,,,,,,,,,,,,,,,,,,,,,,No,,,,,,,,,,,,,,,,,,,,Available,,,,,Confirmed,Unconfirmed,,Keep,Current EQL and classic fields compared.,,,B18-HK,
B18-HK-018,18,Antonica,High Keep,Rusty Dagger,Equipment,Primary; Secondary,Yes,No,,,,,,,All except CLR PAL DRU MNK SHM,All,,3,24,Piercing,,Pickclaw Guard,,,,,,,,,,,,,,,,Shared or low-probability economic table.,Classic,,,,,,,,,,"Notable equipment, quest, utility, or economic item.",Exact documented source or documented source group,Core,,https://eqlwiki.com/High_Keep,Classic EverQuest / Project 1999 comparison,,Yes,1,Generic economic weapon,Generic economic weapon,All except CLR PAL DRU MNK SHM,All,,,Audited,Add,,Yes,Yes,,,,,,,,,2026-07-28,,,,Yes,,Reviewed,No direct-build observation,C,Exact current item/source relationship with completeness audit.,None identified,,Classic,,Current EQL Wiki with classic comparison,Current EQL fields populated from exact item/NPC or zone documentation; classic fields populated only for matched classic-retained items.,EQL-LOOT-1.0,loot,Active,,B18-HK-018,,,No,Yes,,,,,,,,,,,,,Pickclaw Guard,,,,,,,Town / Dungeon / Prison Hybrid,,,,,,,,,,,,,,,,,,,,,,,,,,,,,,,,,Open World,Open World,,,,,,,,,,,NPC Corpse,,,,,,,,,,,,,,,,,,,,,,,,,,,,,,,,,,,,,,,,,,,,,,,,,,,,,,,,,No,,,,,,,,,,,,,,,,,,,,Available,,,,,Confirmed,Unconfirmed,,Keep,Current EQL and classic fields compared.,,,B18-HK,
B18-HK-019,18,Antonica,High Keep,Velishoul Tome Page Group,Quest / Utility,,No,Yes,,,,,,,All,All,,,,,,Pickclaw Guard,,,,,,,,,,,,,,,,Shared or low-probability economic table.,Classic,,,,,,,,,,"Notable equipment, quest, utility, or economic item.",Exact documented source or documented source group,Core,,https://eqlwiki.com/High_Keep,Classic EverQuest / Project 1999 comparison,,Yes,1,Spell-research page group,Spell-research page group,All,All,,,Audited,Add,,Yes,Yes,,,,,,,,,2026-07-28,,,,Yes,,Reviewed,No direct-build observation,C,Exact current item/source relationship with completeness audit.,None identified,,Classic,,Current EQL Wiki with classic comparison,Current EQL fields populated from exact item/NPC or zone documentation; classic fields populated only for matched classic-retained items.,EQL-LOOT-1.0,loot,Active,,B18-HK-019,,,No,Yes,,,,,,,,,,,,,Pickclaw Guard,,,,,,,Town / Dungeon / Prison Hybrid,,,,,,,,,,,,,,,,,,,,,,,,,,,,,,,,,Open World,Open World,,,,,,,,,,,NPC Corpse,,,,,,,,,,,,,,,,,,,,,,,,,,,,,,,,,,,,,,,,,,,,,,,,,,,,,,,,,No,,,,,,,,,,,,,,,,,,,,Available,,,,,Confirmed,Unconfirmed,,Keep,Current EQL and classic fields compared.,,,B18-HK,
B18-HK-020,18,Antonica,High Keep,Bloody Shank,Quest / Utility,Primary; Secondary,Yes,No,,,,,,,All except CLR PAL DRU MNK SHM,All,,3,24,Piercing,,Captain Boshinko,,,,,,,,,,,,,,,,,Classic,,,,,,,,,,"Notable equipment, quest, utility, or economic item.",Exact documented source or documented source group,Core,,https://eqlwiki.com/High_Keep,Classic EverQuest / Project 1999 comparison,,Yes,1,Lore quest weapon,Lore quest weapon,All except CLR PAL DRU MNK SHM,All,,,Audited,Add,,Yes,Yes,,,,,,,,,2026-07-28,,,,Yes,,Reviewed,No direct-build observation,C,Exact current item/source relationship with completeness audit.,None identified,,Classic,,Current EQL Wiki with classic comparison,Current EQL fields populated from exact item/NPC or zone documentation; classic fields populated only for matched classic-retained items.,EQL-LOOT-1.0,loot,Active,,B18-HK-020,,,Yes,Yes,,,,,,,,,,,,,Captain Boshinko,,,,,,,Town / Dungeon / Prison Hybrid,,,,,,,,,,,,,,,,,,,,,,,,,,,,,,,,,Open World,Open World,,,,,,,,,,,Quest Reward,,,,,,,,,,,,,,,,,,,,,,,,,,,,,,,,,,,,,,,,,,,,,,,,,,,,,,,,,No,,,,,,,,,,The Bloody Shank,,Quest Reward,,,,,,,,Available,,,,,Confirmed,Unconfirmed,,Keep,Current EQL and classic fields compared.,,,B18-HK,
B18-HK-021,18,Antonica,High Keep,Scouts Blade,Quest / Utility,Primary; Secondary,Yes,No,,,,,,,ROG,ELF HEF,,5,24,Piercing,,Captain Boshinko,,,,,,,,,,,,,,,,,Classic,,,,,,,,,,"Notable equipment, quest, utility, or economic item.",Exact documented source or documented source group,Core,,https://eqlwiki.com/High_Keep,Classic EverQuest / Project 1999 comparison,,Yes,1,STR 2; INT 2,STR 2; INT 2,ROG,ELF HEF,,,Audited,Add,,Yes,Yes,,,,,,,,,2026-07-28,,,,Yes,,Reviewed,No direct-build observation,C,Exact current item/source relationship with completeness audit.,None identified,,Classic,,Current EQL Wiki with classic comparison,Current EQL fields populated from exact item/NPC or zone documentation; classic fields populated only for matched classic-retained items.,EQL-LOOT-1.0,loot,Active,,B18-HK-021,,,Yes,Yes,,,,,,,,,,,,,Captain Boshinko,,,,,,,Town / Dungeon / Prison Hybrid,,,,,,,,,,,,,,,,,,,,,,,,,,,,,,,,,Open World,Open World,,,,,,,,,,,Quest Reward,,,,,,,,,,,,,,,,,,,,,,,,,,,,,,,,,,,,,,,,,,,,,,,,,,,,,,,,,No,,,,,,,,,,The Bloody Shank,,Quest Reward,,,,,,,,Available,,,,,Confirmed,Unconfirmed,,Keep,Current EQL and classic fields compared.,,,B18-HK,
B18-HK-022,18,Antonica,High Keep,Standard Guard Sword Economic Group,Quest / Utility,,No,Yes,,,,,,,All,All,,,,,,High Keep guards,,,,,,,,,,,,,,,,,Classic,,,,,,,,,,"Notable equipment, quest, utility, or economic item.",Exact documented source or documented source group,Core,,https://eqlwiki.com/High_Keep,Classic EverQuest / Project 1999 comparison,,Yes,1,Ordinary sellable guard weapon group,Ordinary sellable guard weapon group,All,All,,,Audited,Add,,Yes,Yes,,,,,,,,,2026-07-28,,,,Yes,,Reviewed,No direct-build observation,C,Exact current item/source relationship with completeness audit.,None identified,,Classic,,Current EQL Wiki with classic comparison,Current EQL fields populated from exact item/NPC or zone documentation; classic fields populated only for matched classic-retained items.,EQL-LOOT-1.0,loot,Active,,B18-HK-022,,,No,Yes,,,,,,,,,,,,,High Keep guards,,,,,,,Town / Dungeon / Prison Hybrid,,,,,,,,,,,,,,,,,,,,,,,,,,,,,,,,,Open World,Open World,,,,,,,,,,,NPC Corpse,,,,,,,,,,,,,,,,,,,,,,,,,,,,,,,,,,,,,,,,,,,,,,,,,,,,,,,,,No,,,,,,,,,,,,,,,,,,,,Available,,,,,Confirmed,Unconfirmed,,Keep,Current EQL and classic fields compared.,,,B18-HK,
B18-RYE-ENC-001,18,Antonica,Clan Runnyeye,Upper Runnyeye Goblin Population,,,,,,,,,,,,,,,,,,,,,,,,,,,,,,,,,,,,,,,,,,,,,,,Supplemental,,https://eqlwiki.com/Runnyeye,Classic EverQuest / Project 1999 comparison,,Yes,1,,,,,,6-10,Audited,Add,,,,,,,,,,,,2026-07-28,,,,Yes,,Reviewed,No direct-build observation,C,"Current zone, NPC, or map documentation.",Not applicable,,,,Current EQL Wiki with classic comparison,,EQL-LOOT-1.0,encounter_metadata,Metadata,,B18-RYE-ENC-001,,,No,No,Encounter metadata; excluded from ordinary loot results.,,,,,,,,,,Goblin,Runnyeye Goblin,,,,Clan Runnyeye,,,,Multi-Level Indoor Dungeon,,,Level 1,,,,,,,Upper Runnyeye Goblin Population,Shared Population,,,,,,,,,,,,,,,,,,,,,,Open World,Open World,,,,,,,,,,,,,,,,,,,,,,,,,,,,,,,,,,,,,,,,,,,,,,,,,,,,,,,,,,,,,,,,,,,,No,,,,,,,,,,,,,,,,,,,,Available,,,,,Confirmed,Unconfirmed,,,,,,B18-RYE-L1,
B18-RYE-ENC-002,18,Antonica,Clan Runnyeye,Runnyeye Conscript Population,,,,,,,,,,,,,,,,,,,,,,,,,,,,,,,,,,,,,,,,,,,,,,,Supplemental,,https://eqlwiki.com/Runnyeye,Classic EverQuest / Project 1999 comparison,,Yes,1,,,,,,,Audited,Add,,,,,,,,,,,,2026-07-28,,,,Yes,,Reviewed,No direct-build observation,C,"Current zone, NPC, or map documentation.",Not applicable,,,,Current EQL Wiki with classic comparison,,EQL-LOOT-1.0,encounter_metadata,Metadata,,B18-RYE-ENC-002,,,No,No,Encounter metadata; excluded from ordinary loot results.,,,,,,,,,,Goblin,Runnyeye Goblin,,,,Clan Runnyeye,,,,Multi-Level Indoor Dungeon,,,Level 1,,,,,,,Runnyeye Conscript Population,Shared Population,,,,,,,,,,,,,,,,,,,,,,Open World,Open World,,,,,,,,,,,,,,,,,,,,,,,,,,,,,,,,,,,,,,,,,,,,,,,,,,,,,,,,,,,,,,,,,,,,No,,,,,,,,,,,,,,,,,,,,Available,,,,,Confirmed,Unconfirmed,,,,,,B18-RYE-L1,
B18-RYE-ENC-003,18,Antonica,Clan Runnyeye,Runnyeye Trustee Population,,,,,,,,,,,,,,,,,,,,,,,,,,,,,,,,,,,,,,,,,,,,,,,Supplemental,,https://eqlwiki.com/Runnyeye,Classic EverQuest / Project 1999 comparison,,Yes,1,,,,,,,Audited,Add,,,,,,,,,,,,2026-07-28,,,,Yes,,Reviewed,No direct-build observation,C,"Current zone, NPC, or map documentation.",Not applicable,,,,Current EQL Wiki with classic comparison,,EQL-LOOT-1.0,encounter_metadata,Metadata,,B18-RYE-ENC-003,,,No,No,Encounter metadata; excluded from ordinary loot results.,,,,,,,,,,Goblin,Runnyeye Goblin,,,,Clan Runnyeye,,,,Multi-Level Indoor Dungeon,,,Level 1,,,,,,,Runnyeye Trustee Population,Shared Population,,,,,,,,,,,,,,,,,,,,,,Open World,Open World,,,,,,,,,,,,,,,,,,,,,,,,,,,,,,,,,,,,,,,,,,,,,,,,,,,,,,,,,,,,,,,,,,,,No,,,,,,,,,,,,,,,,,,,,Available,,,,,Confirmed,Unconfirmed,,,,,,B18-RYE-L1,
B18-RYE-ENC-004,18,Antonica,Clan Runnyeye,Goblin Knight,,,,,,,,,,,,,,,,,,,,,,,,,,,,,,,,,,,,,,,,,,,,,,,Supplemental,,https://eqlwiki.com/Runnyeye,Classic EverQuest / Project 1999 comparison,,Yes,1,,,,,,,Audited,Add,,,,,,,,,,,,2026-07-28,,,,Yes,,Reviewed,No direct-build observation,C,"Current zone, NPC, or map documentation.",Not applicable,,,,Current EQL Wiki with classic comparison,,EQL-LOOT-1.0,encounter_metadata,Metadata,,B18-RYE-ENC-004,,,No,No,Encounter metadata; excluded from ordinary loot results.,,,,,,,,,,Goblin,Runnyeye Goblin,,,,Clan Runnyeye,,,,Multi-Level Indoor Dungeon,,,Level 2,,,,,,,Goblin Knight,Named Encounter,,,,,,,,,,,,,,,,,,,,,,Open World,Open World,,,,,,,,,,,,,,,,,,,,,,,,,,,,,,,,,,,,,,,,,,,,,,,,,,,,,,,,,,,,,,,,,,,,No,,,,,,,,,,,,,,,,,,,,Available,,,,,Confirmed,Unconfirmed,,,,,,B18-RYE-L2,
B18-RYE-ENC-005,18,Antonica,Clan Runnyeye,Goblin Crusader,,,,,,,,,,,,,,,,,,,,,,,,,,,,,,,,,,,,,,,,,,,,,,,Supplemental,,https://eqlwiki.com/Runnyeye,Classic EverQuest / Project 1999 comparison,,Yes,1,,,,,,,Audited,Add,,,,,,,,,,,,2026-07-28,,,,Yes,,Reviewed,No direct-build observation,C,"Current zone, NPC, or map documentation.",Not applicable,,,,Current EQL Wiki with classic comparison,,EQL-LOOT-1.0,encounter_metadata,Metadata,,B18-RYE-ENC-005,,,No,No,Encounter metadata; excluded from ordinary loot results.,,,,,,,,,,Goblin,Runnyeye Goblin,,,,Clan Runnyeye,,,,Multi-Level Indoor Dungeon,,,Level 2,,,,,,,Goblin Crusader,Named / Shared Source,,,,,,,,,,,,,,,,,,,,,,Open World,Open World,,,,,,,,,,,,,,,,,,,,,,,,,,,,,,,,,,,,,,,,,,,,,,,,,,,,,,,,,,,,,,,,,,,,No,,,,,,,,,,,,,,,,,,,,Available,,,,,Confirmed,Unconfirmed,,,,,,B18-RYE-L2,
B18-RYE-ENC-006,18,Antonica,Clan Runnyeye,Evil Eye Prisoner,,,,,,,,,,,,,,,,,,,,,,,,,,,,,,,,,,,,,,,,,,,,,,,Supplemental,,https://eqlwiki.com/Runnyeye,Classic EverQuest / Project 1999 comparison,,Yes,1,,,,,,,Audited,Add,,,,,,,,,,,,2026-07-28,,,,Yes,,Reviewed,No direct-build observation,C,"Current zone, NPC, or map documentation.",Not applicable,,,,Current EQL Wiki with classic comparison,,EQL-LOOT-1.0,encounter_metadata,Metadata,,B18-RYE-ENC-006,,,No,No,Encounter metadata; excluded from ordinary loot results.,,,,,,,,,,,,,,,,,,,Multi-Level Indoor Dungeon,,,Level 2,,,,,,,Evil Eye Prisoner,Named Prisoner Encounter,,,,,,,,,,,,,,,,,,,,,,Open World,Open World,,,,,,,,,,,,,,,,,,,,,,,,,,,,,,,,,,,,,,,,,,,,,,,,,,,,,,,,,,,,,,,,,,,,No,,,,,,,,,,,,,,,,,,,,Available,,,,,Confirmed,Unconfirmed,,,,,,B18-RYE-L2,
B18-RYE-ENC-007,18,Antonica,Clan Runnyeye,Blood Room Evil Eye,,,,,,,,,,,,,,,,,,,,,,,,,,,,,,,,,,,,,,,,,,,,,,,Supplemental,,https://eqlwiki.com/Runnyeye,Classic EverQuest / Project 1999 comparison,,Yes,1,,,,,,,Audited,Add,,,,,,,,,,,,2026-07-28,,,,Yes,,Reviewed,No direct-build observation,C,"Current zone, NPC, or map documentation.",Not applicable,,,,Current EQL Wiki with classic comparison,,EQL-LOOT-1.0,encounter_metadata,Metadata,,B18-RYE-ENC-007,,,No,No,Encounter metadata; excluded from ordinary loot results.,,,,,,,,,,,,,,,,,,,Multi-Level Indoor Dungeon,,,Level 2,,,,,,,Blood Room Evil Eye,Caster Encounter,,,,,,,,,,,,,,,,,,,,,,Open World,Open World,,,,,,,,,,,,,,,,,,,,,,,,,,,,,,,,,,,,,,,,,,,,,,,,,,,,,,,,,,,,,,,,,,,,No,,,,,,,,,,,,,,,,,,,,Available,,,,,Confirmed,Unconfirmed,,,,,,B18-RYE-L2,
B18-RYE-ENC-008,18,Antonica,Clan Runnyeye,Slime Elemental,,,,,,,,,,,,,,,,,,,,,,,,,,,,,,,,,,,,,,,,,,,,,,,Supplemental,,https://eqlwiki.com/Runnyeye,Classic EverQuest / Project 1999 comparison,,Yes,1,,,,,,,Audited,Add,,,,,,,,,,,,2026-07-28,,,,Yes,,Reviewed,No direct-build observation,C,"Current zone, NPC, or map documentation.",Not applicable,,,,Current EQL Wiki with classic comparison,,EQL-LOOT-1.0,encounter_metadata,Metadata,,B18-RYE-ENC-008,,,No,No,Encounter metadata; excluded from ordinary loot results.,,,,,,,,,,,,,,,,,,,Multi-Level Indoor Dungeon,,,Level 2,,,,,,,Slime Elemental,Named Slime Encounter,,,,,,,,,,,,,,,,,,,,,,Open World,Open World,,,,,,,,,,,,,,,,,,,,,,,,,,,,,,,,,,,,,,,,,,,,,,,,,,,,,,,,,,,,,,,,,,,,No,,,,,,,,,,,,,,,,,,,,Available,,,,,Confirmed,Unconfirmed,,,,,,B18-RYE-L2,
B18-RYE-ENC-009,18,Antonica,Clan Runnyeye,Goblin Shaman Area,,,,,,,,,,,,,,,,,,,,,,,,,,,,,,,,,,,,,,,,,,,,,,,Supplemental,,https://eqlwiki.com/Runnyeye,Classic EverQuest / Project 1999 comparison,,Yes,1,,,,,,,Audited,Add,,,,,,,,,,,,2026-07-28,,,,Yes,,Reviewed,No direct-build observation,C,"Current zone, NPC, or map documentation.",Not applicable,,,,Current EQL Wiki with classic comparison,,EQL-LOOT-1.0,encounter_metadata,Metadata,,B18-RYE-ENC-009,,,No,No,Encounter metadata; excluded from ordinary loot results.,,,,,,,,,,Goblin,Runnyeye Goblin,,,,Clan Runnyeye,,,,Multi-Level Indoor Dungeon,,,Level 3,,,,,,,Goblin Shaman Area,Shared Caster Population,,,,,,,,,,,,,,,,,,,,,,Open World,Open World,,,,,,,,,,,,,,,,,,,,,,,,,,,,,,,,,,,,,,,,,,,,,,,,,,,,,,,,,,,,,,,,,,,,No,,,,,,,,,,,,,,,,,,,,Available,,,,,Confirmed,Unconfirmed,,,,,,B18-RYE-L3,
B18-RYE-ENC-010,18,Antonica,Clan Runnyeye,Goblin Overseer Area,,,,,,,,,,,,,,,,,,,,,,,,,,,,,,,,,,,,,,,,,,,,,,,Supplemental,,https://eqlwiki.com/Runnyeye,Classic EverQuest / Project 1999 comparison,,Yes,1,,,,,,,Audited,Add,,,,,,,,,,,,2026-07-28,,,,Yes,,Reviewed,No direct-build observation,C,"Current zone, NPC, or map documentation.",Not applicable,,,,Current EQL Wiki with classic comparison,,EQL-LOOT-1.0,encounter_metadata,Metadata,,B18-RYE-ENC-010,,,No,No,Encounter metadata; excluded from ordinary loot results.,,,,,,,,,,Goblin,Runnyeye Goblin,,,,Clan Runnyeye,,,,Multi-Level Indoor Dungeon,,,Level 3,,,,,,,Goblin Overseer Area,Shared Population,,,,,,,,,,,,,,,,,,,,,,Open World,Open World,,,,,,,,,,,,,,,,,,,,,,,,,,,,,,,,,,,,,,,,,,,,,,,,,,,,,,,,,,,,,,,,,,,,No,,,,,,,,,,,,,,,,,,,,Available,,,,,Confirmed,Unconfirmed,,,,,,B18-RYE-L3,
B18-RYE-ENC-011,18,Antonica,Clan Runnyeye,Pickclaw Foeseeker Population,,,,,,,,,,,,,,,,,,,,,,,,,,,,,,,,,,,,,,,,,,,,,,,Supplemental,,https://eqlwiki.com/Runnyeye,Classic EverQuest / Project 1999 comparison,,Yes,1,,,,,,,Audited,Add,,,,,,,,,,,,2026-07-28,,,,Yes,,Reviewed,No direct-build observation,C,"Current zone, NPC, or map documentation.",Not applicable,,,,Current EQL Wiki with classic comparison,,EQL-LOOT-1.0,encounter_metadata,Metadata,,B18-RYE-ENC-011,,,No,No,Encounter metadata; excluded from ordinary loot results.,,,,,,,,,,Goblin,Pickclaw Goblin,,,,Pickclaw Goblins,,,,Multi-Level Indoor Dungeon,,,Level 4,,,,,,,Pickclaw Foeseeker Population,Post-Revamp Shared Population,,,,,,,,,,,,,,,,,,,,,,Open World,Open World,,,,,,,,,,,,,,,,,,,,,,,,,,,,,,,,,,,,,,,,,,,,,,,,,,,,,,,,,,,,,,,,,,,,No,,,,,,,,,,,,,,,,,,,,Available,,,,,Confirmed,Unconfirmed,,,,,,B18-RYE-L4,
B18-RYE-ENC-012,18,Antonica,Clan Runnyeye,Pickclaw Veteran Population,,,,,,,,,,,,,,,,,,,,,,,,,,,,,,,,,,,,,,,,,,,,,,,Supplemental,,https://eqlwiki.com/Runnyeye,Classic EverQuest / Project 1999 comparison,,Yes,1,,,,,,,Audited,Add,,,,,,,,,,,,2026-07-28,,,,Yes,,Reviewed,No direct-build observation,C,"Current zone, NPC, or map documentation.",Not applicable,,,,Current EQL Wiki with classic comparison,,EQL-LOOT-1.0,encounter_metadata,Metadata,,B18-RYE-ENC-012,,,No,No,Encounter metadata; excluded from ordinary loot results.,,,,,,,,,,Goblin,Pickclaw Goblin,,,,Pickclaw Goblins,,,,Multi-Level Indoor Dungeon,,,Level 4,,,,,,,Pickclaw Veteran Population,Shared Population,,,,,,,,,,,,,,,,,,,,,,Open World,Open World,,,,,,,,,,,,,,,,,,,,,,,,,,,,,,,,,,,,,,,,,,,,,,,,,,,,,,,,,,,,,,,,,,,,No,,,,,,,,,,,,,,,,,,,,Available,,,,,Confirmed,Unconfirmed,,,,,,B18-RYE-L4,
B18-RYE-ENC-013,18,Antonica,Clan Runnyeye,Pickclaw Bonemender Population,,,,,,,,,,,,,,,,,,,,,,,,,,,,,,,,,,,,,,,,,,,,,,,Supplemental,,https://eqlwiki.com/Runnyeye,Classic EverQuest / Project 1999 comparison,,Yes,1,,,,,,,Audited,Add,,,,,,,,,,,,2026-07-28,,,,Yes,,Reviewed,No direct-build observation,C,"Current zone, NPC, or map documentation.",Not applicable,,,,Current EQL Wiki with classic comparison,,EQL-LOOT-1.0,encounter_metadata,Metadata,,B18-RYE-ENC-013,,,No,No,Encounter metadata; excluded from ordinary loot results.,,,,,,,,,,Goblin,Pickclaw Goblin,,,,Pickclaw Goblins,,,,Multi-Level Indoor Dungeon,,,Level 4,,,,,,,Pickclaw Bonemender Population,Post-Revamp Caster Population,,,,,,,,,,,,,,,,,,,,,,Open World,Open World,,,,,,,,,,,,,,,,,,,,,,,,,,,,,,,,,,,,,,,,,,,,,,,,,,,,,,,,,,,,,,,,,,,,No,,,,,,,,,,,,,,,,,,,,Available,,,,,Confirmed,Unconfirmed,,,,,,B18-RYE-L4,
B18-RYE-ENC-014,18,Antonica,Clan Runnyeye,Pickclaw Foechopper Population,,,,,,,,,,,,,,,,,,,,,,,,,,,,,,,,,,,,,,,,,,,,,,,Supplemental,,https://eqlwiki.com/Runnyeye,Classic EverQuest / Project 1999 comparison,,Yes,1,,,,,,,Audited,Add,,,,,,,,,,,,2026-07-28,,,,Yes,,Reviewed,No direct-build observation,C,"Current zone, NPC, or map documentation.",Not applicable,,,,Current EQL Wiki with classic comparison,,EQL-LOOT-1.0,encounter_metadata,Metadata,,B18-RYE-ENC-014,,,No,No,Encounter metadata; excluded from ordinary loot results.,,,,,,,,,,Goblin,Pickclaw Goblin,,,,Pickclaw Goblins,,,,Multi-Level Indoor Dungeon,,,Level 4,,,,,,,Pickclaw Foechopper Population,Post-Revamp Shared Population,,,,,,,,,,,,,,,,,,,,,,Open World,Open World,,,,,,,,,,,,,,,,,,,,,,,,,,,,,,,,,,,,,,,,,,,,,,,,,,,,,,,,,,,,,,,,,,,,No,,,,,,,,,,,,,,,,,,,,Available,,,,,Confirmed,Unconfirmed,,,,,,B18-RYE-L4,
B18-RYE-ENC-015,18,Antonica,Clan Runnyeye,Pickclaw Zekspeaker Population,,,,,,,,,,,,,,,,,,,,,,,,,,,,,,,,,,,,,,,,,,,,,,,Supplemental,,https://eqlwiki.com/Runnyeye,Classic EverQuest / Project 1999 comparison,,Yes,1,,,,,,,Audited,Add,,,,,,,,,,,,2026-07-28,,,,Yes,,Reviewed,No direct-build observation,C,"Current zone, NPC, or map documentation.",Not applicable,,,,Current EQL Wiki with classic comparison,,EQL-LOOT-1.0,encounter_metadata,Metadata,,B18-RYE-ENC-015,,,No,No,Encounter metadata; excluded from ordinary loot results.,,,,,,,,,,Goblin,Pickclaw Goblin,,,,Pickclaw Goblins,,,,Multi-Level Indoor Dungeon,,,Level 4,,,,,,,Pickclaw Zekspeaker Population,Post-Revamp Caster Population,,,,,,,,,,,,,,,,,,,,,,Open World,Open World,,,,,,,,,,,,,,,,,,,,,,,,,,,,,,,,,,,,,,,,,,,,,,,,,,,,,,,,,,,,,,,,,,,,No,,,,,,,,,,,,,,,,,,,,Available,,,,,Confirmed,Unconfirmed,,,,,,B18-RYE-L4,
B18-RYE-ENC-016,18,Antonica,Clan Runnyeye,Pickclaw Destroyer Population,,,,,,,,,,,,,,,,,,,,,,,,,,,,,,,,,,,,,,,,,,,,,,,Supplemental,,https://eqlwiki.com/Runnyeye,Classic EverQuest / Project 1999 comparison,,Yes,1,,,,,,,Audited,Add,,,,,,,,,,,,2026-07-28,,,,Yes,,Reviewed,No direct-build observation,C,"Current zone, NPC, or map documentation.",Not applicable,,,,Current EQL Wiki with classic comparison,,EQL-LOOT-1.0,encounter_metadata,Metadata,,B18-RYE-ENC-016,,,No,No,Encounter metadata; excluded from ordinary loot results.,,,,,,,,,,Goblin,Pickclaw Goblin,,,,Pickclaw Goblins,,,,Multi-Level Indoor Dungeon,,,Level 4,,,,,,,Pickclaw Destroyer Population,Post-Revamp Shared Population,,,,,,,,,,,,,,,,,,,,,,Open World,Open World,,,,,,,,,,,,,,,,,,,,,,,,,,,,,,,,,,,,,,,,,,,,,,,,,,,,,,,,,,,,,,,,,,,,No,,,,,,,,,,,,,,,,,,,,Available,,,,,Confirmed,Unconfirmed,,,,,,B18-RYE-L4,
B18-RYE-ENC-017,18,Antonica,Clan Runnyeye,Goblin King,,,,,,,,,,,,,,,,,,,,,,,,,,,,,,,,,,,,,,,,,,,,,,,Supplemental,,https://eqlwiki.com/Runnyeye,Classic EverQuest / Project 1999 comparison,,Yes,1,,,,,,,Audited,Add,,,,,,,,,,,,2026-07-28,,,,Yes,,Reviewed,No direct-build observation,C,"Current zone, NPC, or map documentation.",Not applicable,,,,Current EQL Wiki with classic comparison,,EQL-LOOT-1.0,encounter_metadata,Metadata,,B18-RYE-ENC-017,,,No,No,Encounter metadata; excluded from ordinary loot results.,,,,,,,,,,Goblin,Runnyeye Goblin,,,,Clan Runnyeye,,,,Multi-Level Indoor Dungeon,,,Level 4,,,,,,,Goblin King,Dungeon Boss,,,,,,,,,,,,,,,,,,,,,,Open World,Open World,,,,,,,,,,,,,,,,,,,,,,,,,,,,,,,,,,,,,,,,,,,,,,,,,,,,,,,,,,,,,,,,,,,,No,,,,,,,,,,,,,,,,,,,,Available,,,,,Confirmed,Unconfirmed,,,,,,B18-RYE-L4,
B18-RYE-ENC-018,18,Antonica,Clan Runnyeye,Goblin Warlord,,,,,,,,,,,,,,,,,,,,,,,,,,,,,,,,,,,,,,,,,,,,,,,Supplemental,,https://eqlwiki.com/Runnyeye,Classic EverQuest / Project 1999 comparison,,Yes,1,,,,,,28,Audited,Add,,,,,,,,,,,,2026-07-28,,,,Yes,,Reviewed,No direct-build observation,C,"Current zone, NPC, or map documentation.",Not applicable,,,,Current EQL Wiki with classic comparison,,EQL-LOOT-1.0,encounter_metadata,Metadata,,B18-RYE-ENC-018,,,No,No,Encounter metadata; excluded from ordinary loot results.,,,,,,,,,,Goblin,Runnyeye Goblin,,,,Clan Runnyeye,,,,Multi-Level Indoor Dungeon,,,Level 4,,"-135, -160",,,,,Goblin Warlord,Named Encounter,,,,,,,,,,,,,,,,,,,,,,Open World,Open World,,,,,,,,,,,,,,,,,,,,,,,,,,,,,,,,,,,,,,,,,,,,,,,,,,,,,,,,,,,,,,,,,,,,No,,,,,,,,,,,,,,,,,,,,Available,,,,,Confirmed,Unconfirmed,,,,,,B18-RYE-L4,
B18-RYE-ENC-019,18,Antonica,Clan Runnyeye,Battlelord Paluk,,,,,,,,,,,,,,,,,,,,,,,,,,,,,,,,,,,,,,,,,,,,,,,Supplemental,,https://eqlwiki.com/Runnyeye,Classic EverQuest / Project 1999 comparison,,Yes,1,,,,,,,Audited,Add,,,,,,,,,,,,2026-07-28,,,,Yes,,Reviewed,No direct-build observation,C,"Current zone, NPC, or map documentation.",Not applicable,,,,Current EQL Wiki with classic comparison,,EQL-LOOT-1.0,encounter_metadata,Metadata,,B18-RYE-ENC-019,,,No,No,Encounter metadata; excluded from ordinary loot results.,,,,,,,,,,,,,,,,,,,Multi-Level Indoor Dungeon,,,Level 4,,,,,,,Battlelord Paluk,Variable-Location Named,,,,,,,,,,,,,,,,,,,,,Can replace multiple static Level 4 spawns.,Open World,Open World,,,,,,,,,,,,,,,,,,,,,,,,,,,,,,,,,,,,,,,,,,,,,,,,,,,,,,,,,,,,,,,,,,,,No,,,,,,,,,,,,,,,,,,,,Available,,,,,Confirmed,Unconfirmed,,,,,,B18-RYE-L4,
B18-RYE-ENC-020,18,Antonica,Clan Runnyeye,Battlewizard Unak,,,,,,,,,,,,,,,,,,,,,,,,,,,,,,,,,,,,,,,,,,,,,,,Supplemental,,https://eqlwiki.com/Runnyeye,Classic EverQuest / Project 1999 comparison,,Yes,1,,,,,,,Audited,Add,,,,,,,,,,,,2026-07-28,,,,Yes,,Reviewed,No direct-build observation,C,"Current zone, NPC, or map documentation.",Not applicable,,,,Current EQL Wiki with classic comparison,,EQL-LOOT-1.0,encounter_metadata,Metadata,,B18-RYE-ENC-020,,,No,No,Encounter metadata; excluded from ordinary loot results.,,,,,,,,,,,,,,,,,,,Multi-Level Indoor Dungeon,,,Level 4,,,,,,,Battlewizard Unak,Variable-Location Named Caster,,,,,,,,,,,,,,,,,,,,,Can replace multiple static Level 4 spawns.,Open World,Open World,,,,,,,,,,,,,,,,,,,,,,,,,,,,,,,,,,,,,,,,,,,,,,,,,,,,,,,,,,,,,,,,,,,,No,,,,,,,,,,,,,,,,,,,,Available,,,,,Confirmed,Unconfirmed,,,,,,B18-RYE-L4,
B18-RYE-ENC-021,18,Antonica,Clan Runnyeye,Lord Pickclaw,,,,,,,,,,,,,,,,,,,,,,,,,,,,,,,,,,,,,,,,,,,,,,,Supplemental,,https://eqlwiki.com/Runnyeye,Classic EverQuest / Project 1999 comparison,,Yes,1,,,,,,,Audited,Add,,,,,,,,,,,,2026-07-28,,,,Yes,,Reviewed,No direct-build observation,C,"Current zone, NPC, or map documentation.",Not applicable,,,,Current EQL Wiki with classic comparison,,EQL-LOOT-1.0,encounter_metadata,Metadata,,B18-RYE-ENC-021,,,No,No,Encounter metadata; excluded from ordinary loot results.,,,,,,,,,,Goblin,Pickclaw Goblin,,,,Pickclaw Goblins,,,,Multi-Level Indoor Dungeon,,,Level 4,,,,,,,Lord Pickclaw,Variable-Location Named,,,,,,,,,,,,,,,,,,,,,Can replace multiple static Level 4 spawns.,Open World,Open World,,,,,,,,,,,,,,,,,,,,,,,,,,,,,,,,,,,,,,,,,,,,,,,,,,,,,,,,,,,,,,,,,,,,No,,,,,,,,,,,,,,,,,,,,Available,,,,,Confirmed,Unconfirmed,,,,,,B18-RYE-L4,
B18-RYE-ENC-022,18,Antonica,Clan Runnyeye,Borxx,,,,,,,,,,,,,,,,,,,,,,,,,,,,,,,,,,,,,,,,,,,,,,,Supplemental,,https://eqlwiki.com/Runnyeye,Classic EverQuest / Project 1999 comparison,,Yes,1,,,,,,30-35,Audited,Add,,,,,,,,,,,,2026-07-28,,,,Yes,,Reviewed,No direct-build observation,C,"Current zone, NPC, or map documentation.",Not applicable,,,,Current EQL Wiki with classic comparison,,EQL-LOOT-1.0,encounter_metadata,Metadata,,B18-RYE-ENC-022,,,No,No,Encounter metadata; excluded from ordinary loot results.,,,,,,,,,,,,,,,,,,,Multi-Level Indoor Dungeon,,,Level 2,,,,,,,Borxx,Roaming Evil Eye,,,,,,,,,,,,,,,,,,,,,,Open World,Open World,,,,,,,,,,,,,,,,,,,,,,,,,,,,,,,,,,,,,,,,,,,,,,,,,,,,,,,,,,,,,,,,,,,,No,,,,,,,,,,,,,,,,,,,,Available,,,,,Confirmed,Unconfirmed,,,,,,B18-RYE-L2,
B18-RYE-ENC-023,18,Antonica,Clan Runnyeye,Gelatinous Cube,,,,,,,,,,,,,,,,,,,,,,,,,,,,,,,,,,,,,,,,,,,,,,,Supplemental,,https://eqlwiki.com/Runnyeye,Classic EverQuest / Project 1999 comparison,,Yes,1,,,,,,,Audited,Add,,,,,,,,,,,,2026-07-28,,,,Yes,,Reviewed,No direct-build observation,C,"Current zone, NPC, or map documentation.",Not applicable,,,,Current EQL Wiki with classic comparison,,EQL-LOOT-1.0,encounter_metadata,Metadata,,B18-RYE-ENC-023,,,No,No,Encounter metadata; excluded from ordinary loot results.,,,,,,,,,,,,,,,,,,,Multi-Level Indoor Dungeon,,,Underwater tunnel,,,,,,,Gelatinous Cube,Named Underwater Encounter,,,,,,,,,,,,,,,,,,,,,,Open World,Open World,,,,,,,,,,,,,,,,,,,,,,,,,,,,,,,,,,,,,,,,,,,,,,,,,,,,,,,,,,,,,,,,,,,,No,,,,,,,,,,,,,,,,,,,,Available,,,,,Confirmed,Unconfirmed,,,,,,B18-RYE-WATER,
B18-RYE-ENC-024,18,Antonica,Clan Runnyeye,Pickclaw Mindripper,,,,,,,,,,,,,,,,,,,,,,,,,,,,,,,,,,,,,,,,,,,,,,,Supplemental,,https://eqlwiki.com/Runnyeye,Classic EverQuest / Project 1999 comparison,,Yes,1,,,,,,,Audited,Add,,,,,,,,,,,,2026-07-28,,,,Yes,,Reviewed,No direct-build observation,C,"Current zone, NPC, or map documentation.",Not applicable,,,,Current EQL Wiki with classic comparison,,EQL-LOOT-1.0,encounter_metadata,Metadata,,B18-RYE-ENC-024,,,No,No,Encounter metadata; excluded from ordinary loot results.,,,,,,,,,,Goblin,Pickclaw Goblin,,,,Pickclaw Goblins,,,,Multi-Level Indoor Dungeon,,,Level 4,,,,,,,Pickclaw Mindripper,Post-Revamp Caster,,,,,,,,,,,,,,,,,,,,,,Open World,Open World,,,,,,,,,,,,,,,,,,,,,,,,,,,,,,,,,,,,,,,,,,,,,,,,,,,,,,,,,,,,,,,,,,,,No,,,,,,,,,,,,,,,,,,,,Available,,,,,Confirmed,Unconfirmed,,,,,,B18-RYE-L4,
B18-RYE-ENC-025,18,Antonica,Clan Runnyeye,Sludge Dankmire,,,,,,,,,,,,,,,,,,,,,,,,,,,,,,,,,,,,,,,,,,,,,,,Supplemental,,https://eqlwiki.com/Runnyeye,Classic EverQuest / Project 1999 comparison,,Yes,1,,,,,,,Audited,Add,,,,,,,,,,,,2026-07-28,,,,Yes,,Reviewed,No direct-build observation,C,"Current zone, NPC, or map documentation.",Not applicable,,,,Current EQL Wiki with classic comparison,,EQL-LOOT-1.0,encounter_metadata,Metadata,,B18-RYE-ENC-025,,,No,No,Encounter metadata; excluded from ordinary loot results.,,,,,,,,,,,,,,,,,,,Multi-Level Indoor Dungeon,,,Water route,,,,,,,Sludge Dankmire,Named Slime Encounter,,,,,,,,,,,,,,,,,,,,,,Open World,Open World,,,,,,,,,,,,,,,,,,,,,,,,,,,,,,,,,,,,,,,,,,,,,,,,,,,,,,,,,,,,,,,,,,,,No,,,,,,,,,,,,,,,,,,,,Available,,,,,Confirmed,Unconfirmed,,,,,,B18-RYE-WATER,
B18-RYE-ENC-026,18,Antonica,Clan Runnyeye,Sporali Defender,,,,,,,,,,,,,,,,,,,,,,,,,,,,,,,,,,,,,,,,,,,,,,,Supplemental,,https://eqlwiki.com/Runnyeye,Classic EverQuest / Project 1999 comparison,,Yes,1,,,,,,,Audited,Add,,,,,,,,,,,,2026-07-28,,,,Yes,,Reviewed,No direct-build observation,C,"Current zone, NPC, or map documentation.",Not applicable,,,,Current EQL Wiki with classic comparison,,EQL-LOOT-1.0,encounter_metadata,Metadata,,B18-RYE-ENC-026,,,No,No,Encounter metadata; excluded from ordinary loot results.,,,,,,,,,,,,,,,,,,,Multi-Level Indoor Dungeon,,,Sporali area,,,,,,,Sporali Defender,Post-Revamp Sporali,,,,,,,,,,,,,,,,,,,,,,Open World,Open World,,,,,,,,,,,,,,,,,,,,,,,,,,,,,,,,,,,,,,,,,,,,,,,,,,,,,,,,,,,,,,,,,,,,No,,,,,,,,,,,,,,,,,,,,Available,,,,,Confirmed,Unconfirmed,,,,,,B18-RYE-SPORALI,
B18-RYE-ENC-027,18,Antonica,Clan Runnyeye,Sporali Moldmaster,,,,,,,,,,,,,,,,,,,,,,,,,,,,,,,,,,,,,,,,,,,,,,,Supplemental,,https://eqlwiki.com/Runnyeye,Classic EverQuest / Project 1999 comparison,,Yes,1,,,,,,,Audited,Add,,,,,,,,,,,,2026-07-28,,,,Yes,,Reviewed,No direct-build observation,C,"Current zone, NPC, or map documentation.",Not applicable,,,,Current EQL Wiki with classic comparison,,EQL-LOOT-1.0,encounter_metadata,Metadata,,B18-RYE-ENC-027,,,No,No,Encounter metadata; excluded from ordinary loot results.,,,,,,,,,,,,,,,,,,,Multi-Level Indoor Dungeon,,,Sporali area,,,,,,,Sporali Moldmaster,Post-Revamp Named Sporali,,,,,,,,,,,,,,,,,,,,,,Open World,Open World,,,,,,,,,,,,,,,,,,,,,,,,,,,,,,,,,,,,,,,,,,,,,,,,,,,,,,,,,,,,,,,,,,,,No,,,,,,,,,,,,,,,,,,,,Available,,,,,Confirmed,Unconfirmed,,,,,,B18-RYE-SPORALI,
B18-RYE-ENC-028,18,Antonica,Clan Runnyeye,Level 4 Variable Named Spawn System,,,,,,,,,,,,,,,,,,,,,,,,,,,,,,,,,,,,,,,,,,,,,,,Supplemental,,https://eqlwiki.com/Runnyeye,Classic EverQuest / Project 1999 comparison,,Yes,1,,,,,,,Audited,Add,,,,,,,,,,,,2026-07-28,,,,Yes,,Reviewed,No direct-build observation,C,"Current zone, NPC, or map documentation.",Not applicable,,,,Current EQL Wiki with classic comparison,,EQL-LOOT-1.0,encounter_metadata,Metadata,,B18-RYE-ENC-028,,,No,No,Encounter metadata; excluded from ordinary loot results.,,,,,,,,,,,,,,,,,,,Multi-Level Indoor Dungeon,,,Level 4,,,,,,,Level 4 Variable Named Spawn System,Spawn System,,,,,,,,,,,,,,,,,,,,,,Open World,Open World,,,,,,,,,,,,,,,,,,,,,,,,,,,,,,,,,,,,,,,,,,,,,,,,,,,,,,,,,,,,,,,,,,,,No,,,,,,,,,,,,,,,,,,,,Available,,,,,Confirmed,Unconfirmed,,,,,,B18-RYE-L4,
B18-RYE-ENC-029,18,Antonica,Clan Runnyeye,Underwater Fountain Passage,,,,,,,,,,,,,,,,,,,,,,,,,,,,,,,,,,,,,,,,,,,,,,,Supplemental,,https://eqlwiki.com/Runnyeye,Classic EverQuest / Project 1999 comparison,,Yes,1,,,,,,,Audited,Add,,,,,,,,,,,,2026-07-28,,,,Yes,,Reviewed,No direct-build observation,C,"Current zone, NPC, or map documentation.",Not applicable,,,,Current EQL Wiki with classic comparison,,EQL-LOOT-1.0,encounter_metadata,Metadata,,B18-RYE-ENC-029,,,No,No,Encounter metadata; excluded from ordinary loot results.,,,,,,,,,,,,,,,,,,,Multi-Level Indoor Dungeon,,,Water passage,,,,,,"Water, vertical navigation, trains, caster support",Underwater Fountain Passage,Navigation / Encounter Group,,,,,,,,,,,,,,,,,,,,,,Open World,Open World,,,,,,,,,,,,,,,,,,,,,,,,,,,,,,,,,,,,,,,,,,,,,,,,,,,,,,,,,,,,,,,,,,,,No,,,,,,,,,,,,,,,,,,,,Available,,,,,Confirmed,Unconfirmed,,,,,,B18-RYE-WATER,
B18-HK-ENC-001,18,Antonica,High Keep,Pickclaw Lookout,,,,,,,,,,,,,,,,,,,,,,,,,,,10 minutes,,,,,,,,,,,,,,,,,,,,Supplemental,,https://eqlwiki.com/High_Keep,Classic EverQuest / Project 1999 comparison,,Yes,1,,,,,,,Audited,Add,,,,,,,,,,,,2026-07-28,,,,Yes,,Reviewed,No direct-build observation,C,"Current zone, NPC, or map documentation.",Not applicable,,,,Current EQL Wiki with classic comparison,,EQL-LOOT-1.0,encounter_metadata,Metadata,,B18-HK-ENC-001,,,No,No,Encounter metadata; excluded from ordinary loot results.,,,,,,,,,,Goblin,Pickclaw Goblin,,,,Pickclaw Goblins,,,,Town / Dungeon / Prison Hybrid,,,,,,,,,,Pickclaw Lookout,Shared Population,,,,,,,,,,,,,,,,,,,,,,Open World,Open World,,,,,,,,,,,,,,,,,,,,,,,,,,,,,,,,,,,,,,,,,,,,,,,,,,,,,,,,,,,,,,,,,,,,No,,,,,,,,,,,,,,,,,,,,Available,,,,,Confirmed,Unconfirmed,,,,,,B18-HK-GOBLIN-ENTRY,
B18-HK-ENC-002,18,Antonica,High Keep,Pickclaw Guard,,,,,,,,,,,,,,,,,,,,,,,,,,,10 minutes,,,,,,,,,,,,,,,,,,,,Supplemental,,https://eqlwiki.com/High_Keep,Classic EverQuest / Project 1999 comparison,,Yes,1,,,,,,,Audited,Add,,,,,,,,,,,,2026-07-28,,,,Yes,,Reviewed,No direct-build observation,C,"Current zone, NPC, or map documentation.",Not applicable,,,,Current EQL Wiki with classic comparison,,EQL-LOOT-1.0,encounter_metadata,Metadata,,B18-HK-ENC-002,,,No,No,Encounter metadata; excluded from ordinary loot results.,Critical,,,,,,,,,Goblin,Pickclaw Goblin,,,,Pickclaw Goblins,,,,Town / Dungeon / Prison Hybrid,,,,,,,,,,Pickclaw Guard,Shared Population,,,,,,,,,,,,,,,,,,,,,,Open World,Open World,,,,,,,,,,,,,,,,,,,,,,,,,,,,,,,,,,,,,,,,,,,,,,,,,,,,,,,,,,,,,,,,,,,,No,,,,,,,,,,,,,,,,,,,,Available,,,,,Confirmed,Unconfirmed,,,,,,B18-HK-GOBLIN-ENTRY,
B18-HK-ENC-003,18,Antonica,High Keep,Pickclaw Warrior,,,,,,,,,,,,,,,,,,,,,,,,,,,10 minutes,,,,,,,,,,,,,,,,,,,,Supplemental,,https://eqlwiki.com/High_Keep,Classic EverQuest / Project 1999 comparison,,Yes,1,,,,,,,Audited,Add,,,,,,,,,,,,2026-07-28,,,,Yes,,Reviewed,No direct-build observation,C,"Current zone, NPC, or map documentation.",Not applicable,,,,Current EQL Wiki with classic comparison,,EQL-LOOT-1.0,encounter_metadata,Metadata,,B18-HK-ENC-003,,,No,No,Encounter metadata; excluded from ordinary loot results.,,,,,,,,,,Goblin,Pickclaw Goblin,,,,Pickclaw Goblins,,,,Town / Dungeon / Prison Hybrid,,,,,,,,,,Pickclaw Warrior,Shared Population,,,,,,,,,,,,,,,,,,,,,,Open World,Open World,,,,,,,,,,,,,,,,,,,,,,,,,,,,,,,,,,,,,,,,,,,,,,,,,,,,,,,,,,,,,,,,,,,,No,,,,,,,,,,,,,,,,,,,,Available,,,,,Confirmed,Unconfirmed,,,,,,B18-HK-GOBLIN-WARRIOR,
B18-HK-ENC-004,18,Antonica,High Keep,Pickclaw Spiritist,,,,,,,,,,,,,,,,,,,,,,,,,,,10 minutes,,,,,,,,,,,,,,,,,,,,Supplemental,,https://eqlwiki.com/High_Keep,Classic EverQuest / Project 1999 comparison,,Yes,1,,,,,,,Audited,Add,,,,,,,,,,,,2026-07-28,,,,Yes,,Reviewed,No direct-build observation,C,"Current zone, NPC, or map documentation.",Not applicable,,,,Current EQL Wiki with classic comparison,,EQL-LOOT-1.0,encounter_metadata,Metadata,,B18-HK-ENC-004,,,No,No,Encounter metadata; excluded from ordinary loot results.,,,,,,,,,,Goblin,Pickclaw Goblin,,,,Pickclaw Goblins,,,,Town / Dungeon / Prison Hybrid,,,,,,,,,,Pickclaw Spiritist,Caster Population,,,,,,,,,,,,,,,,,,,,,,Open World,Open World,,,,,,,,,,,,,,,,,,,,,,,,,,,,,,,,,,,,,,,,,,,,,,,,,,,,,,,,,,,,,,,,,,,,No,,,,,,,,,,,,,,,,,,,,Available,,,,,Confirmed,Unconfirmed,,,,,,B18-HK-GOBLIN-CASTER,
B18-HK-ENC-005,18,Antonica,High Keep,Pickclaw Cabalist,,,,,,,,,,,,,,,,,,,,,,,,,,,10 minutes,,,,,,,,,,,,,,,,,,,,Supplemental,,https://eqlwiki.com/High_Keep,Classic EverQuest / Project 1999 comparison,,Yes,1,,,,,,,Audited,Add,,,,,,,,,,,,2026-07-28,,,,Yes,,Reviewed,No direct-build observation,C,"Current zone, NPC, or map documentation.",Not applicable,,,,Current EQL Wiki with classic comparison,,EQL-LOOT-1.0,encounter_metadata,Metadata,,B18-HK-ENC-005,,,No,No,Encounter metadata; excluded from ordinary loot results.,,,,,,,,,,Goblin,Pickclaw Goblin,,,,Pickclaw Goblins,,,,Town / Dungeon / Prison Hybrid,,,,,,,,,,Pickclaw Cabalist,Caster Population,,,,,,,,,,,,,,,,,,,,,,Open World,Open World,,,,,,,,,,,,,,,,,,,,,,,,,,,,,,,,,,,,,,,,,,,,,,,,,,,,,,,,,,,,,,,,,,,,No,,,,,,,,,,,,,,,,,,,,Available,,,,,Confirmed,Unconfirmed,,,,,,B18-HK-GOBLIN-CASTER,
B18-HK-ENC-006,18,Antonica,High Keep,Pickclaw Visionary,,,,,,,,,,,,,,,,,,,,,,,,,,,10 minutes,,,,,,,,,,,,,,,,,,,,Supplemental,,https://eqlwiki.com/High_Keep,Classic EverQuest / Project 1999 comparison,,Yes,1,,,,,,,Audited,Add,,,,,,,,,,,,2026-07-28,,,,Yes,,Reviewed,No direct-build observation,C,"Current zone, NPC, or map documentation.",Not applicable,,,,Current EQL Wiki with classic comparison,,EQL-LOOT-1.0,encounter_metadata,Metadata,,B18-HK-ENC-006,,,No,No,Encounter metadata; excluded from ordinary loot results.,,,,,,,,,,Goblin,Pickclaw Goblin,,,,Pickclaw Goblins,,,,Town / Dungeon / Prison Hybrid,,,,,,,,,,Pickclaw Visionary,Caster Population,,,,,,,,,,,,,,,,,,,,,,Open World,Open World,,,,,,,,,,,,,,,,,,,,,,,,,,,,,,,,,,,,,,,,,,,,,,,,,,,,,,,,,,,,,,,,,,,,No,,,,,,,,,,,,,,,,,,,,Available,,,,,Confirmed,Unconfirmed,,,,,,B18-HK-GOBLIN-CASTER,
B18-HK-ENC-007,18,Antonica,High Keep,Pickclaw Raider,,,,,,,,,,,,,,,,,,,,,,,,,,,10 minutes,,,,,,,,,,,,,,,,,,,,Supplemental,,https://eqlwiki.com/High_Keep,Classic EverQuest / Project 1999 comparison,,Yes,1,,,,,,,Audited,Add,,,,,,,,,,,,2026-07-28,,,,Yes,,Reviewed,No direct-build observation,C,"Current zone, NPC, or map documentation.",Not applicable,,,,Current EQL Wiki with classic comparison,,EQL-LOOT-1.0,encounter_metadata,Metadata,,B18-HK-ENC-007,,,No,No,Encounter metadata; excluded from ordinary loot results.,,,,,,,,,,Goblin,Pickclaw Goblin,,,,Pickclaw Goblins,,,,Town / Dungeon / Prison Hybrid,,,,,,,,,,Pickclaw Raider,Shared Population,,,,,,,,,,,,,,,,,,,,,,Open World,Open World,,,,,,,,,,,,,,,,,,,,,,,,,,,,,,,,,,,,,,,,,,,,,,,,,,,,,,,,,,,,,,,,,,,,No,,,,,,,,,,,,,,,,,,,,Available,,,,,Confirmed,Unconfirmed,,,,,,B18-HK-GOBLIN-WARRIOR,
B18-HK-ENC-008,18,Antonica,High Keep,Pickclaw Seer,,,,,,,,,,,,,,,,,,,,,,,,,,,10 minutes,,,,,,,,,,,,,,,,,,,,Supplemental,,https://eqlwiki.com/High_Keep,Classic EverQuest / Project 1999 comparison,,Yes,1,,,,,,,Audited,Add,,,,,,,,,,,,2026-07-28,,,,Yes,,Reviewed,No direct-build observation,C,"Current zone, NPC, or map documentation.",Not applicable,,,,Current EQL Wiki with classic comparison,,EQL-LOOT-1.0,encounter_metadata,Metadata,,B18-HK-ENC-008,,,No,No,Encounter metadata; excluded from ordinary loot results.,,,,,,,,,,Goblin,Pickclaw Goblin,,,,Pickclaw Goblins,,,,Town / Dungeon / Prison Hybrid,,,,,,,,,,Pickclaw Seer,Caster Population,,,,,,,,,,,,,,,,,,,,,,Open World,Open World,,,,,,,,,,,,,,,,,,,,,,,,,,,,,,,,,,,,,,,,,,,,,,,,,,,,,,,,,,,,,,,,,,,,No,,,,,,,,,,,,,,,,,,,,Available,,,,,Confirmed,Unconfirmed,,,,,,B18-HK-GOBLIN-CASTER,
B18-HK-ENC-009,18,Antonica,High Keep,Goblin Thief,,,,,,,,,,,,,,,,,,,,,,,,,,,10 minutes,,,,,,,,,,,,,,,,,,,,Supplemental,,https://eqlwiki.com/High_Keep,Classic EverQuest / Project 1999 comparison,,Yes,1,,,,,,,Audited,Add,,,,,,,,,,,,2026-07-28,,,,Yes,,Reviewed,No direct-build observation,C,"Current zone, NPC, or map documentation.",Not applicable,,,,Current EQL Wiki with classic comparison,,EQL-LOOT-1.0,encounter_metadata,Metadata,,B18-HK-ENC-009,,,No,No,Encounter metadata; excluded from ordinary loot results.,,,,,,,,,,Goblin,Pickclaw Goblin,,,,Pickclaw Goblins,,,,Town / Dungeon / Prison Hybrid,,,,,,,,,,Goblin Thief,Shared Population,,,,,,,,,,,,,,,,,,,,,,Open World,Open World,,,,,,,,,,,,,,,,,,,,,,,,,,,,,,,,,,,,,,,,,,,,,,,,,,,,,,,,,,,,,,,,,,,,No,,,,,,,,,,,,,,,,,,,,Available,,,,,Confirmed,Unconfirmed,,,,,,B18-HK-GOBLIN-ENTRY,
B18-HK-ENC-010,18,Antonica,High Keep,A Crazed Goblin,,,,,,,,,,,,,,,,,,,,,,,,,,,10 minutes,,,,,,,,,,,,,,,,,,,,Supplemental,,https://eqlwiki.com/High_Keep,Classic EverQuest / Project 1999 comparison,,Yes,1,,,,,,23,Audited,Add,,,,,,,,,,,,2026-07-28,,,,Yes,,Reviewed,No direct-build observation,C,"Current zone, NPC, or map documentation.",Not applicable,,,,Current EQL Wiki with classic comparison,,EQL-LOOT-1.0,encounter_metadata,Metadata,,B18-HK-ENC-010,,,No,No,Encounter metadata; excluded from ordinary loot results.,,,,,,,,,,Goblin,Pickclaw Goblin,,,,Pickclaw Goblins,,,,Town / Dungeon / Prison Hybrid,,,,,"96, -150",,,,,A Crazed Goblin,Named Encounter,,,,,,,,,,,,,,20%,,,,,,,,Open World,Open World,,,,,,,,,,,,,,,,,,,,,,,,,,,,,,,,,,,,,,,,,,,,,,,,,,,,,,,,,,,,,,,,,,,,No,,,,,,,,,,,,,,,,,,,,Available,,,,,Confirmed,Unconfirmed,,,,,,B18-HK-GOBLIN-WARRIOR,
B18-HK-ENC-011,18,Antonica,High Keep,Prisoner Population,,,,,,,,,,,,,,,,,,,,,,,,,,,18 minutes,,,,,,,,,,,,,,,,,,,,Supplemental,,https://eqlwiki.com/High_Keep,Classic EverQuest / Project 1999 comparison,,Yes,1,,,,,,,Audited,Add,,,,,,,,,,,,2026-07-28,,,,Yes,,Reviewed,No direct-build observation,C,"Current zone, NPC, or map documentation.",Not applicable,,,,Current EQL Wiki with classic comparison,,EQL-LOOT-1.0,encounter_metadata,Metadata,,B18-HK-ENC-011,,,No,No,Encounter metadata; excluded from ordinary loot results.,,,,,,,,,,,,,,,,,,,Town / Dungeon / Prison Hybrid,,,,,,,,,,Prisoner Population,Protected / Quest Population,,,,,,,,,,,,,,,,,,,,,,Open World,Open World,,,,,,,,,,,,,,,,,,,,,,,,,,,,,,,,,,,,,,,,,,,,,,,,,,,,,,,,,,,,,,,,,,,,No,,,,,,,,,,,,,,,,,,,,Available,,,,,Confirmed,Unconfirmed,,,,,,B18-HK-PRISON,
B18-HK-ENC-012,18,Antonica,High Keep,Captain Bosec,,,,,,,,,,,,,,,,,,,,,,,,,,,18 minutes,,,,,,,,,,,,,,,,,,,,Supplemental,,https://eqlwiki.com/High_Keep,Classic EverQuest / Project 1999 comparison,,Yes,1,,,,,,,Audited,Add,,,,,,,,,,,,2026-07-28,,,,Yes,,Reviewed,No direct-build observation,C,"Current zone, NPC, or map documentation.",Not applicable,,,,Current EQL Wiki with classic comparison,,EQL-LOOT-1.0,encounter_metadata,Metadata,,B18-HK-ENC-012,,,No,No,Encounter metadata; excluded from ordinary loot results.,Critical,,,,,,,,,,,,,,,,,,Town / Dungeon / Prison Hybrid,,,,,,,,,,Captain Bosec,Named Guard Captain,,,,,,,,,,,,,,,,,,,,,,Open World,Open World,,,,,,,,,,,,,,,,,,,,,,,,,,,,,,,,,,,,,,,,,,,,,,,,,,,,,,,,,,,,,,,,,,,,No,,,,,,,,,,,,,,,,,,,,Available,,,,,Confirmed,Unconfirmed,,,,,,B18-HK-GUARDS,
B18-HK-ENC-013,18,Antonica,High Keep,Captain Boshinko,,,,,,,,,,,,,,,,,,,,,,,,,,,6 minutes,,,,,,,,,,,,,,,,,,,,Supplemental,,https://eqlwiki.com/High_Keep,Classic EverQuest / Project 1999 comparison,,Yes,1,,,,,,40,Audited,Add,,,,,,,,,,,,2026-07-28,,,,Yes,,Reviewed,No direct-build observation,C,"Current zone, NPC, or map documentation.",Not applicable,,,,Current EQL Wiki with classic comparison,,EQL-LOOT-1.0,encounter_metadata,Metadata,,B18-HK-ENC-013,,,No,No,Encounter metadata; excluded from ordinary loot results.,Critical,,,,,,,,,,,,,,,,,,Town / Dungeon / Prison Hybrid,,,,,"-64, -63",,,,,Captain Boshinko,Named Guard Captain,,,,,,,,,,,,,,,,,,,,,,Open World,Open World,,,,,,,,,,,,,,,,,,,,,,,,,,,,,,,,,,,,,,,,,,,,,,,,,,,,,,,,,,,,,,,,,,,,No,,,,,,,,,,,,,,,,,,,,Available,,,,,Confirmed,Unconfirmed,,,,,,B18-HK-GUARDS,
B18-HK-ENC-014,18,Antonica,High Keep,Mistress Anna,,,,,,,,,,,,,,,,,,,,,,,,,,,18 minutes,,,,,,,,,,,,,,,,,,,,Supplemental,,https://eqlwiki.com/High_Keep,Classic EverQuest / Project 1999 comparison,,Yes,1,,,,,,,Audited,Add,,,,,,,,,,,,2026-07-28,,,,Yes,,Reviewed,No direct-build observation,C,"Current zone, NPC, or map documentation.",Not applicable,,,,Current EQL Wiki with classic comparison,,EQL-LOOT-1.0,encounter_metadata,Metadata,,B18-HK-ENC-014,,,No,No,Encounter metadata; excluded from ordinary loot results.,,,,,,,,Quest / protected NPC,,,,,,,,,,,Town / Dungeon / Prison Hybrid,,,,,,,,,,Mistress Anna,Named Quest NPC,,,,,,,,,,,,,,,,,,,,,,Open World,Open World,,,,,,,,,,,,,,,,,,,,,,,,,,,,,,,,,,,,,,,,,,,,,,,,,,,,,,,,,,,,,,,,,,,,No,,,,,,,,,,,,,,,,,,,,Available,,,,,Confirmed,Unconfirmed,,,,,,B18-HK-UPPER,
B18-HK-ENC-015,18,Antonica,High Keep,Osargen,,,,,,,,,,,,,,,,,,,,,,,,,,,18 minutes,,,,,,,,,,,,,,,,,,,,Supplemental,,https://eqlwiki.com/High_Keep,Classic EverQuest / Project 1999 comparison,,Yes,1,,,,,,,Audited,Add,,,,,,,,,,,,2026-07-28,,,,Yes,,Reviewed,No direct-build observation,C,"Current zone, NPC, or map documentation.",Not applicable,,,,Current EQL Wiki with classic comparison,,EQL-LOOT-1.0,encounter_metadata,Metadata,,B18-HK-ENC-015,,,No,No,Encounter metadata; excluded from ordinary loot results.,,,,,,,,Quest / protected NPC,,,,,,,,,,,Town / Dungeon / Prison Hybrid,,,,,,,,,,Osargen,Named Prisoner / Rogue,,,,,,,,,,,,,,,,,,,,,,Open World,Open World,,,,,,,,,,,,,,,,,,,,,,,,,,,,,,,,,,,,,,,,,,,,,,,,,,,,,,,,,,,,,,,,,,,,No,,,,,,,,,,,,,,,,,,,,Available,,,,,Confirmed,Unconfirmed,,,,,,B18-HK-PRISON,
B18-HK-ENC-016,18,Antonica,High Keep,Princess Lenia,,,,,,,,,,,,,,,,,,,,,,,,,,,18 minutes,,,,,,,,,,,,,,,,,,,,Supplemental,,https://eqlwiki.com/High_Keep,Classic EverQuest / Project 1999 comparison,,Yes,1,,,,,,,Audited,Add,,,,,,,,,,,,2026-07-28,,,,Yes,,Reviewed,No direct-build observation,C,"Current zone, NPC, or map documentation.",Not applicable,,,,Current EQL Wiki with classic comparison,,EQL-LOOT-1.0,encounter_metadata,Metadata,,B18-HK-ENC-016,,,No,No,Encounter metadata; excluded from ordinary loot results.,,,,,,,,Quest / protected NPC,,,,,,,,,,,Town / Dungeon / Prison Hybrid,,,,,,,,,,Princess Lenia,Protected Necromancer,,,,,,,,,,,,,,,,,,,,,,Open World,Open World,,,,,,,,,,,,,,,,,,,,,,,,,,,,,,,,,,,,,,,,,,,,,,,,,,,,,,,,,,,,,,,,,,,,No,,,,,,,,,,,,,,,,,,,,Available,,,,,Confirmed,Unconfirmed,,,,,,B18-HK-PRISON,
B18-HK-ENC-017,18,Antonica,High Keep,Princess Lenya,,,,,,,,,,,,,,,,,,,,,,,,,,,18 minutes,,,,,,,,,,,,,,,,,,,,Supplemental,,https://eqlwiki.com/High_Keep,Classic EverQuest / Project 1999 comparison,,Yes,1,,,,,,,Audited,Add,,,,,,,,,,,,2026-07-28,,,,Yes,,Reviewed,No direct-build observation,C,"Current zone, NPC, or map documentation.",Not applicable,,,,Current EQL Wiki with classic comparison,,EQL-LOOT-1.0,encounter_metadata,Metadata,,B18-HK-ENC-017,,,No,No,Encounter metadata; excluded from ordinary loot results.,,,,,,,,Quest / protected NPC,,,,,,,,,,,Town / Dungeon / Prison Hybrid,,,,,,,,,,Princess Lenya,Quest NPC,,,,,,,,,,,,,,,,,,,,,,Open World,Open World,,,,,,,,,,,,,,,,,,,,,,,,,,,,,,,,,,,,,,,,,,,,,,,,,,,,,,,,,,,,,,,,,,,,No,,,,,,,,,,,,,,,,,,,,Available,,,,,Confirmed,Unconfirmed,,,,,,B18-HK-UPPER,
B18-HK-ENC-018,18,Antonica,High Keep,Tyrana Slil,,,,,,,,,,,,,,,,,,,,,,,,,,,6 minutes,,,,,,,,,,,,,,,,,,,,Supplemental,,https://eqlwiki.com/High_Keep,Classic EverQuest / Project 1999 comparison,,Yes,1,,,,,,32,Audited,Add,,,,,,,,,,,,2026-07-28,,,,Yes,,Reviewed,No direct-build observation,C,"Current zone, NPC, or map documentation.",Not applicable,,,,Current EQL Wiki with classic comparison,,EQL-LOOT-1.0,encounter_metadata,Metadata,,B18-HK-ENC-018,,,No,No,Encounter metadata; excluded from ordinary loot results.,,,,,,,,,,,,,,,,,,,Town / Dungeon / Prison Hybrid,,,Fourth floor,,,,,,,Tyrana Slil,Named Caster,,,,,,,,,,,,,,,,,,,,,,Open World,Open World,,,,,,,,,,,,,,,,,,,,,,,,,,,,,,,,,,,,,,,,,,,,,,,,,,,,,,,,,,,,,,,,,,,,No,,,,,,,,,,,,,,,,,,,,Available,,,,,Confirmed,Unconfirmed,,,,,,B18-HK-UPPER,
B18-HK-ENC-019,18,Antonica,High Keep,Dulcyna Blackhand,,,,,,,,,,,,,,,,,,,,,,,,,,,18 minutes,,,,,,,,,,,,,,,,,,,,Supplemental,,https://eqlwiki.com/High_Keep,Classic EverQuest / Project 1999 comparison,,Yes,1,,,,,,,Audited,Add,,,,,,,,,,,,2026-07-28,,,,Yes,,Reviewed,No direct-build observation,C,"Current zone, NPC, or map documentation.",Not applicable,,,,Current EQL Wiki with classic comparison,,EQL-LOOT-1.0,encounter_metadata,Metadata,,B18-HK-ENC-019,,,No,No,Encounter metadata; excluded from ordinary loot results.,,,,,,,,,,,,,,,,,,,Town / Dungeon / Prison Hybrid,,,,,,,,,,Dulcyna Blackhand,Named Encounter,,,,,,,,,,,,,,,,,,,,,,Open World,Open World,,,,,,,,,,,,,,,,,,,,,,,,,,,,,,,,,,,,,,,,,,,,,,,,,,,,,,,,,,,,,,,,,,,,No,,,,,,,,,,,,,,,,,,,,Available,,,,,Confirmed,Unconfirmed,,,,,,B18-HK-UPPER,
B18-HK-ENC-020,18,Antonica,High Keep,Tearon's Skeleton,,,,,,,,,,,,,,,,,,,,,,,,,,,18 minutes,,,,,,,,,,,,,,,,,,,,Supplemental,,https://eqlwiki.com/High_Keep,Classic EverQuest / Project 1999 comparison,,Yes,1,,,,,,,Audited,Add,,,,,,,,,,,,2026-07-28,,,,Yes,,Reviewed,No direct-build observation,C,"Current zone, NPC, or map documentation.",Not applicable,,,,Current EQL Wiki with classic comparison,,EQL-LOOT-1.0,encounter_metadata,Metadata,,B18-HK-ENC-020,,,No,No,Encounter metadata; excluded from ordinary loot results.,,,,,,,,,,,,,,,,,,,Town / Dungeon / Prison Hybrid,,,,,,,,,,Tearon's Skeleton,Locked-Room Encounter,,,,,,,,,,,,,,,,,,,,,,Open World,Open World,,,,,,,,,,,,,,,,,,,,,,,,,,,,,,,,,,,,,,,,,,,,,,,,,,,,,,,,,,,,,,,,,,,,No,,,,,,,,,,,,,,,,,,,,Available,,,,,Confirmed,Unconfirmed,,,,,,B18-HK-UPPER,
B18-HK-ENC-021,18,Antonica,High Keep,Entry Guard Population,,,,,,,,,,,,,,,,,,,,,,,,,,,18 minutes,,,,,,,,,,,,,,,,,,,,Supplemental,,https://eqlwiki.com/High_Keep,Classic EverQuest / Project 1999 comparison,,Yes,1,,,,,,,Audited,Add,,,,,,,,,,,,2026-07-28,,,,Yes,,Reviewed,No direct-build observation,C,"Current zone, NPC, or map documentation.",Not applicable,,,,Current EQL Wiki with classic comparison,,EQL-LOOT-1.0,encounter_metadata,Metadata,,B18-HK-ENC-021,,,No,No,Encounter metadata; excluded from ordinary loot results.,Critical,,,,,,,,,,,,,,,,,,Town / Dungeon / Prison Hybrid,,,,,,,,,,Entry Guard Population,Guard Population,,,,,,,,,,,,,,,,,,,,,,Open World,Open World,,,,,,,,,,,,,,,,,,,,,,,,,,,,,,,,,,,,,,,,,,,,,,,,,,,,,,,,,,,,,,,,,,,,No,,,,,,,,,,,,,,,,,,,,Available,,,,,Confirmed,Unconfirmed,,,,,,B18-HK-GUARDS,
B18-HK-ENC-022,18,Antonica,High Keep,Main-Floor Guard Population,,,,,,,,,,,,,,,,,,,,,,,,,,,18 minutes,,,,,,,,,,,,,,,,,,,,Supplemental,,https://eqlwiki.com/High_Keep,Classic EverQuest / Project 1999 comparison,,Yes,1,,,,,,,Audited,Add,,,,,,,,,,,,2026-07-28,,,,Yes,,Reviewed,No direct-build observation,C,"Current zone, NPC, or map documentation.",Not applicable,,,,Current EQL Wiki with classic comparison,,EQL-LOOT-1.0,encounter_metadata,Metadata,,B18-HK-ENC-022,,,No,No,Encounter metadata; excluded from ordinary loot results.,Critical,,,,,,,,,,,,,,,,,,Town / Dungeon / Prison Hybrid,,,,,,,,,,Main-Floor Guard Population,Guard Population,,,,,,,,,,,,,,,,,,,,,,Open World,Open World,,,,,,,,,,,,,,,,,,,,,,,,,,,,,,,,,,,,,,,,,,,,,,,,,,,,,,,,,,,,,,,,,,,,No,,,,,,,,,,,,,,,,,,,,Available,,,,,Confirmed,Unconfirmed,,,,,,B18-HK-GUARDS,
B18-HK-ENC-023,18,Antonica,High Keep,Second-Floor Guard Population,,,,,,,,,,,,,,,,,,,,,,,,,,,18 minutes,,,,,,,,,,,,,,,,,,,,Supplemental,,https://eqlwiki.com/High_Keep,Classic EverQuest / Project 1999 comparison,,Yes,1,,,,,,,Audited,Add,,,,,,,,,,,,2026-07-28,,,,Yes,,Reviewed,No direct-build observation,C,"Current zone, NPC, or map documentation.",Not applicable,,,,Current EQL Wiki with classic comparison,,EQL-LOOT-1.0,encounter_metadata,Metadata,,B18-HK-ENC-023,,,No,No,Encounter metadata; excluded from ordinary loot results.,Critical,,,,,,,,,,,,,,,,,,Town / Dungeon / Prison Hybrid,,,,,,,,,,Second-Floor Guard Population,Guard Population,,,,,,,,,,,,,,,,,,,,,,Open World,Open World,,,,,,,,,,,,,,,,,,,,,,,,,,,,,,,,,,,,,,,,,,,,,,,,,,,,,,,,,,,,,,,,,,,,No,,,,,,,,,,,,,,,,,,,,Available,,,,,Confirmed,Unconfirmed,,,,,,B18-HK-GUARDS,
B18-HK-ENC-024,18,Antonica,High Keep,Third-Floor Guard Population,,,,,,,,,,,,,,,,,,,,,,,,,,,18 minutes,,,,,,,,,,,,,,,,,,,,Supplemental,,https://eqlwiki.com/High_Keep,Classic EverQuest / Project 1999 comparison,,Yes,1,,,,,,,Audited,Add,,,,,,,,,,,,2026-07-28,,,,Yes,,Reviewed,No direct-build observation,C,"Current zone, NPC, or map documentation.",Not applicable,,,,Current EQL Wiki with classic comparison,,EQL-LOOT-1.0,encounter_metadata,Metadata,,B18-HK-ENC-024,,,No,No,Encounter metadata; excluded from ordinary loot results.,Critical,,,,,,,,,,,,,,,,,,Town / Dungeon / Prison Hybrid,,,,,,,,,,Third-Floor Guard Population,Guard Population,,,,,,,,,,,,,,,,,,,,,,Open World,Open World,,,,,,,,,,,,,,,,,,,,,,,,,,,,,,,,,,,,,,,,,,,,,,,,,,,,,,,,,,,,,,,,,,,,No,,,,,,,,,,,,,,,,,,,,Available,,,,,Confirmed,Unconfirmed,,,,,,B18-HK-GUARDS,
B18-HK-ENC-025,18,Antonica,High Keep,Fourth-Floor Guard Population,,,,,,,,,,,,,,,,,,,,,,,,,,,18 minutes 40 seconds,,,,,,,,,,,,,,,,,,,,Supplemental,,https://eqlwiki.com/High_Keep,Classic EverQuest / Project 1999 comparison,,Yes,1,,,,,,,Audited,Add,,,,,,,,,,,,2026-07-28,,,,Yes,,Reviewed,No direct-build observation,C,"Current zone, NPC, or map documentation.",Not applicable,,,,Current EQL Wiki with classic comparison,,EQL-LOOT-1.0,encounter_metadata,Metadata,,B18-HK-ENC-025,,,No,No,Encounter metadata; excluded from ordinary loot results.,Critical,,,,,,,,,,,,,,,,,,Town / Dungeon / Prison Hybrid,,,,,,,,,,Fourth-Floor Guard Population,Guard Population,,,,,,,,,,,,,,,,,,,,,,Open World,Open World,,,,,,,,,,,,,,,,,,,,,,,,,,,,,,,,,,,,,,,,,,,,,,,,,,,,,,,,,,,,,,,,,,,,No,,,,,,,,,,,,,,,,,,,,Available,,,,,Confirmed,Unconfirmed,,,,,,B18-HK-GUARDS,
B18-HK-ENC-026,18,Antonica,High Keep,Basement Guard Population,,,,,,,,,,,,,,,,,,,,,,,,,,,18 minutes,,,,,,,,,,,,,,,,,,,,Supplemental,,https://eqlwiki.com/High_Keep,Classic EverQuest / Project 1999 comparison,,Yes,1,,,,,,,Audited,Add,,,,,,,,,,,,2026-07-28,,,,Yes,,Reviewed,No direct-build observation,C,"Current zone, NPC, or map documentation.",Not applicable,,,,Current EQL Wiki with classic comparison,,EQL-LOOT-1.0,encounter_metadata,Metadata,,B18-HK-ENC-026,,,No,No,Encounter metadata; excluded from ordinary loot results.,Critical,,,,,,,,,,,,,,,,,,Town / Dungeon / Prison Hybrid,,,,,,,,,,Basement Guard Population,Guard Population,,,,,,,,,,,,,,,,,,,,,,Open World,Open World,,,,,,,,,,,,,,,,,,,,,,,,,,,,,,,,,,,,,,,,,,,,,,,,,,,,,,,,,,,,,,,,,,,,No,,,,,,,,,,,,,,,,,,,,Available,,,,,Confirmed,Unconfirmed,,,,,,B18-HK-GUARDS,
B18-HK-ENC-027,18,Antonica,High Keep,A Body Guard,,,,,,,,,,,,,,,,,,,,,,,,,,,18 minutes,,,,,,,,,,,,,,,,,,,,Supplemental,,https://eqlwiki.com/High_Keep,Classic EverQuest / Project 1999 comparison,,Yes,1,,,,,,,Audited,Add,,,,,,,,,,,,2026-07-28,,,,Yes,,Reviewed,No direct-build observation,C,"Current zone, NPC, or map documentation.",Not applicable,,,,Current EQL Wiki with classic comparison,,EQL-LOOT-1.0,encounter_metadata,Metadata,,B18-HK-ENC-027,,,No,No,Encounter metadata; excluded from ordinary loot results.,Critical,,,,,,,,,,,,,,,,,,Town / Dungeon / Prison Hybrid,,,,,,,,,,A Body Guard,Locked-Room Guard,,,,,,,,,,,,,,,,,,,,,,Open World,Open World,,,,,,,,,,,,,,,,,,,,,,,,,,,,,,,,,,,,,,,,,,,,,,,,,,,,,,,,,,,,,,,,,,,,No,,,,,,,,,,,,,,,,,,,,Available,,,,,Confirmed,Unconfirmed,,,,,,B18-HK-UPPER,
B18-HK-ENC-028,18,Antonica,High Keep,High Keep Basement Pickclaw Camp,,,,,,,,,,,,,,,,,,,,,,,,,,,10 minutes,,,,,,,,,,,,,,,,,,,,Supplemental,,https://eqlwiki.com/High_Keep,Classic EverQuest / Project 1999 comparison,,Yes,1,,,,,,,Audited,Add,,,,,,,,,,,,2026-07-28,,,,Yes,,Reviewed,No direct-build observation,C,"Current zone, NPC, or map documentation.",Not applicable,,,,Current EQL Wiki with classic comparison,,EQL-LOOT-1.0,encounter_metadata,Metadata,,B18-HK-ENC-028,,,No,No,Encounter metadata; excluded from ordinary loot results.,,,,,,,,,,Goblin,Pickclaw Goblin,,,,Pickclaw Goblins,,,,Town / Dungeon / Prison Hybrid,,,,,,,,,,High Keep Basement Pickclaw Camp,Camp / Shared Population,,,,,,,,,,,,,,,,,,,,,,Open World,Open World,,,,,,,,,,,,,,,,,,,,,,,,,,,,,,,,,,,,,,,,,,,,,,,,,,,,,,,,,,,,,,,,,,,,No,,,,,,,,,,,,,,,,,,,,Available,,,,,Confirmed,Unconfirmed,,,,,,B18-HK-GOBLIN-ENTRY,
B18-RYE-META-001,18,Antonica,Clan Runnyeye,Runnyeye Naming and Era Status,,,,,,,,,,,,,,,,,,,,,,,,,,,,,,,,,,,Mixed pre-revamp and May 2001 revamp documentation,,,,,,,,,,,,Supplemental,,https://eqlwiki.com/Runnyeye,Classic EverQuest / Project 1999 comparison,,Yes,1,,,,,,,Audited,Add,,,,,,,,,,,,2026-07-28,Rows classified individually by era.,,,Yes,,Reviewed,No direct-build observation,C,,Zone documentation mixes historical eras,,,,Current EQL Wiki with classic comparison,,EQL-LOOT-1.0,zone_metadata,Metadata,,B18-RYE-META-001,,,No,No,"Zone, era, access, faction, or data-handling metadata.",,,,,,,,,,,,,,,,,,,Multi-Level Indoor Dungeon,,,,,,,,,,,,,,,,,,,,,,,,,,,,,,,,,Open World,Open World,,,,,,,,,,,,,,,,,,,,,,,,,,,,,,,,,,,,,,,,,,,,,,,,,,,,,,,,,,,,,,,,,,,,No,,,,,,,,,,,,,,,,,,,,Available,,,,,Confirmed,Unconfirmed,,,,,Clan RunnyEye; RunnyEye Citadel; Runnyeye,B18-RYE,
B18-RYE-META-002,18,Antonica,Clan Runnyeye,Four-Level Dungeon Architecture,,,,,,,,,,,,,,,,,,,,,,,,,,,,,,,,,,,,,,,,,,,,,,,Supplemental,,https://eqlwiki.com/Runnyeye,Classic EverQuest / Project 1999 comparison,,Yes,1,,,,,,,Audited,Add,,,,,,,,,,,,2026-07-28,,,,Yes,,Reviewed,No direct-build observation,C,,Not applicable,,,,Current EQL Wiki with classic comparison,,EQL-LOOT-1.0,zone_metadata,Metadata,,B18-RYE-META-002,,,No,No,"Zone, era, access, faction, or data-handling metadata.",,,,,,,,,,,,,,,,,,,Multi-Level Indoor Dungeon,,,Levels 1-4,,,,"Vertical transitions, water routes, bank, jail, bar, and variable Level 4 named locations.",,,,,,,,,,,,,,,,,,,,,,,,,,Open World,Open World,,,,,,,,,,,,,,,,,,,,,,,,,,,,,,,,,,,,,,,,,,,,,,,,,,,,,,,,,,,,,,,,,,,,No,,,,,,,,,,,,,,,,,,,,Available,,,,,Confirmed,Unconfirmed,,,,,,B18-RYE,
B18-RYE-META-003,18,Antonica,Clan Runnyeye,Water and Vertical Navigation,,,,,,,,,,,,,,,,,,,,,,,,,,,,,,,,,,,,,,,,,,,,,,,Supplemental,,https://eqlwiki.com/Runnyeye,Classic EverQuest / Project 1999 comparison,,Yes,1,,,,,,,Audited,Add,,,,,,,,,,,,2026-07-28,,,,Yes,,Reviewed,No direct-build observation,C,,Not applicable,,,,Current EQL Wiki with classic comparison,,EQL-LOOT-1.0,zone_metadata,Metadata,,B18-RYE-META-003,,,No,No,"Zone, era, access, faction, or data-handling metadata.",,,,,,,,,,,,,,,,,,,Multi-Level Indoor Dungeon,,,,,,,,,"Underwater tunnel, confusing floor transitions, trains",,,,,,,,,,,,,,,,,,,,,,,,Open World,Open World,,,,,,,,,,,,,,,,,,,,,,,,,,,,,,,,,,,,,,,,,,,Required for some passages,,Moderate to High,,,,,,,,,,,,,,,,,,,,,,,No,,,,,,,,,,,,,,,,,,,,Available,,,,,Confirmed,Unconfirmed,,,,,,B18-RYE,
B18-RYE-META-004,18,Antonica,Clan Runnyeye,Runnyeye versus Pickclaw Factions,,,,,,,,,,,,,,,,,,,,,,,,,,,,,,,,,,,,,,,,,,,,,,,Supplemental,,https://eqlwiki.com/Runnyeye,Classic EverQuest / Project 1999 comparison,,Yes,1,,,,,,,Audited,Add,,,,,,,,,,,,2026-07-28,,,,Yes,,Reviewed,No direct-build observation,C,,Not applicable,,,,Current EQL Wiki with classic comparison,,EQL-LOOT-1.0,zone_metadata,Metadata,,B18-RYE-META-004,,,No,No,"Zone, era, access, faction, or data-handling metadata.",,,,,,,,,Distinct subfamilies and source scopes.,Goblin,,,,,Clan Runnyeye; Pickclaw Goblins,,,,Multi-Level Indoor Dungeon,,,,,,,,,,,,,,,,,,,,,,,,,,,,,,,,,Open World,Open World,,,,,,,,,,,,,,,,,,,,,,,,,,,,,,,,,,,,,,,,,,,,,,,,,,,,,,,,,,,,,,,,,,,,No,,,,,,,,,,,,,,,,,,,,Available,,,,,Confirmed,Unconfirmed,,,,,,B18-RYE,
B18-RYE-META-005,18,Antonica,Clan Runnyeye,Blackened Iron versus Blackened Alloy,,,,,,,,,,,,,,,,,,,,,,,,,,,,,,,,,,,,,,,,,,,,,,,Supplemental,,https://eqlwiki.com/Runnyeye,Classic EverQuest / Project 1999 comparison,,Yes,1,,,,,,,Audited,Add,,,,,,,,,,,,2026-07-28,,,,Yes,,Reviewed,No direct-build observation,C,,Not applicable,,,,Current EQL Wiki with classic comparison,,EQL-LOOT-1.0,zone_metadata,Metadata,,B18-RYE-META-005,,,No,No,Blackened Iron is pre-revamp/classic; Blackened Alloy is post-revamp.,,,,,,,,,,,,,,,,,,,Multi-Level Indoor Dungeon,,,,,,,,,,,,,,,,,,,,,,,,,,,,,,,,,Open World,Open World,,,,,,,,,,,,,,,,,,,,,,,,,,,,,,,,,,,,,,,,,,,,,,,,,,,,,,,,,,,,,,,,,,,,No,,,,,,,,,,,,,,,,,,,,Available,,,,,Confirmed,Unconfirmed,,,,,,B18-RYE,
B18-RYE-META-006,18,Antonica,Clan Runnyeye,Historical Map Caution,,,,,,,,,,,,,,,,,,,,,,,,,,,,,,,,,,,,,,,,,,,,,,,Supplemental,,https://eqlwiki.com/Runnyeye,Classic EverQuest / Project 1999 comparison,,Yes,1,,,,,,,Audited,Add,,,,,,,,,,,,2026-07-28,,,,Yes,,Reviewed,No direct-build observation,C,,Not applicable,,,,Current EQL Wiki with classic comparison,,EQL-LOOT-1.0,zone_metadata,Metadata,,B18-RYE-META-006,,,No,No,Historical maps support architecture only; current placements require current EQL evidence.,,,,,,,,,,,,,,,,,,,Multi-Level Indoor Dungeon,,,,,,,,,,,,,,,,,,,,,,,,,,,,,,,,,Open World,Open World,,,,,,,,,,,,,,,,,,,,,,,,,,,,,,,,,,,,,,,,,,,,,,,,,,,,,,,,,,,,,,,,,,,,No,,,,,,,,,,,,,,,,,,,,Available,,,,,Confirmed,Unconfirmed,,,,,,B18-RYE,
B18-HK-META-001,18,Antonica,High Keep,High Keep Hybrid Zone Status,,,,,,,,,,,,,,,,,,,,,,,,,,,,,,,,,,,,,,,,,,,,,,,Supplemental,,https://eqlwiki.com/High_Keep,Classic EverQuest / Project 1999 comparison,,Yes,1,,,,,,,Audited,Add,,,,,,,,,,,,2026-07-28,,,,Yes,,Reviewed,No direct-build observation,C,,Not applicable,,,,Current EQL Wiki with classic comparison,,EQL-LOOT-1.0,zone_metadata,Metadata,,B18-HK-META-001,,,No,No,"Zone, era, access, faction, or data-handling metadata.",,,,,,,,,,,,,,,,,,,Town / Dungeon / Prison Hybrid,,,,,,,,,,,,,,,,,,,,,,,,,,,,,,,,,Open World,Open World,,,,,,,,,,,,,,,,,,,,,,,,,,,,,,,,,,,,,20,,,,,,,,,,,,,,,,,,,,,,,,,,,,,,,No,,,,,,,,,,,,,,,,,,,,Available,Current EQL page documents level 20-40 content.,,,,Confirmed,Unconfirmed,,,,,,B18-HK,
B18-HK-META-002,18,Antonica,High Keep,Basement Pickclaw Structure,,,,,,,,,,,,,,,,,,,,,,,,,,,10 minutes,,,,,,,,,,,,,,,,,,,,Supplemental,,https://eqlwiki.com/High_Keep,Classic EverQuest / Project 1999 comparison,,Yes,1,,,,,,,Audited,Add,,,,,,,,,,,,2026-07-28,,,,Yes,,Reviewed,No direct-build observation,C,,Not applicable,,,,Current EQL Wiki with classic comparison,,EQL-LOOT-1.0,zone_metadata,Metadata,,B18-HK-META-002,,,No,No,"Zone, era, access, faction, or data-handling metadata.",,,,,,,,,,,,,,,,,,,Town / Dungeon / Prison Hybrid,Entry; lookout; torture room; prison; warrior room; raider/seer room,,,,,,,,,,,,,,,,,,,,,,,,,,,,,,,,Open World,Open World,,,,,,,,,,,,,,,,,,,,,,,,,,,,,,,,,,,,,,,,,,,,,,,,,,,,,,,,,,,,,,,,,,,,No,,,,,,,,,,,,,,,,,,,,Available,,,,,Confirmed,Unconfirmed,,,,,,B18-HK,
B18-HK-META-003,18,Antonica,High Keep,Prison and Protected NPC Rules,,,,,,,,,,,,,,,,,,,,,,,,,,,,,,,,,,,,,,,,,,,,,,,Supplemental,,https://eqlwiki.com/High_Keep,Classic EverQuest / Project 1999 comparison,,Yes,1,,,,,,,Audited,Add,,,,,,,,,,,,2026-07-28,,,,Yes,,Reviewed,No direct-build observation,C,,Not applicable,,,,Current EQL Wiki with classic comparison,,EQL-LOOT-1.0,zone_metadata,Metadata,,B18-HK-META-003,,,No,No,"Zone, era, access, faction, or data-handling metadata.",Critical,,,,,,,"Prisoners, quest NPCs, and faction-sensitive residents",,,,,,,,,,,Town / Dungeon / Prison Hybrid,,,,,,,,,,,,,,,,,,,,,,,,,,,,,,,,,Open World,Open World,,,,,,,,,,,,,,,,,,,,,,,,,,,,,,,,,,,,,,,,,,,,,,,,,,,,,,,,,,,,,,,,,,,,No,,,,,,,,,,,,,,,,,,,,Available,,,,,Confirmed,Unconfirmed,,,,,,B18-HK,
B18-HK-META-004,18,Antonica,High Keep,Guard Floor and Respawn Bands,,,,,,,,,,,,,,,,,,,,,,,,,,,Most humans 18 minutes; fourth-floor guards 18 minutes 40 seconds,,,,,,,,,,,,,,,,,,,,Supplemental,,https://eqlwiki.com/High_Keep,Classic EverQuest / Project 1999 comparison,,Yes,1,,,,,,,Audited,Add,,,,,,,,,,,,2026-07-28,,,,Yes,,Reviewed,No direct-build observation,C,,Not applicable,,,,Current EQL Wiki with classic comparison,,EQL-LOOT-1.0,zone_metadata,Metadata,,B18-HK-META-004,,,No,No,"Zone, era, access, faction, or data-handling metadata.",,,,,,,,,Ordinary guard swords are economic loot.,,,,,,,,,,Town / Dungeon / Prison Hybrid,,,,,,,,,,,,,,,,,,,,,,,,,,,,,,,,,Open World,Open World,,,,,,,,,,,,,,,,,,,,,,,,,,,,,,,,,,,,,,,,,,,,,,,,,,,,,,,,,,,,,,,,,,,,No,,,,,,,,,,,,,,,,,,,,Available,,,,,Confirmed,Unconfirmed,,,,,,B18-HK,
B18-HK-META-005,18,Antonica,High Keep,Princess Lenia and Princess Lenya Name Distinction,,,,,,,,,,,,,,,,,,,,,,,,,,,,,,,,,,,,,,,,,,,,,,,Supplemental,,https://eqlwiki.com/High_Keep,Classic EverQuest / Project 1999 comparison,,Yes,1,,,,,,,Audited,Add,,,,,,,,,,,,2026-07-28,,,,Yes,,Reviewed,No direct-build observation,C,,Not applicable,,,,Current EQL Wiki with classic comparison,,EQL-LOOT-1.0,zone_metadata,Metadata,,B18-HK-META-005,,,No,No,Princess Lenia is the basement necromancer; Princess Lenya is a separate upper-floor quest NPC.,,,,,,,,,,,,,,,,,,,Town / Dungeon / Prison Hybrid,,,,,,,,,,,,,,,,,,,,,,,,,,,,,,,,,Open World,Open World,,,,,,,,,,,,,,,,,,,,,,,,,,,,,,,,,,,,,,,,,,,,,,,,,,,,,,,,,,,,,,,,,,,,No,,,,,,,,,,,,,,,,,,,,Available,,,,,Confirmed,Unconfirmed,,,,,,B18-HK,
B18-HK-META-006,18,Antonica,High Keep,Economic Loot Handling,,,,,,,,,,,,,,,,,,,,,,,,,,,,,,,,,,,,,,,,,,,,,,,Supplemental,,https://eqlwiki.com/High_Keep,Classic EverQuest / Project 1999 comparison,,Yes,1,,,,,,,Audited,Add,,,,,,,,,,,,2026-07-28,,,,Yes,,Reviewed,No direct-build observation,C,,Not applicable,,,,Current EQL Wiki with classic comparison,,EQL-LOOT-1.0,zone_metadata,Metadata,,B18-HK-META-006,,,No,No,"Generic Bronze, rusty, fine-steel, container, and standard guard drops remain hidden by default.",,,,,,,,,,,,,,,,,,,Town / Dungeon / Prison Hybrid,,,,,,,,,,,,,,,,,,,,,,,,,,,,,,,,,Open World,Open World,,,,,,,,,,,,,,,,,,,,,,,,,,,,,,,,,,,,,,,,,,,,,,,,,,,,,,,,,,,,,,,,,,,,No,,,,,,,,,,,,,,,,,,,,Available,,,,,Confirmed,Unconfirmed,,,,,,B18-HK,
B18-RES-001,18,Antonica,Clan Runnyeye,Blackened Alloy Boots complete item record,,,,,,,,,,,,,,,,,,Post-revamp Pickclaw sources,,,,,,,,,,,,,,,,,,,,,,,,,,,,,Supplemental,Research only,https://eqlwiki.com/Runnyeye,Classic EverQuest / Project 1999 comparison,,Yes,1,,,,,,,Audited,Quarantine,,,,,,,,,,,,2026-07-28,,,,Yes,,Reviewed,No direct-build observation,D,"Incomplete, mixed-era, or conflicting documentation.",Unresolved,,,,Current EQL Wiki with classic comparison,,EQL-LOOT-1.0,research,Quarantined,,B18-RES-001,,,No,Yes,Quarantined to prevent incomplete equipment fields from entering the active catalog.,,,,,,,,,,,,Post-revamp Pickclaw sources,,,,,,,Multi-Level Indoor Dungeon,,,,,,,,,,,,,,,,,,,,,,,,,,,,,,,,,Open World,Open World,,,,,,,,,,,,,,,,,,,,,,,,,,,,,,,,,,,,,,,,,,,,,,,,,,,,,,,,,,,,,,,,,,,,No,,,,,,,,,,,,,,,,,,,,Unknown,,,,,Confirmed,Unconfirmed,,Review,,,,B18-RYE,
B18-RES-002,18,Antonica,Clan Runnyeye,Blackened Alloy Bracers complete item record,,,,,,,,,,,,,,,,,,Post-revamp Pickclaw sources,,,,,,,,,,,,,,,,,,,,,,,,,,,,,Supplemental,Research only,https://eqlwiki.com/Runnyeye,Classic EverQuest / Project 1999 comparison,,Yes,1,,,,,,,Audited,Quarantine,,,,,,,,,,,,2026-07-28,,,,Yes,,Reviewed,No direct-build observation,D,"Incomplete, mixed-era, or conflicting documentation.",Unresolved,,,,Current EQL Wiki with classic comparison,,EQL-LOOT-1.0,research,Quarantined,,B18-RES-002,,,No,Yes,Quarantined to prevent incomplete equipment fields from entering the active catalog.,,,,,,,,,,,,Post-revamp Pickclaw sources,,,,,,,Multi-Level Indoor Dungeon,,,,,,,,,,,,,,,,,,,,,,,,,,,,,,,,,Open World,Open World,,,,,,,,,,,,,,,,,,,,,,,,,,,,,,,,,,,,,,,,,,,,,,,,,,,,,,,,,,,,,,,,,,,,No,,,,,,,,,,,,,,,,,,,,Unknown,,,,,Confirmed,Unconfirmed,,Review,,,,B18-RYE,
B18-RES-003,18,Antonica,Clan Runnyeye,Blackened Alloy Collar complete item record,,,,,,,,,,,,,,,,,,Post-revamp Pickclaw sources,,,,,,,,,,,,,,,,,,,,,,,,,,,,,Supplemental,Research only,https://eqlwiki.com/Runnyeye,Classic EverQuest / Project 1999 comparison,,Yes,1,,,,,,,Audited,Quarantine,,,,,,,,,,,,2026-07-28,,,,Yes,,Reviewed,No direct-build observation,D,"Incomplete, mixed-era, or conflicting documentation.",Unresolved,,,,Current EQL Wiki with classic comparison,,EQL-LOOT-1.0,research,Quarantined,,B18-RES-003,,,No,Yes,Quarantined to prevent incomplete equipment fields from entering the active catalog.,,,,,,,,,,,,Post-revamp Pickclaw sources,,,,,,,Multi-Level Indoor Dungeon,,,,,,,,,,,,,,,,,,,,,,,,,,,,,,,,,Open World,Open World,,,,,,,,,,,,,,,,,,,,,,,,,,,,,,,,,,,,,,,,,,,,,,,,,,,,,,,,,,,,,,,,,,,,No,,,,,,,,,,,,,,,,,,,,Unknown,,,,,Confirmed,Unconfirmed,,Review,,,,B18-RYE,
B18-RES-004,18,Antonica,Clan Runnyeye,Blackened Alloy Legplates complete item record,,,,,,,,,,,,,,,,,,Post-revamp Pickclaw sources,,,,,,,,,,,,,,,,,,,,,,,,,,,,,Supplemental,Research only,https://eqlwiki.com/Runnyeye,Classic EverQuest / Project 1999 comparison,,Yes,1,,,,,,,Audited,Quarantine,,,,,,,,,,,,2026-07-28,,,,Yes,,Reviewed,No direct-build observation,D,"Incomplete, mixed-era, or conflicting documentation.",Unresolved,,,,Current EQL Wiki with classic comparison,,EQL-LOOT-1.0,research,Quarantined,,B18-RES-004,,,No,Yes,Quarantined to prevent incomplete equipment fields from entering the active catalog.,,,,,,,,,,,,Post-revamp Pickclaw sources,,,,,,,Multi-Level Indoor Dungeon,,,,,,,,,,,,,,,,,,,,,,,,,,,,,,,,,Open World,Open World,,,,,,,,,,,,,,,,,,,,,,,,,,,,,,,,,,,,,,,,,,,,,,,,,,,,,,,,,,,,,,,,,,,,No,,,,,,,,,,,,,,,,,,,,Unknown,,,,,Confirmed,Unconfirmed,,Review,,,,B18-RYE,
B18-RES-005,18,Antonica,Clan Runnyeye,Blackened Alloy Mail complete item record,,,,,,,,,,,,,,,,,,Post-revamp Pickclaw sources,,,,,,,,,,,,,,,,,,,,,,,,,,,,,Supplemental,Research only,https://eqlwiki.com/Runnyeye,Classic EverQuest / Project 1999 comparison,,Yes,1,,,,,,,Audited,Quarantine,,,,,,,,,,,,2026-07-28,,,,Yes,,Reviewed,No direct-build observation,D,"Incomplete, mixed-era, or conflicting documentation.",Unresolved,,,,Current EQL Wiki with classic comparison,,EQL-LOOT-1.0,research,Quarantined,,B18-RES-005,,,No,Yes,Quarantined to prevent incomplete equipment fields from entering the active catalog.,,,,,,,,,,,,Post-revamp Pickclaw sources,,,,,,,Multi-Level Indoor Dungeon,,,,,,,,,,,,,,,,,,,,,,,,,,,,,,,,,Open World,Open World,,,,,,,,,,,,,,,,,,,,,,,,,,,,,,,,,,,,,,,,,,,,,,,,,,,,,,,,,,,,,,,,,,,,No,,,,,,,,,,,,,,,,,,,,Unknown,,,,,Confirmed,Unconfirmed,,Review,,,,B18-RYE,
B18-RES-006,18,Antonica,Clan Runnyeye,Blackened Alloy Spaulder complete item record,,,,,,,,,,,,,,,,,,Post-revamp Pickclaw sources,,,,,,,,,,,,,,,,,,,,,,,,,,,,,Supplemental,Research only,https://eqlwiki.com/Runnyeye,Classic EverQuest / Project 1999 comparison,,Yes,1,,,,,,,Audited,Quarantine,,,,,,,,,,,,2026-07-28,,,,Yes,,Reviewed,No direct-build observation,D,"Incomplete, mixed-era, or conflicting documentation.",Unresolved,,,,Current EQL Wiki with classic comparison,,EQL-LOOT-1.0,research,Quarantined,,B18-RES-006,,,No,Yes,Quarantined to prevent incomplete equipment fields from entering the active catalog.,,,,,,,,,,,,Post-revamp Pickclaw sources,,,,,,,Multi-Level Indoor Dungeon,,,,,,,,,,,,,,,,,,,,,,,,,,,,,,,,,Open World,Open World,,,,,,,,,,,,,,,,,,,,,,,,,,,,,,,,,,,,,,,,,,,,,,,,,,,,,,,,,,,,,,,,,,,,No,,,,,,,,,,,,,,,,,,,,Unknown,,,,,Confirmed,Unconfirmed,,Review,,,,B18-RYE,
B18-RES-007,18,Antonica,Clan Runnyeye,Blackened Alloy Waistband complete item record,,,,,,,,,,,,,,,,,,Post-revamp Pickclaw sources,,,,,,,,,,,,,,,,,,,,,,,,,,,,,Supplemental,Research only,https://eqlwiki.com/Runnyeye,Classic EverQuest / Project 1999 comparison,,Yes,1,,,,,,,Audited,Quarantine,,,,,,,,,,,,2026-07-28,,,,Yes,,Reviewed,No direct-build observation,D,"Incomplete, mixed-era, or conflicting documentation.",Unresolved,,,,Current EQL Wiki with classic comparison,,EQL-LOOT-1.0,research,Quarantined,,B18-RES-007,,,No,Yes,Quarantined to prevent incomplete equipment fields from entering the active catalog.,,,,,,,,,,,,Post-revamp Pickclaw sources,,,,,,,Multi-Level Indoor Dungeon,,,,,,,,,,,,,,,,,,,,,,,,,,,,,,,,,Open World,Open World,,,,,,,,,,,,,,,,,,,,,,,,,,,,,,,,,,,,,,,,,,,,,,,,,,,,,,,,,,,,,,,,,,,,No,,,,,,,,,,,,,,,,,,,,Unknown,,,,,Confirmed,Unconfirmed,,Review,,,,B18-RYE,
B18-RES-008,18,Antonica,Clan Runnyeye,Dark Muslin Amice complete item record,,,,,,,,,,,,,,,,,,Battlewizard Unak candidate,,,,,,,,,,,,,,,,,,,,,,,,,,,,,Supplemental,Research only,https://eqlwiki.com/Runnyeye,Classic EverQuest / Project 1999 comparison,,Yes,1,,,,,,,Audited,Quarantine,,,,,,,,,,,,2026-07-28,,,,Yes,,Reviewed,No direct-build observation,D,"Incomplete, mixed-era, or conflicting documentation.",Unresolved,,,,Current EQL Wiki with classic comparison,,EQL-LOOT-1.0,research,Quarantined,,B18-RES-008,,,No,Yes,Quarantined to prevent incomplete equipment fields from entering the active catalog.,,,,,,,,,,,,Battlewizard Unak candidate,,,,,,,Multi-Level Indoor Dungeon,,,,,,,,,,,,,,,,,,,,,,,,,,,,,,,,,Open World,Open World,,,,,,,,,,,,,,,,,,,,,,,,,,,,,,,,,,,,,,,,,,,,,,,,,,,,,,,,,,,,,,,,,,,,No,,,,,,,,,,,,,,,,,,,,Unknown,,,,,Confirmed,Unconfirmed,,Review,,,,B18-RYE,
B18-RES-009,18,Antonica,Clan Runnyeye,Dark Muslin Cap complete item record,,,,,,,,,,,,,,,,,,Mixed-era Runnyeye table,,,,,,,,,,,,,,,,,,,,,,,,,,,,,Supplemental,Research only,https://eqlwiki.com/Runnyeye,Classic EverQuest / Project 1999 comparison,,Yes,1,,,,,,,Audited,Quarantine,,,,,,,,,,,,2026-07-28,,,,Yes,,Reviewed,No direct-build observation,D,"Incomplete, mixed-era, or conflicting documentation.",Unresolved,,,,Current EQL Wiki with classic comparison,,EQL-LOOT-1.0,research,Quarantined,,B18-RES-009,,,No,Yes,Quarantined to prevent incomplete equipment fields from entering the active catalog.,,,,,,,,,,,,Mixed-era Runnyeye table,,,,,,,Multi-Level Indoor Dungeon,,,,,,,,,,,,,,,,,,,,,,,,,,,,,,,,,Open World,Open World,,,,,,,,,,,,,,,,,,,,,,,,,,,,,,,,,,,,,,,,,,,,,,,,,,,,,,,,,,,,,,,,,,,,No,,,,,,,,,,,,,,,,,,,,Unknown,,,,,Confirmed,Unconfirmed,,Review,,,,B18-RYE,
B18-RES-010,18,Antonica,Clan Runnyeye,Dark Muslin Collar complete item record,,,,,,,,,,,,,,,,,,Mixed-era Runnyeye table,,,,,,,,,,,,,,,,,,,,,,,,,,,,,Supplemental,Research only,https://eqlwiki.com/Runnyeye,Classic EverQuest / Project 1999 comparison,,Yes,1,,,,,,,Audited,Quarantine,,,,,,,,,,,,2026-07-28,,,,Yes,,Reviewed,No direct-build observation,D,"Incomplete, mixed-era, or conflicting documentation.",Unresolved,,,,Current EQL Wiki with classic comparison,,EQL-LOOT-1.0,research,Quarantined,,B18-RES-010,,,No,Yes,Quarantined to prevent incomplete equipment fields from entering the active catalog.,,,,,,,,,,,,Mixed-era Runnyeye table,,,,,,,Multi-Level Indoor Dungeon,,,,,,,,,,,,,,,,,,,,,,,,,,,,,,,,,Open World,Open World,,,,,,,,,,,,,,,,,,,,,,,,,,,,,,,,,,,,,,,,,,,,,,,,,,,,,,,,,,,,,,,,,,,,No,,,,,,,,,,,,,,,,,,,,Unknown,,,,,Confirmed,Unconfirmed,,Review,,,,B18-RYE,
B18-RES-011,18,Antonica,Clan Runnyeye,Dark Muslin Gloves complete item record,,,,,,,,,,,,,,,,,,Mixed-era Runnyeye table,,,,,,,,,,,,,,,,,,,,,,,,,,,,,Supplemental,Research only,https://eqlwiki.com/Runnyeye,Classic EverQuest / Project 1999 comparison,,Yes,1,,,,,,,Audited,Quarantine,,,,,,,,,,,,2026-07-28,,,,Yes,,Reviewed,No direct-build observation,D,"Incomplete, mixed-era, or conflicting documentation.",Unresolved,,,,Current EQL Wiki with classic comparison,,EQL-LOOT-1.0,research,Quarantined,,B18-RES-011,,,No,Yes,Quarantined to prevent incomplete equipment fields from entering the active catalog.,,,,,,,,,,,,Mixed-era Runnyeye table,,,,,,,Multi-Level Indoor Dungeon,,,,,,,,,,,,,,,,,,,,,,,,,,,,,,,,,Open World,Open World,,,,,,,,,,,,,,,,,,,,,,,,,,,,,,,,,,,,,,,,,,,,,,,,,,,,,,,,,,,,,,,,,,,,No,,,,,,,,,,,,,,,,,,,,Unknown,,,,,Confirmed,Unconfirmed,,Review,,,,B18-RYE,
B18-RES-012,18,Antonica,Clan Runnyeye,Dark Muslin Leggings complete item record,,,,,,,,,,,,,,,,,,Mixed-era Runnyeye table,,,,,,,,,,,,,,,,,,,,,,,,,,,,,Supplemental,Research only,https://eqlwiki.com/Runnyeye,Classic EverQuest / Project 1999 comparison,,Yes,1,,,,,,,Audited,Quarantine,,,,,,,,,,,,2026-07-28,,,,Yes,,Reviewed,No direct-build observation,D,"Incomplete, mixed-era, or conflicting documentation.",Unresolved,,,,Current EQL Wiki with classic comparison,,EQL-LOOT-1.0,research,Quarantined,,B18-RES-012,,,No,Yes,Quarantined to prevent incomplete equipment fields from entering the active catalog.,,,,,,,,,,,,Mixed-era Runnyeye table,,,,,,,Multi-Level Indoor Dungeon,,,,,,,,,,,,,,,,,,,,,,,,,,,,,,,,,Open World,Open World,,,,,,,,,,,,,,,,,,,,,,,,,,,,,,,,,,,,,,,,,,,,,,,,,,,,,,,,,,,,,,,,,,,,No,,,,,,,,,,,,,,,,,,,,Unknown,,,,,Confirmed,Unconfirmed,,Review,,,,B18-RYE,
B18-RES-013,18,Antonica,Clan Runnyeye,Dark Muslin Sash complete item record,,,,,,,,,,,,,,,,,,Battlewizard Unak candidate,,,,,,,,,,,,,,,,,,,,,,,,,,,,,Supplemental,Research only,https://eqlwiki.com/Runnyeye,Classic EverQuest / Project 1999 comparison,,Yes,1,,,,,,,Audited,Quarantine,,,,,,,,,,,,2026-07-28,,,,Yes,,Reviewed,No direct-build observation,D,"Incomplete, mixed-era, or conflicting documentation.",Unresolved,,,,Current EQL Wiki with classic comparison,,EQL-LOOT-1.0,research,Quarantined,,B18-RES-013,,,No,Yes,Quarantined to prevent incomplete equipment fields from entering the active catalog.,,,,,,,,,,,,Battlewizard Unak candidate,,,,,,,Multi-Level Indoor Dungeon,,,,,,,,,,,,,,,,,,,,,,,,,,,,,,,,,Open World,Open World,,,,,,,,,,,,,,,,,,,,,,,,,,,,,,,,,,,,,,,,,,,,,,,,,,,,,,,,,,,,,,,,,,,,No,,,,,,,,,,,,,,,,,,,,Unknown,,,,,Confirmed,Unconfirmed,,Review,,,,B18-RYE,
B18-RES-014,18,Antonica,Clan Runnyeye,Dark Muslin Sleeves complete item record,,,,,,,,,,,,,,,,,,Mixed-era Runnyeye table,,,,,,,,,,,,,,,,,,,,,,,,,,,,,Supplemental,Research only,https://eqlwiki.com/Runnyeye,Classic EverQuest / Project 1999 comparison,,Yes,1,,,,,,,Audited,Quarantine,,,,,,,,,,,,2026-07-28,,,,Yes,,Reviewed,No direct-build observation,D,"Incomplete, mixed-era, or conflicting documentation.",Unresolved,,,,Current EQL Wiki with classic comparison,,EQL-LOOT-1.0,research,Quarantined,,B18-RES-014,,,No,Yes,Quarantined to prevent incomplete equipment fields from entering the active catalog.,,,,,,,,,,,,Mixed-era Runnyeye table,,,,,,,Multi-Level Indoor Dungeon,,,,,,,,,,,,,,,,,,,,,,,,,,,,,,,,,Open World,Open World,,,,,,,,,,,,,,,,,,,,,,,,,,,,,,,,,,,,,,,,,,,,,,,,,,,,,,,,,,,,,,,,,,,,No,,,,,,,,,,,,,,,,,,,,Unknown,,,,,Confirmed,Unconfirmed,,Review,,,,B18-RYE,
B18-RES-015,18,Antonica,Clan Runnyeye,Dark Muslin Tunic complete item record,,,,,,,,,,,,,,,,,,Mixed-era Runnyeye table,,,,,,,,,,,,,,,,,,,,,,,,,,,,,Supplemental,Research only,https://eqlwiki.com/Runnyeye,Classic EverQuest / Project 1999 comparison,,Yes,1,,,,,,,Audited,Quarantine,,,,,,,,,,,,2026-07-28,,,,Yes,,Reviewed,No direct-build observation,D,"Incomplete, mixed-era, or conflicting documentation.",Unresolved,,,,Current EQL Wiki with classic comparison,,EQL-LOOT-1.0,research,Quarantined,,B18-RES-015,,,No,Yes,Quarantined to prevent incomplete equipment fields from entering the active catalog.,,,,,,,,,,,,Mixed-era Runnyeye table,,,,,,,Multi-Level Indoor Dungeon,,,,,,,,,,,,,,,,,,,,,,,,,,,,,,,,,Open World,Open World,,,,,,,,,,,,,,,,,,,,,,,,,,,,,,,,,,,,,,,,,,,,,,,,,,,,,,,,,,,,,,,,,,,,No,,,,,,,,,,,,,,,,,,,,Unknown,,,,,Confirmed,Unconfirmed,,Review,,,,B18-RYE,
B18-RES-016,18,Antonica,Clan Runnyeye,Dark Muslin Veil complete item record,,,,,,,,,,,,,,,,,,Mixed-era Runnyeye table,,,,,,,,,,,,,,,,,,,,,,,,,,,,,Supplemental,Research only,https://eqlwiki.com/Runnyeye,Classic EverQuest / Project 1999 comparison,,Yes,1,,,,,,,Audited,Quarantine,,,,,,,,,,,,2026-07-28,,,,Yes,,Reviewed,No direct-build observation,D,"Incomplete, mixed-era, or conflicting documentation.",Unresolved,,,,Current EQL Wiki with classic comparison,,EQL-LOOT-1.0,research,Quarantined,,B18-RES-016,,,No,Yes,Quarantined to prevent incomplete equipment fields from entering the active catalog.,,,,,,,,,,,,Mixed-era Runnyeye table,,,,,,,Multi-Level Indoor Dungeon,,,,,,,,,,,,,,,,,,,,,,,,,,,,,,,,,Open World,Open World,,,,,,,,,,,,,,,,,,,,,,,,,,,,,,,,,,,,,,,,,,,,,,,,,,,,,,,,,,,,,,,,,,,,No,,,,,,,,,,,,,,,,,,,,Unknown,,,,,Confirmed,Unconfirmed,,Review,,,,B18-RYE,
B18-RES-017,18,Antonica,Clan Runnyeye,Dark Muslin Wristbands complete item record,,,,,,,,,,,,,,,,,,Mixed-era Runnyeye table,,,,,,,,,,,,,,,,,,,,,,,,,,,,,Supplemental,Research only,https://eqlwiki.com/Runnyeye,Classic EverQuest / Project 1999 comparison,,Yes,1,,,,,,,Audited,Quarantine,,,,,,,,,,,,2026-07-28,,,,Yes,,Reviewed,No direct-build observation,D,"Incomplete, mixed-era, or conflicting documentation.",Unresolved,,,,Current EQL Wiki with classic comparison,,EQL-LOOT-1.0,research,Quarantined,,B18-RES-017,,,No,Yes,Quarantined to prevent incomplete equipment fields from entering the active catalog.,,,,,,,,,,,,Mixed-era Runnyeye table,,,,,,,Multi-Level Indoor Dungeon,,,,,,,,,,,,,,,,,,,,,,,,,,,,,,,,,Open World,Open World,,,,,,,,,,,,,,,,,,,,,,,,,,,,,,,,,,,,,,,,,,,,,,,,,,,,,,,,,,,,,,,,,,,,No,,,,,,,,,,,,,,,,,,,,Unknown,,,,,Confirmed,Unconfirmed,,Review,,,,B18-RYE,
B18-RES-018,18,Antonica,Clan Runnyeye,Battlewizard Unak exact current loot table,,,,,,,,,,,,,,,,,,Battlewizard Unak,,,,,,,,,,,,,,,,,,,,,,,,,,,,,Supplemental,Research only,https://eqlwiki.com/Runnyeye,Classic EverQuest / Project 1999 comparison,,Yes,1,,,,,,,Audited,Quarantine,,,,,,,,,,,,2026-07-28,,,,Yes,,Reviewed,No direct-build observation,D,"Incomplete, mixed-era, or conflicting documentation.",Unresolved,,,,Current EQL Wiki with classic comparison,,EQL-LOOT-1.0,research,Quarantined,,B18-RES-018,,,No,Yes,Quarantined to prevent incomplete equipment fields from entering the active catalog.,,,,,,,,,,,,Battlewizard Unak,,,,,,,Multi-Level Indoor Dungeon,,,,,,,,,,,,,,,,,,,,,,,,,,,,,,,,,Open World,Open World,,,,,,,,,,,,,,,,,,,,,,,,,,,,,,,,,,,,,,,,,,,,,,,,,,,,,,,,,,,,,,,,,,,,No,,,,,,,,,,,,,,,,,,,,Unknown,,,,,Confirmed,Unconfirmed,,Review,,,,B18-RYE,
B18-RES-019,18,Antonica,Clan Runnyeye,Sporestrand Shield exact source,,,,,,,,,,,,,,,,,,Unresolved Sporali source,,,,,,,,,,,,,,,,,,,,,,,,,,,,,Supplemental,Research only,https://eqlwiki.com/Runnyeye,Classic EverQuest / Project 1999 comparison,,Yes,1,,,,,,,Audited,Quarantine,,,,,,,,,,,,2026-07-28,,,,Yes,,Reviewed,No direct-build observation,D,"Incomplete, mixed-era, or conflicting documentation.",Unresolved,,,,Current EQL Wiki with classic comparison,,EQL-LOOT-1.0,research,Quarantined,,B18-RES-019,,,No,Yes,Quarantined to prevent incomplete equipment fields from entering the active catalog.,,,,,,,,,,,,Unresolved Sporali source,,,,,,,Multi-Level Indoor Dungeon,,,,,,,,,,,,,,,,,,,,,,,,,,,,,,,,,Open World,Open World,,,,,,,,,,,,,,,,,,,,,,,,,,,,,,,,,,,,,,,,,,,,,,,,,,,,,,,,,,,,,,,,,,,,No,,,,,,,,,,,,,,,,,,,,Unknown,,,,,Confirmed,Unconfirmed,,Review,,,,B18-RYE,
B18-RES-020,18,Antonica,Clan Runnyeye,Goblin Sticker excluded races,,,,,,,,,,,,,,,,,,Goblin Sticker,,,,,,,,,,,,,,,,,,,,,,,,,,,,,Supplemental,Research only,https://eqlwiki.com/Runnyeye,Classic EverQuest / Project 1999 comparison,,Yes,1,,,,,,,Audited,Quarantine,,,,,,,,,,,,2026-07-28,,,,Yes,,Reviewed,No direct-build observation,D,"Incomplete, mixed-era, or conflicting documentation.",Unresolved,,,,Current EQL Wiki with classic comparison,,EQL-LOOT-1.0,research,Quarantined,,B18-RES-020,,,No,Yes,Quarantined to prevent incomplete equipment fields from entering the active catalog.,,,,,,,,,,,,Goblin Sticker,,,,,,,Multi-Level Indoor Dungeon,,,,,,,,,,,,,,,,,,,,,,,,,,,,,,,,,Open World,Open World,,,,,,,,,,,,,,,,,,,,,,,,,,,,,,,,,,,,,,,,,,,,,,,,,,,,,,,,,,,,,,,,,,,,No,,,,,,,,,,,,,,,,,,,,Unknown,,,,,Confirmed,Unconfirmed,,Review,,,,B18-RYE,
B18-RES-022,18,Antonica,Clan Runnyeye,Blackened Iron Gloves exact source variants,,,,,,,,,,,,,,,,,,Various Runnyeye sources,,,,,,,,,,,,,,,,,,,,,,,,,,,,,Supplemental,Research only,https://eqlwiki.com/Runnyeye,Classic EverQuest / Project 1999 comparison,,Yes,1,,,,,,,Audited,Quarantine,,,,,,,,,,,,2026-07-28,,,,Yes,,Reviewed,No direct-build observation,D,"Incomplete, mixed-era, or conflicting documentation.",Unresolved,,,,Current EQL Wiki with classic comparison,,EQL-LOOT-1.0,research,Quarantined,,B18-RES-022,,,No,Yes,Quarantined to prevent incomplete equipment fields from entering the active catalog.,,,,,,,,,,,,Various Runnyeye sources,,,,,,,Multi-Level Indoor Dungeon,,,,,,,,,,,,,,,,,,,,,,,,,,,,,,,,,Open World,Open World,,,,,,,,,,,,,,,,,,,,,,,,,,,,,,,,,,,,,,,,,,,,,,,,,,,,,,,,,,,,,,,,,,,,No,,,,,,,,,,,,,,,,,,,,Unknown,,,,,Confirmed,Unconfirmed,,Review,,,,B18-RYE,
B18-RES-023,18,Antonica,Clan Runnyeye,Goblin Knight Blackened Iron Spaulder relationship,,,,,,,,,,,,,,,,,,Goblin Knight,,,,,,,,,,,,,,,,,,,,,,,,,,,,,Supplemental,Research only,https://eqlwiki.com/Runnyeye,Classic EverQuest / Project 1999 comparison,,Yes,1,,,,,,,Audited,Quarantine,,,,,,,,,,,,2026-07-28,,,,Yes,,Reviewed,No direct-build observation,D,"Incomplete, mixed-era, or conflicting documentation.",Unresolved,,,,Current EQL Wiki with classic comparison,,EQL-LOOT-1.0,research,Quarantined,,B18-RES-023,,,No,Yes,Quarantined to prevent incomplete equipment fields from entering the active catalog.,,,,,,,,,,,,Goblin Knight,,,,,,,Multi-Level Indoor Dungeon,,,,,,,,,,,,,,,,,,,,,,,,,,,,,,,,,Open World,Open World,,,,,,,,,,,,,,,,,,,,,,,,,,,,,,,,,,,,,,,,,,,,,,,,,,,,,,,,,,,,,,,,,,,,No,,,,,,,,,,,,,,,,,,,,Unknown,,,,,Confirmed,Unconfirmed,,Review,,,,B18-RYE,
B18-RES-024,18,Antonica,Clan Runnyeye,Broader Sporali Defender's Blade distribution,,,,,,,,,,,,,,,,,,Sporali family,,,,,,,,,,,,,,,,,,,,,,,,,,,,,Supplemental,Research only,https://eqlwiki.com/Runnyeye,Classic EverQuest / Project 1999 comparison,,Yes,1,,,,,,,Audited,Quarantine,,,,,,,,,,,,2026-07-28,,,,Yes,,Reviewed,No direct-build observation,D,"Incomplete, mixed-era, or conflicting documentation.",Unresolved,,,,Current EQL Wiki with classic comparison,,EQL-LOOT-1.0,research,Quarantined,,B18-RES-024,,,No,Yes,Quarantined to prevent incomplete equipment fields from entering the active catalog.,,,,,,,,,,,,Sporali family,,,,,,,Multi-Level Indoor Dungeon,,,,,,,,,,,,,,,,,,,,,,,,,,,,,,,,,Open World,Open World,,,,,,,,,,,,,,,,,,,,,,,,,,,,,,,,,,,,,,,,,,,,,,,,,,,,,,,,,,,,,,,,,,,,No,,,,,,,,,,,,,,,,,,,,Unknown,,,,,Confirmed,Unconfirmed,,Review,,,,B18-RYE,
B18-RES-025,18,Antonica,Clan Runnyeye,Icon of the Constant exact function,,,,,,,,,,,,,,,,,,Sludge Dankmire,,,,,,,,,,,,,,,,,,,,,,,,,,,,,Supplemental,Research only,https://eqlwiki.com/Runnyeye,Classic EverQuest / Project 1999 comparison,,Yes,1,,,,,,,Audited,Quarantine,,,,,,,,,,,,2026-07-28,,,,Yes,,Reviewed,No direct-build observation,D,"Incomplete, mixed-era, or conflicting documentation.",Unresolved,,,,Current EQL Wiki with classic comparison,,EQL-LOOT-1.0,research,Quarantined,,B18-RES-025,,,No,Yes,Quarantined to prevent incomplete equipment fields from entering the active catalog.,,,,,,,,,,,,Sludge Dankmire,,,,,,,Multi-Level Indoor Dungeon,,,,,,,,,,,,,,,,,,,,,,,,,,,,,,,,,Open World,Open World,,,,,,,,,,,,,,,,,,,,,,,,,,,,,,,,,,,,,,,,,,,,,,,,,,,,,,,,,,,,,,,,,,,,No,,,,,,,,,,,,,,,,,,,,Unknown,,,,,Confirmed,Unconfirmed,,Review,,,,B18-RYE,
B18-RES-026,18,Antonica,Clan Runnyeye,Level 3 exact named roster,,,,,,,,,,,,,,,,,,Level 3 population,,,,,,,,,,,,,,,,,,,,,,,,,,,,,Supplemental,Research only,https://eqlwiki.com/Runnyeye,Classic EverQuest / Project 1999 comparison,,Yes,1,,,,,,,Audited,Quarantine,,,,,,,,,,,,2026-07-28,,,,Yes,,Reviewed,No direct-build observation,D,"Incomplete, mixed-era, or conflicting documentation.",Unresolved,,,,Current EQL Wiki with classic comparison,,EQL-LOOT-1.0,research,Quarantined,,B18-RES-026,,,No,Yes,Quarantined to prevent incomplete equipment fields from entering the active catalog.,,,,,,,,,,,,Level 3 population,,,,,,,Multi-Level Indoor Dungeon,,,,,,,,,,,,,,,,,,,,,,,,,,,,,,,,,Open World,Open World,,,,,,,,,,,,,,,,,,,,,,,,,,,,,,,,,,,,,,,,,,,,,,,,,,,,,,,,,,,,,,,,,,,,No,,,,,,,,,,,,,,,,,,,,Unknown,,,,,Confirmed,Unconfirmed,,Review,,,,B18-RYE,
B18-RES-027,18,Antonica,High Keep,Dulcyna Blackhand exact current loot,,,,,,,,,,,,,,,,,,Dulcyna Blackhand,,,,,,,,,,,,,,,,,,,,,,,,,,,,,Supplemental,Research only,https://eqlwiki.com/High_Keep,Classic EverQuest / Project 1999 comparison,,Yes,1,,,,,,,Audited,Quarantine,,,,,,,,,,,,2026-07-28,,,,Yes,,Reviewed,No direct-build observation,D,"Incomplete, mixed-era, or conflicting documentation.",Unresolved,,,,Current EQL Wiki with classic comparison,,EQL-LOOT-1.0,research,Quarantined,,B18-RES-027,,,No,Yes,Quarantined to prevent incomplete equipment fields from entering the active catalog.,,,,,,,,,,,,Dulcyna Blackhand,,,,,,,Town / Dungeon / Prison Hybrid,,,,,,,,,,,,,,,,,,,,,,,,,,,,,,,,,Open World,Open World,,,,,,,,,,,,,,,,,,,,,,,,,,,,,,,,,,,,,,,,,,,,,,,,,,,,,,,,,,,,,,,,,,,,No,,,,,,,,,,,,,,,,,,,,Unknown,,,,,Confirmed,Unconfirmed,,Review,,,,B18-HK,
B18-RES-028,18,Antonica,High Keep,Tearon's Skeleton exact loot and key chain,,,,,,,,,,,,,,,,,,Tearon's Skeleton,,,,,,,,,,,,,,,,,,,,,,,,,,,,,Supplemental,Research only,https://eqlwiki.com/High_Keep,Classic EverQuest / Project 1999 comparison,,Yes,1,,,,,,,Audited,Quarantine,,,,,,,,,,,,2026-07-28,,,,Yes,,Reviewed,No direct-build observation,D,"Incomplete, mixed-era, or conflicting documentation.",Unresolved,,,,Current EQL Wiki with classic comparison,,EQL-LOOT-1.0,research,Quarantined,,B18-RES-028,,,No,Yes,Quarantined to prevent incomplete equipment fields from entering the active catalog.,,,,,,,,,,,,Tearon's Skeleton,,,,,,,Town / Dungeon / Prison Hybrid,,,,,,,,,,,,,,,,,,,,,,,,,,,,,,,,,Open World,Open World,,,,,,,,,,,,,,,,,,,,,,,,,,,,,,,,,,,,,,,,,,,,,,,,,,,,,,,,,,,,,,,,,,,,No,,,,,,,,,,,,,,,,,,,,Unknown,,,,,Confirmed,Unconfirmed,,Review,,,,B18-HK,
B18-RES-029,18,Antonica,High Keep,Pickclaw Warrior distinctive loot,,,,,,,,,,,,,,,,,,Pickclaw Warrior,,,,,,,,,,,,,,,,,,,,,,,,,,,,,Supplemental,Research only,https://eqlwiki.com/High_Keep,Classic EverQuest / Project 1999 comparison,,Yes,1,,,,,,,Audited,Quarantine,,,,,,,,,,,,2026-07-28,,,,Yes,,Reviewed,No direct-build observation,D,"Incomplete, mixed-era, or conflicting documentation.",Unresolved,,,,Current EQL Wiki with classic comparison,,EQL-LOOT-1.0,research,Quarantined,,B18-RES-029,,,No,Yes,Quarantined to prevent incomplete equipment fields from entering the active catalog.,,,,,,,,,,,,Pickclaw Warrior,,,,,,,Town / Dungeon / Prison Hybrid,,,,,,,,,,,,,,,,,,,,,,,,,,,,,,,,,Open World,Open World,,,,,,,,,,,,,,,,,,,,,,,,,,,,,,,,,,,,,,,,,,,,,,,,,,,,,,,,,,,,,,,,,,,,No,,,,,,,,,,,,,,,,,,,,Unknown,,,,,Confirmed,Unconfirmed,,Review,,,,B18-HK,
B18-RES-030,18,Antonica,High Keep,Pickclaw Raider distinctive loot,,,,,,,,,,,,,,,,,,Pickclaw Raider,,,,,,,,,,,,,,,,,,,,,,,,,,,,,Supplemental,Research only,https://eqlwiki.com/High_Keep,Classic EverQuest / Project 1999 comparison,,Yes,1,,,,,,,Audited,Quarantine,,,,,,,,,,,,2026-07-28,,,,Yes,,Reviewed,No direct-build observation,D,"Incomplete, mixed-era, or conflicting documentation.",Unresolved,,,,Current EQL Wiki with classic comparison,,EQL-LOOT-1.0,research,Quarantined,,B18-RES-030,,,No,Yes,Quarantined to prevent incomplete equipment fields from entering the active catalog.,,,,,,,,,,,,Pickclaw Raider,,,,,,,Town / Dungeon / Prison Hybrid,,,,,,,,,,,,,,,,,,,,,,,,,,,,,,,,,Open World,Open World,,,,,,,,,,,,,,,,,,,,,,,,,,,,,,,,,,,,,,,,,,,,,,,,,,,,,,,,,,,,,,,,,,,,No,,,,,,,,,,,,,,,,,,,,Unknown,,,,,Confirmed,Unconfirmed,,Review,,,,B18-HK,
B18-RES-031,18,Antonica,High Keep,Pickclaw Seer distinctive loot,,,,,,,,,,,,,,,,,,Pickclaw Seer,,,,,,,,,,,,,,,,,,,,,,,,,,,,,Supplemental,Research only,https://eqlwiki.com/High_Keep,Classic EverQuest / Project 1999 comparison,,Yes,1,,,,,,,Audited,Quarantine,,,,,,,,,,,,2026-07-28,,,,Yes,,Reviewed,No direct-build observation,D,"Incomplete, mixed-era, or conflicting documentation.",Unresolved,,,,Current EQL Wiki with classic comparison,,EQL-LOOT-1.0,research,Quarantined,,B18-RES-031,,,No,Yes,Quarantined to prevent incomplete equipment fields from entering the active catalog.,,,,,,,,,,,,Pickclaw Seer,,,,,,,Town / Dungeon / Prison Hybrid,,,,,,,,,,,,,,,,,,,,,,,,,,,,,,,,,Open World,Open World,,,,,,,,,,,,,,,,,,,,,,,,,,,,,,,,,,,,,,,,,,,,,,,,,,,,,,,,,,,,,,,,,,,,No,,,,,,,,,,,,,,,,,,,,Unknown,,,,,Confirmed,Unconfirmed,,Review,,,,B18-HK,
B18-RES-032,18,Antonica,High Keep,Pickclaw Spiritist distinctive loot,,,,,,,,,,,,,,,,,,Pickclaw Spiritist,,,,,,,,,,,,,,,,,,,,,,,,,,,,,Supplemental,Research only,https://eqlwiki.com/High_Keep,Classic EverQuest / Project 1999 comparison,,Yes,1,,,,,,,Audited,Quarantine,,,,,,,,,,,,2026-07-28,,,,Yes,,Reviewed,No direct-build observation,D,"Incomplete, mixed-era, or conflicting documentation.",Unresolved,,,,Current EQL Wiki with classic comparison,,EQL-LOOT-1.0,research,Quarantined,,B18-RES-032,,,No,Yes,Quarantined to prevent incomplete equipment fields from entering the active catalog.,,,,,,,,,,,,Pickclaw Spiritist,,,,,,,Town / Dungeon / Prison Hybrid,,,,,,,,,,,,,,,,,,,,,,,,,,,,,,,,,Open World,Open World,,,,,,,,,,,,,,,,,,,,,,,,,,,,,,,,,,,,,,,,,,,,,,,,,,,,,,,,,,,,,,,,,,,,No,,,,,,,,,,,,,,,,,,,,Unknown,,,,,Confirmed,Unconfirmed,,Review,,,,B18-HK,
B18-RES-033,18,Antonica,High Keep,Pickclaw Cabalist distinctive loot,,,,,,,,,,,,,,,,,,Pickclaw Cabalist,,,,,,,,,,,,,,,,,,,,,,,,,,,,,Supplemental,Research only,https://eqlwiki.com/High_Keep,Classic EverQuest / Project 1999 comparison,,Yes,1,,,,,,,Audited,Quarantine,,,,,,,,,,,,2026-07-28,,,,Yes,,Reviewed,No direct-build observation,D,"Incomplete, mixed-era, or conflicting documentation.",Unresolved,,,,Current EQL Wiki with classic comparison,,EQL-LOOT-1.0,research,Quarantined,,B18-RES-033,,,No,Yes,Quarantined to prevent incomplete equipment fields from entering the active catalog.,,,,,,,,,,,,Pickclaw Cabalist,,,,,,,Town / Dungeon / Prison Hybrid,,,,,,,,,,,,,,,,,,,,,,,,,,,,,,,,,Open World,Open World,,,,,,,,,,,,,,,,,,,,,,,,,,,,,,,,,,,,,,,,,,,,,,,,,,,,,,,,,,,,,,,,,,,,No,,,,,,,,,,,,,,,,,,,,Unknown,,,,,Confirmed,Unconfirmed,,Review,,,,B18-HK,
B18-RES-034,18,Antonica,High Keep,Osargen loot uncertainty,,,,,,,,,,,,,,,,,,Osargen,,,,,,,,,,,,,,,,,,,,,,,,,,,,,Supplemental,Research only,https://eqlwiki.com/High_Keep,Classic EverQuest / Project 1999 comparison,,Yes,1,,,,,,,Audited,Quarantine,,,,,,,,,,,,2026-07-28,,,,Yes,,Reviewed,No direct-build observation,D,"Incomplete, mixed-era, or conflicting documentation.",Unresolved,,,,Current EQL Wiki with classic comparison,,EQL-LOOT-1.0,research,Quarantined,,B18-RES-034,,,No,Yes,Quarantined to prevent incomplete equipment fields from entering the active catalog.,,,,,,,,,,,,Osargen,,,,,,,Town / Dungeon / Prison Hybrid,,,,,,,,,,,,,,,,,,,,,,,,,,,,,,,,,Open World,Open World,,,,,,,,,,,,,,,,,,,,,,,,,,,,,,,,,,,,,,,,,,,,,,,,,,,,,,,,,,,,,,,,,,,,No,,,,,,,,,,,,,,,,,,,,Unknown,,,,,Confirmed,Unconfirmed,,Review,,,,B18-HK,
B18-RES-035,18,Antonica,High Keep,Captain Boshinko exact pool probabilities,,,,,,,,,,,,,,,,,,Captain Boshinko,,,,,,,,,,,,,,,,,,,,,,,,,,,,,Supplemental,Research only,https://eqlwiki.com/High_Keep,Classic EverQuest / Project 1999 comparison,,Yes,1,,,,,,,Audited,Quarantine,,,,,,,,,,,,2026-07-28,,,,Yes,,Reviewed,No direct-build observation,D,"Incomplete, mixed-era, or conflicting documentation.",Unresolved,,,,Current EQL Wiki with classic comparison,,EQL-LOOT-1.0,research,Quarantined,,B18-RES-035,,,No,Yes,Quarantined to prevent incomplete equipment fields from entering the active catalog.,,,,,,,,,,,,Captain Boshinko,,,,,,,Town / Dungeon / Prison Hybrid,,,,,,,,,,,,,,,,,,,,,,,,,,,,,,,,,Open World,Open World,,,,,,,,,,,,,,,,,,,,,,,,,,,,,,,,,,,,,,,,,,,,,,,,,,,,,,,,,,,,,,,,,,,,No,,,,,,,,,,,,,,,,,,,,Unknown,,,,,Confirmed,Unconfirmed,,Review,,,,B18-HK,
B18-RES-036,18,Antonica,High Keep,High Keep EQL-specific changes beyond inherited classic data,,,,,,,,,,,,,,,,,,Zone-level documentation,,,,,,,,,,,,,,,,,,,,,,,,,,,,,Supplemental,Research only,https://eqlwiki.com/High_Keep,Classic EverQuest / Project 1999 comparison,,Yes,1,,,,,,,Audited,Quarantine,,,,,,,,,,,,2026-07-28,,,,Yes,,Reviewed,No direct-build observation,D,"Incomplete, mixed-era, or conflicting documentation.",Unresolved,,,,Current EQL Wiki with classic comparison,,EQL-LOOT-1.0,research,Quarantined,,B18-RES-036,,,No,Yes,Quarantined to prevent incomplete equipment fields from entering the active catalog.,,,,,,,,,,,,Zone-level documentation,,,,,,,Town / Dungeon / Prison Hybrid,,,,,,,,,,,,,,,,,,,,,,,,,,,,,,,,,Open World,Open World,,,,,,,,,,,,,,,,,,,,,,,,,,,,,,,,,,,,,,,,,,,,,,,,,,,,,,,,,,,,,,,,,,,,No,,,,,,,,,,,,,,,,,,,,Unknown,,,,,Confirmed,Unconfirmed,,Review,,,,B18-HK,
B18-RES-037,18,Antonica,High Keep,Current-build confirmation for mixed NPC pages,,,,,,,,,,,,,,,,,,High Keep,,,,,,,,,,,,,,,,,,,,,,,,,,,,,Supplemental,Research only,https://eqlwiki.com/High_Keep,Classic EverQuest / Project 1999 comparison,,Yes,1,,,,,,,Audited,Quarantine,,,,,,,,,,,,2026-07-28,,,,Yes,,Reviewed,No direct-build observation,D,"Incomplete, mixed-era, or conflicting documentation.",Unresolved,,,,Current EQL Wiki with classic comparison,,EQL-LOOT-1.0,research,Quarantined,,B18-RES-037,,,No,Yes,Quarantined to prevent incomplete equipment fields from entering the active catalog.,,,,,,,,,,,,High Keep,,,,,,,Town / Dungeon / Prison Hybrid,,,,,,,,,,,,,,,,,,,,,,,,,,,,,,,,,Open World,Open World,,,,,,,,,,,,,,,,,,,,,,,,,,,,,,,,,,,,,,,,,,,,,,,,,,,,,,,,,,,,,,,,,,,,No,,,,,,,,,,,,,,,,,,,,Unknown,,,,,Confirmed,Unconfirmed,,Review,,,,B18-HK,
B18-RES-038,18,Antonica,High Keep,Fine Steel Long Sword complete current item record,,Primary; Secondary,Yes,,,,,,,,,,,,,1H Slashing,,A Body Guard,,,,,,,,,,,,,,,,,,,,,,,,,,,,,Supplemental,Research only,https://eqlwiki.com/High_Keep,Classic EverQuest / Project 1999 comparison,,Yes,1,,,WAR PAL RNG SHD BRD ROG,All,,,Audited,Quarantine,,,,,,,,,,,,2026-07-28,,,,Yes,,Reviewed,No direct-build observation,D,"Incomplete, mixed-era, or conflicting documentation.",Incomplete current damage and delay fields,,,,Current EQL Wiki with classic comparison,,EQL-LOOT-1.0,research,Quarantined,,B18-RES-038,,,No,Yes,Quarantined to prevent incomplete equipment fields from entering the active catalog.,,,,,,,,,,,,A Body Guard,,,,,,,Town / Dungeon / Prison Hybrid,,,,,,,,,,,,,,,,,,,,,,,,,,,,,,,,,Open World,Open World,,,,,,,,,,,,,,,,,,,,,,,,,,,,,,,,,,,,,,,,,,,,,,,,,,,,,,,,,,,,,,,,,,,,No,,,,,,,,,,,,,,,,,,,,Unknown,,,,,Confirmed,Unconfirmed,,Review,,,,B18-HK,
