index,record_id,batch,continent,zone,item_name,item_category,slot,equippable,inventory_only,magic,lore,no_drop,quest_item,weight,size,classes_classic,races_classic,stats_raw,damage,delay,weapon_skill,proc_click_focus,source_npc,source_npc_level,source_npc_class,source_npc_race_type,placeholder,placeholder_level_range,nearby_enemy_level_range,spawn_type,spawn_location,respawn_timer,time_condition,special_abilities,social_or_add_risk,faction_consequences,drop_frequency,drop_rate_reported,drop_notes,era_status,tlp_status,legends_status,best_for_classes,best_for_archetypes,general_value_notes,personal_build_notes,effect_transfer_value,target_priority_general,duplicate_item_group,inclusion_reason,source_scope,core_or_supplemental,data_confidence,source_primary,source_secondary,research_notes,approved,revision,stats_classic,stats_eql,classes_eql,races_eql,source_npc_level_classic,source_npc_level_eql,eql_verification_status,eql_audit_action,eql_npc_confirmed,eql_item_confirmed,eql_drop_source_confirmed,eql_stats_match,eql_classes_match,eql_races_match,eql_effect_match,eql_spawn_match,eql_era_status,eql_wiki_source,eql_official_source,eql_last_checked,eql_changes_summary,eql_verification_notes,official_override_status,official_source_checked,eql_wiki_listing_status,eql_wiki_verification_state,current_build_confirmed,evidence_grade,evidence_strength,conflict_status,classic_original_launch,classic_historical_era,last_directly_observed,primary_evidence_layer,per_field_provenance_notes,schema_version,record_type,record_status,source_record_id,canonical_record_id,parent_record_id,related_record_ids,display_default,searchable,record_notes,faction_risk_level,faction_hits_known,faction_gains_known,city_access_risk,merchant_access_risk,quest_access_risk,initial_disposition,protected_npc_type,faction_behavior_notes,creature_family,creature_subfamily,normalized_source_name,source_name_aliases,shared_loot_family,family_faction,family_hostility,family_zone_scope,source_variant_notes,zone_type,zone_subarea,zone_wing,zone_floor,camp_or_room,location_coordinates,location_description,navigation_notes,escape_or_exit_risk,environmental_hazards,encounter_name,encounter_type,encounter_tier,encounter_group_size,encounter_raid_size,encounter_difficulty,encounter_trigger,encounter_scripted,encounter_phases,encounter_adds,encounter_failure_condition,encounter_reset_behavior,encounter_notes,placeholder_npc,placeholder_cycle,spawn_probability,spawn_count,spawn_window,respawn_variance,despawn_condition,spawn_dependencies,spawn_guaranteed,spawn_mechanics_notes,instance_status,instance_type,instance_name,instance_entry_method,instance_reuse_timer,loot_lockout_type,loot_lockout_duration,lockout_scope,lockout_applies_per_npc,lockout_applies_per_instance,lockout_bypass_conditions,instance_notes,loot_delivery_method,loot_container_name,loot_table_name,loot_table_tier,loot_pool_type,loot_roll_type,loot_quantity_min,loot_quantity_max,loot_slots_reported,loot_selection_behavior,shared_loot_notes,currency_drop,loot_delivery_notes,drop_rate_type,drop_rate_numerator,drop_rate_denominator,drop_rate_sample_size,drop_rate_pool_probability,drop_rate_item_probability,drop_rate_source,drop_rate_confidence,drop_rate_conditions,access_requirement,access_key_item,access_key_consumed,access_quest,minimum_recommended_level,minimum_group_size,minimum_raid_size,class_role_requirements,door_or_lock_requirement,levitation_required,underwater_required,resist_requirements,corpse_recovery_difficulty,bind_or_reentry_notes,access_notes,encounter_hp,encounter_ac,damage_per_hit_min,damage_per_hit_max,attacks_per_round,aoe_effects,single_target_effects,debuffs,summons_players,enrages,rampage,flurry,banishes,mem_blur,charm,fear,death_touch,resist_profile,immunity_profile,combat_mechanics_notes,raid_target,raid_classification,raid_progression_role,raid_prerequisite,contested_status,racing_or_engagement_rules,racing_line,open_world_competition,recommended_composition,raid_notes,quest_name,quest_step,quest_role,epic_class,progression_category,required_for_access,required_for_spawn,required_for_turn_in,reward_type,quest_dependency_notes,content_availability,availability_context,availability_start,availability_end,availability_condition,beta_availability_status,launch_availability_status,instance_availability_status,compatibility_action,compatibility_reason,custom_tags,alternate_names,content_group_id,data_extension_json
1,B24B-UNDEAD-001,24B,Antonica,Lower Guk,Skull-shaped Barbute,Armor,HEAD,Yes,No,Yes,,,,5.0,SMALL,WAR CLR PAL SHD BRD,ALL,AC 13; HP +35; SV MAGIC +10,,,,,the ghoul lord,47,Shadowknight,Undead Froglok,Guk/Bok ghoul guards,,,,Ghoul Lord room,9:00 page-reported; conflicts with classic framework,,,,,,,,Classic / historical,,Current EQL Wiki-listed,,,,,,,,Notable exact-source undead-side equipment or container relationship.,Zone subdivision-specific,Core,High,https://eqlwiki.com/Category:Lower_Guk,https://wiki.project1999.com/Ruins_of_Old_Guk,,Yes,1,AC 13; HP +35; SV MAGIC +10,AC 13; HP +35; SV MAGIC +10,WAR CLR PAL SHD BRD,ALL,47,47,Current EQL Wiki-listed; direct-build confirmation incomplete,Add,Wiki,Wiki,Wiki,No identified change,No identified change,No identified change,No identified change,Encounter-specific page value / unresolved framework,Classic-retained,https://eqlwiki.com/Category:Lower_Guk,,2026-07-28,,,,Yes,Listed,Current Wiki evidence,No,B,Current EQL item/NPC evidence with classic Lower Guk comparison.,Major timer conflict,Yes,Classic,,Current EQL Wiki,Current fields from EQL Wiki; classic fields from Project 1999/classic baseline; undead-side placement audited separately from live side.,EQL-LOOT-1.0,loot,Active,,B24B-UNDEAD-001,,,Yes,Yes,,,Undead Frogloks of Guk -30,Frogloks of Guk +10,,,,Hostile,,,Undead Froglok,,the ghoul lord,,,Undead Frogloks of Guk,Hostile,Lower Guk — Undead Side,,Open-world indoor dungeon,Lord wing,,,Ghoul Lord room,,,,,,the ghoul lord,Named / notable undead-side source,,,,,,,,,,,Classic timer: Approximately 28 minutes.,Guk/Bok ghoul guards,,,,,,,,,,Open World,Open World,,,,,,,,,,,NPC Corpse,,,,,,,,,,,,,,,,,,,,,,,,,,,,,,,,,,,,,,,,,,,,,,,,,,,,,,,,,No,,,,,,,,,,,,,,,,,,,,Available,Lower Guk undead-side content group; live side excluded,,,,Confirmed,Unconfirmed,,,,,,B24B-LGUK-UNDEAD,
2,B24B-UNDEAD-002,24B,Antonica,Lower Guk,Short Sword of the Ykesha,Weapon,PRIMARY SECONDARY,Yes,No,Yes,,,,4.5,MEDIUM,WAR PAL RNG SHD BRD ROG,ALL,,9,24,1H Slashing,Proc: Ykesha (level 37),the ghoul lord,47,Shadowknight,Undead Froglok,Guk/Bok ghoul guards,,,,Ghoul Lord room,9:00 page-reported; conflicts with classic framework,,,,,,,,Classic / historical,,Current EQL Wiki-listed,,,Weapon ratio 0.375,,,,,Notable exact-source undead-side equipment or container relationship.,Zone subdivision-specific,Core,High,https://eqlwiki.com/Category:Lower_Guk,https://wiki.project1999.com/Ruins_of_Old_Guk,,Yes,1,,,WAR PAL RNG SHD BRD ROG,ALL,47,47,Current EQL Wiki-listed; direct-build confirmation incomplete,Add,Wiki,Wiki,Wiki,No identified change,No identified change,No identified change,No identified change,Encounter-specific page value / unresolved framework,Classic-retained,https://eqlwiki.com/Category:Lower_Guk,,2026-07-28,,,,Yes,Listed,Current Wiki evidence,No,B,Current EQL item/NPC evidence with classic Lower Guk comparison.,Major timer conflict,Yes,Classic,,Current EQL Wiki,Current fields from EQL Wiki; classic fields from Project 1999/classic baseline; undead-side placement audited separately from live side.,EQL-LOOT-1.0,loot,Active,,B24B-UNDEAD-002,,,Yes,Yes,,,Undead Frogloks of Guk -30,Frogloks of Guk +10,,,,Hostile,,,Undead Froglok,,the ghoul lord,,,Undead Frogloks of Guk,Hostile,Lower Guk — Undead Side,,Open-world indoor dungeon,Lord wing,,,Ghoul Lord room,,,,,,the ghoul lord,Named / notable undead-side source,,,,,,,,,,,Classic timer: Approximately 28 minutes.,Guk/Bok ghoul guards,,,,,,,,,,Open World,Open World,,,,,,,,,,,NPC Corpse,,,,,,,,,,,,,,,,,,,,,,,,,,,,,,,,,,,,,,,,,,,,,,,,,,,,,,,,,No,,,,,,,,,,,,,,,,,,,,Available,Lower Guk undead-side content group; live side excluded,,,,Confirmed,Unconfirmed,,,,,,B24B-LGUK-UNDEAD,
3,B24B-UNDEAD-003,24B,Antonica,Lower Guk,Shining Metallic Robes,Armor,CHEST,Yes,No,Yes,,,,3.5,MEDIUM,NEC WIZ MAG ENC,ALL,AC 10; INT +9; SV FIRE +8; SV COLD +8,,,,Focus: Spell Haste II,the ghoul arch magi,45,Wizard,Undead Froglok,Jin Ghoul Wizard / Kor Ghoul Wizard,,,,Arch Magi room,,,,,,,,,Classic / historical,,Current EQL Wiki-listed,,,,,,,,Notable exact-source undead-side equipment or container relationship.,Zone subdivision-specific,Core,High,https://eqlwiki.com/Category:Lower_Guk,https://wiki.project1999.com/Ruins_of_Old_Guk,,Yes,1,AC 10; INT +9; SV FIRE +8; SV COLD +8,AC 10; INT +9; SV FIRE +8; SV COLD +8,NEC WIZ MAG ENC,ALL,45,45,Current EQL Wiki-listed; direct-build confirmation incomplete,Add,Wiki,Wiki,Wiki,Changed or newly surfaced,No identified change,No identified change,Changed,Encounter-specific page value / unresolved framework,Classic-retained with EQL changes,https://eqlwiki.com/Category:Lower_Guk,,2026-07-28,EQL focus addition: Spell Haste II.,,,Yes,Listed,Current Wiki evidence,No,B,Current EQL item/NPC evidence with classic Lower Guk comparison.,None identified,Yes,Classic,,Current EQL Wiki,Current fields from EQL Wiki; classic fields from Project 1999/classic baseline; undead-side placement audited separately from live side.,EQL-LOOT-1.0,loot,Active,,B24B-UNDEAD-003,,,Yes,Yes,,,Undead Frogloks of Guk -30,Frogloks of Guk +10,,,,Hostile,,,Undead Froglok,,the ghoul arch magi,,,Undead Frogloks of Guk,Hostile,Lower Guk — Undead Side,,Open-world indoor dungeon,Magi branch,,,Arch Magi room,,,,,,the ghoul arch magi,Named / notable undead-side source,,,,,,,,,,,,Jin Ghoul Wizard / Kor Ghoul Wizard,,,,,,,,,,Open World,Open World,,,,,,,,,,,NPC Corpse,,,,,,,,,,,,,,,,,,,,,,,,,,,,,,,,,,,,,,,,,,,,,,,,,,,,,,,,,No,,,,,,,,,,Enchanter Epic; Rogue Epic; Shiny Robe of the Underfoot,,Later quest dependencies; drop relationship stored separately,,,,,,,,Available,Lower Guk undead-side content group; live side excluded,,,,Confirmed,Unconfirmed,,,,,,B24B-LGUK-UNDEAD,
4,B24B-UNDEAD-004,24B,Antonica,Lower Guk,Silversilk Leggings,Armor,LEGS,Yes,No,Yes,,,,0.7,MEDIUM,CLR DRU BRD SHM NEC WIZ MAG ENC,ALL,AC 4; AGI +4; HP +12,,,,,the ghoul arch magi,45,Wizard,Undead Froglok,Jin Ghoul Wizard / Kor Ghoul Wizard,,,,Arch Magi room,,,,,,,,,Classic / historical,,Current EQL Wiki-listed,,,,,,,,Notable exact-source undead-side equipment or container relationship.,Zone subdivision-specific,Core,High,https://eqlwiki.com/Category:Lower_Guk,https://wiki.project1999.com/Ruins_of_Old_Guk,,Yes,1,AC 4; AGI +4; HP +12,AC 4; AGI +4; HP +12,CLR DRU BRD SHM NEC WIZ MAG ENC,ALL,45,45,Current EQL Wiki-listed; direct-build confirmation incomplete,Add,Wiki,Wiki,Wiki,No identified change,No identified change,No identified change,No identified change,Encounter-specific page value / unresolved framework,Classic-retained,https://eqlwiki.com/Category:Lower_Guk,,2026-07-28,,,,Yes,Listed,Current Wiki evidence,No,B,Current EQL item/NPC evidence with classic Lower Guk comparison.,None identified,Yes,Classic,,Current EQL Wiki,Current fields from EQL Wiki; classic fields from Project 1999/classic baseline; undead-side placement audited separately from live side.,EQL-LOOT-1.0,loot,Active,,B24B-UNDEAD-004,,,Yes,Yes,,,Undead Frogloks of Guk -30,Frogloks of Guk +10,,,,Hostile,,,Undead Froglok,,the ghoul arch magi,,,Undead Frogloks of Guk,Hostile,Lower Guk — Undead Side,,Open-world indoor dungeon,Magi branch,,,Arch Magi room,,,,,,the ghoul arch magi,Named / notable undead-side source,,,,,,,,,,,,Jin Ghoul Wizard / Kor Ghoul Wizard,,,,,,,,,,Open World,Open World,,,,,,,,,,,NPC Corpse,,,,,,,,,,,,,,,,,,,,,,,,,,,,,,,,,,,,,,,,,,,,,,,,,,,,,,,,,No,,,,,,,,,,,,,,,,,,,,Available,Lower Guk undead-side content group; live side excluded,,,,Confirmed,Unconfirmed,,,,,,B24B-LGUK-UNDEAD,
5,B24B-UNDEAD-005,24B,Antonica,Lower Guk,Flowing Black Silk Sash,Armor,WAIST,Yes,No,Yes,Yes,,,0.1,SMALL,ALL,ALL,HASTE +21%,,,,,a frenzied ghoul,42,Warrior,Undead Froglok,,,,,Frenzied room,28:00 page-reported,,,,,,,,Classic / historical,,Current EQL Wiki-listed,,,,,,,,Notable exact-source undead-side equipment or container relationship.,Zone subdivision-specific,Core,High,https://eqlwiki.com/Category:Lower_Guk,https://wiki.project1999.com/Ruins_of_Old_Guk,,Yes,1,HASTE +21%,HASTE +21%,ALL,ALL,42,42,Current EQL Wiki-listed; direct-build confirmation incomplete,Add,Wiki,Wiki,Wiki,No identified change,No identified change,No identified change,No identified change,Encounter-specific page value / unresolved framework,Classic-retained,https://eqlwiki.com/Category:Lower_Guk,,2026-07-28,,,,Yes,Listed,Current Wiki evidence,No,B,Current EQL item/NPC evidence with classic Lower Guk comparison.,None identified,Yes,Classic,,Current EQL Wiki,Current fields from EQL Wiki; classic fields from Project 1999/classic baseline; undead-side placement audited separately from live side.,EQL-LOOT-1.0,loot,Active,,B24B-UNDEAD-005,,,Yes,Yes,,,Undead Frogloks of Guk -30,Frogloks of Guk +10,,,,Hostile,,,Undead Froglok,,a frenzied ghoul,,,Undead Frogloks of Guk,Hostile,Lower Guk — Undead Side,,Open-world indoor dungeon,Frenzied branch,,,Frenzied room,,,,,,a frenzied ghoul,Named / notable undead-side source,,,,,,,,,,,Classic timer: Approximately 28 minutes.,,,,,,,,,,,Open World,Open World,,,,,,,,,,,NPC Corpse,,,,,,,,,,,,,,,,,,,,,,,,,,,,,,,,,,,,,,,,,,,,,,,,,,,,,,,,,No,,,,,,,,,,,,,,,,,,,,Available,Lower Guk undead-side content group; live side excluded,,,,Confirmed,Unconfirmed,,,,,,B24B-LGUK-UNDEAD,
6,B24B-UNDEAD-006,24B,Antonica,Lower Guk,Moonstone Ring,Jewelry,FINGER,Yes,No,Yes,,,,0.1,TINY,ALL,ALL,STR +3; MANA +30,,,,Focus: Extended Range II,a frenzied ghoul,42,Warrior,Undead Froglok,,,,,Frenzied room,28:00 page-reported,,,,,,,,Classic / historical,,Current EQL Wiki-listed,,,,,,,,Notable exact-source undead-side equipment or container relationship.,Zone subdivision-specific,Core,High,https://eqlwiki.com/Category:Lower_Guk,https://wiki.project1999.com/Ruins_of_Old_Guk,,Yes,1,STR +3; MANA +30,STR +3; MANA +30,ALL,ALL,42,42,Current EQL Wiki-listed; direct-build confirmation incomplete,Add,Wiki,Wiki,Wiki,Changed or newly surfaced,No identified change,No identified change,Changed,Encounter-specific page value / unresolved framework,Classic-retained with EQL changes,https://eqlwiki.com/Category:Lower_Guk,,2026-07-28,EQL focus addition: Extended Range II.,,,Yes,Listed,Current Wiki evidence,No,B,Current EQL item/NPC evidence with classic Lower Guk comparison.,None identified,Yes,Classic,,Current EQL Wiki,Current fields from EQL Wiki; classic fields from Project 1999/classic baseline; undead-side placement audited separately from live side.,EQL-LOOT-1.0,loot,Active,,B24B-UNDEAD-006,,,Yes,Yes,,,Undead Frogloks of Guk -30,Frogloks of Guk +10,,,,Hostile,,,Undead Froglok,,a frenzied ghoul,,,Undead Frogloks of Guk,Hostile,Lower Guk — Undead Side,,Open-world indoor dungeon,Frenzied branch,,,Frenzied room,,,,,,a frenzied ghoul,Named / notable undead-side source,,,,,,,,,,,Classic timer: Approximately 28 minutes.,,,,,,,,,,,Open World,Open World,,,,,,,,,,,NPC Corpse,,,,,,,,,,,,,,,,,,,,,,,,,,,,,,,,,,,,,,,,,,,,,,,,,,,,,,,,,No,,,,,,,,,,,,,,,,,,,,Available,Lower Guk undead-side content group; live side excluded,,,,Confirmed,Unconfirmed,,,,,,B24B-LGUK-UNDEAD,
7,B24B-UNDEAD-007,24B,Antonica,Lower Guk,Adamantite Band,Jewelry,FINGER,Yes,No,Yes,,,,0.1,TINY,ALL,ALL,HP +75; SV MAGIC -10,,,,Focus: Summoning Haste I,a reanimated hand,39-41,Wizard,Reanimated Hand,,,,,Reanimated Hand room,,,,,,,,,Classic / historical,,Current EQL Wiki-listed,,,,,,,,Notable exact-source undead-side equipment or container relationship.,Zone subdivision-specific,Core,High,https://eqlwiki.com/Category:Lower_Guk,https://wiki.project1999.com/Ruins_of_Old_Guk,,Yes,1,HP +75; SV MAGIC -10,HP +75; SV MAGIC -10,ALL,ALL,39-41,39-41,Current EQL Wiki-listed; direct-build confirmation incomplete,Add,Wiki,Wiki,Wiki,Changed or newly surfaced,No identified change,No identified change,Changed,,Classic-retained with EQL changes,https://eqlwiki.com/Category:Lower_Guk,,2026-07-28,EQL focus addition: Summoning Haste I.,,,Yes,Listed,Current Wiki evidence,No,B,Current EQL item/NPC evidence with classic Lower Guk comparison.,None identified,Yes,Classic,,Current EQL Wiki,Current fields from EQL Wiki; classic fields from Project 1999/classic baseline; undead-side placement audited separately from live side.,EQL-LOOT-1.0,loot,Active,,B24B-UNDEAD-007,,,Yes,Yes,,,Undead Frogloks of Guk -30,Frogloks of Guk +10,,,,Hostile,,,Reanimated Hand,,a reanimated hand,,,Undead Frogloks of Guk,Hostile,Lower Guk — Undead Side,,Open-world indoor dungeon,Hand branch,,,Reanimated Hand room,,,,,,a reanimated hand,Named / notable undead-side source,,,,,,,,,,,,,,,,,,,,,,Open World,Open World,,,,,,,,,,,NPC Corpse,,,,,,,,,,,,,,,,,,,,,,,,,,,,,,,,,,,,,,,,,,,,,,,,,,,,,,,,,No,,,,,,,,,,Call of Flame,,Later quest dependency,,,,,,,,Available,Lower Guk undead-side content group; live side excluded,,,,Confirmed,Unconfirmed,,,,,,B24B-LGUK-UNDEAD,
8,B24B-UNDEAD-008,24B,Antonica,Lower Guk,Embroidered Black Sleeves,Armor,ARMS,Yes,No,Yes,,,,0.4,SMALL,CLR DRU BRD SHM NEC WIZ MAG ENC,ALL,AC 4; HP +10; MANA +25,,,,Focus: Summoning Efficiency II,a ghoul ritualist,34,Necromancer,Undead Froglok,,,,,Ritualist room,Approximately 28 minutes,,,,,,,,Classic / historical,,Current EQL Wiki-listed,,,,,,,,Notable exact-source undead-side equipment or container relationship.,Zone subdivision-specific,Core,High,https://eqlwiki.com/Category:Lower_Guk,https://wiki.project1999.com/Ruins_of_Old_Guk,,Yes,1,AC 4; HP +10; MANA +25,AC 4; HP +10; MANA +25,CLR DRU BRD SHM NEC WIZ MAG ENC,ALL,34,34,Current EQL Wiki-listed; direct-build confirmation incomplete,Add,Wiki,Wiki,Wiki,Changed or newly surfaced,No identified change,No identified change,Changed,,Classic-retained with EQL changes,https://eqlwiki.com/Category:Lower_Guk,,2026-07-28,EQL focus addition: Summoning Efficiency II.,,,Yes,Listed,Current Wiki evidence,No,B,Current EQL item/NPC evidence with classic Lower Guk comparison.,None identified,Yes,Classic,,Current EQL Wiki,Current fields from EQL Wiki; classic fields from Project 1999/classic baseline; undead-side placement audited separately from live side.,EQL-LOOT-1.0,loot,Active,,B24B-UNDEAD-008,,,Yes,Yes,,,Undead Frogloks of Guk -30,Frogloks of Guk +10,,,,Hostile,,,Undead Froglok,,a ghoul ritualist,,,Undead Frogloks of Guk,Hostile,Lower Guk — Undead Side,,Open-world indoor dungeon,Ritualist branch,,,Ritualist room,,,,,,a ghoul ritualist,Named / notable undead-side source,,,,,,,,,,,Classic timer: Approximately 28 minutes.,,,,,,,,,,,Open World,Open World,,,,,,,,,,,NPC Corpse,,,,,,,,,,,,,,,,,,,,,,,,,,,,,,,,,,,,,,,,,,,,,,,,,,,,,,,,,No,,,,,,,,,,,,,,,,,,,,Available,Lower Guk undead-side content group; live side excluded,,,,Confirmed,Unconfirmed,,,,,,B24B-LGUK-UNDEAD,
9,B24B-UNDEAD-009,24B,Antonica,Lower Guk,Embroidered Black Cape,Armor,SHOULDERS,Yes,No,Yes,,,,0.3,SMALL,CLR DRU BRD SHM NEC WIZ MAG ENC,ALL,AC 4; HP +15; MANA +20,,,,,a ghoul ritualist,34,Necromancer,Undead Froglok,,,,,Ritualist room,Approximately 28 minutes,,,,,,,,Classic / historical,,Current EQL Wiki-listed,,,,,,,,Notable exact-source undead-side equipment or container relationship.,Zone subdivision-specific,Core,High,https://eqlwiki.com/Category:Lower_Guk,https://wiki.project1999.com/Ruins_of_Old_Guk,,Yes,1,AC 4; HP +15; MANA +20,AC 4; HP +15; MANA +20,CLR DRU BRD SHM NEC WIZ MAG ENC,ALL,34,34,Current EQL Wiki-listed; direct-build confirmation incomplete,Add,Wiki,Wiki,Wiki,No identified change,No identified change,No identified change,No identified change,,Classic-retained,https://eqlwiki.com/Category:Lower_Guk,,2026-07-28,,,,Yes,Listed,Current Wiki evidence,No,B,Current EQL item/NPC evidence with classic Lower Guk comparison.,None identified,Yes,Classic,,Current EQL Wiki,Current fields from EQL Wiki; classic fields from Project 1999/classic baseline; undead-side placement audited separately from live side.,EQL-LOOT-1.0,loot,Active,,B24B-UNDEAD-009,,,Yes,Yes,,,Undead Frogloks of Guk -30,Frogloks of Guk +10,,,,Hostile,,,Undead Froglok,,a ghoul ritualist,,,Undead Frogloks of Guk,Hostile,Lower Guk — Undead Side,,Open-world indoor dungeon,Ritualist branch,,,Ritualist room,,,,,,a ghoul ritualist,Named / notable undead-side source,,,,,,,,,,,Classic timer: Approximately 28 minutes.,,,,,,,,,,,Open World,Open World,,,,,,,,,,,NPC Corpse,,,,,,,,,,,,,,,,,,,,,,,,,,,,,,,,,,,,,,,,,,,,,,,,,,,,,,,,,No,,,,,,,,,,,,,,,,,,,,Available,Lower Guk undead-side content group; live side excluded,,,,Confirmed,Unconfirmed,,,,,,B24B-LGUK-UNDEAD,
10,B24B-UNDEAD-010,24B,Antonica,Lower Guk,Dark Mail Gauntlets,Armor,HANDS,Yes,No,Yes,,,,4.5,SMALL,WAR PAL RNG SHD BRD ROG,ALL,AC 10; DEX +5; MANA +50,,,,,a ghoul sentinel,42,Warrior,Undead Froglok,,,,,Ghoul Sentinel hallway,,,,,,,,,Classic / historical,,Current EQL Wiki-listed,,,,,,,,Notable exact-source undead-side equipment or container relationship.,Zone subdivision-specific,Core,High,https://eqlwiki.com/Category:Lower_Guk,https://wiki.project1999.com/Ruins_of_Old_Guk,,Yes,1,AC 10; DEX +5; MANA +50,AC 10; DEX +5; MANA +50,WAR PAL RNG SHD BRD ROG,ALL,42,42,Current EQL Wiki-listed; direct-build confirmation incomplete,Add,Wiki,Wiki,Wiki,No identified change,No identified change,No identified change,No identified change,,Classic-retained,https://eqlwiki.com/Category:Lower_Guk,,2026-07-28,,,,Yes,Listed,Current Wiki evidence,No,B,Current EQL item/NPC evidence with classic Lower Guk comparison.,None identified,Yes,Classic,,Current EQL Wiki,Current fields from EQL Wiki; classic fields from Project 1999/classic baseline; undead-side placement audited separately from live side.,EQL-LOOT-1.0,loot,Active,,B24B-UNDEAD-010,,,Yes,Yes,,,Undead Frogloks of Guk -30,Frogloks of Guk +10,,,,Hostile,,,Undead Froglok,,a ghoul sentinel,,,Undead Frogloks of Guk,Hostile,Lower Guk — Undead Side,,Open-world indoor dungeon,Sentinel branch,,,Ghoul Sentinel hallway,,,,,,a ghoul sentinel,Named / notable undead-side source,,,,,,,,,,,,,,,,,,,,,,Open World,Open World,,,,,,,,,,,NPC Corpse,,,,,,,,,,,,,,,,,,,,,,,,,,,,,,,,,,,,,,,,,,,,,,,,,,,,,,,,,No,,,,,,,,,,,,,,,,,,,,Available,Lower Guk undead-side content group; live side excluded,,,,Confirmed,Unconfirmed,,,,,,B24B-LGUK-UNDEAD,
11,B24B-UNDEAD-011,24B,Antonica,Lower Guk,Brigandine Tunic,Armor,CHEST,Yes,No,Yes,,,,6.5,MEDIUM,WAR CLR PAL RNG SHD BRD ROG SHM,ALL,AC 17; ENDURANCE +10; STR +7; STA +4,,,,,a ghoul sentinel,42,Warrior,Undead Froglok,,,,,Ghoul Sentinel hallway,,,,,,,,,Classic / historical,,Current EQL Wiki-listed,,,,,,,,Notable exact-source undead-side equipment or container relationship.,Zone subdivision-specific,Core,High,https://eqlwiki.com/Category:Lower_Guk,https://wiki.project1999.com/Ruins_of_Old_Guk,,Yes,1,AC 17; STR +7; STA +4,AC 17; ENDURANCE +10; STR +7; STA +4,WAR CLR PAL RNG SHD BRD ROG SHM,ALL,42,42,Current EQL Wiki-listed; direct-build confirmation incomplete,Add,Wiki,Wiki,Wiki,Changed or newly surfaced,No identified change,No identified change,No identified change,,Classic-retained with EQL changes,https://eqlwiki.com/Category:Lower_Guk,,2026-07-28,Current EQL item includes Endurance +10.,,,Yes,Listed,Current Wiki evidence,No,B,Current EQL item/NPC evidence with classic Lower Guk comparison.,None identified,Yes,Classic,,Current EQL Wiki,Current fields from EQL Wiki; classic fields from Project 1999/classic baseline; undead-side placement audited separately from live side.,EQL-LOOT-1.0,loot,Active,,B24B-UNDEAD-011,,,Yes,Yes,,,Undead Frogloks of Guk -30,Frogloks of Guk +10,,,,Hostile,,,Undead Froglok,,a ghoul sentinel,,,Undead Frogloks of Guk,Hostile,Lower Guk — Undead Side,,Open-world indoor dungeon,Sentinel branch,,,Ghoul Sentinel hallway,,,,,,a ghoul sentinel,Named / notable undead-side source,,,,,,,,,,,,,,,,,,,,,,Open World,Open World,,,,,,,,,,,NPC Corpse,,,,,,,,,,,,,,,,,,,,,,,,,,,,,,,,,,,,,,,,,,,,,,,,,,,,,,,,,No,,,,,,,,,,,,,,,,,,,,Available,Lower Guk undead-side content group; live side excluded,,,,Confirmed,Unconfirmed,,,,,,B24B-LGUK-UNDEAD,
12,B24B-UNDEAD-012,24B,Antonica,Lower Guk,Serrated Bone Dirk,Weapon,PRIMARY SECONDARY,Yes,No,Yes,,,,2.0,SMALL,ROG,ALL,,8,27,Piercing,Proc: Engulfing Darkness (level 27),a ghoul assassin,35,Rogue,Undead Froglok,Wan Ghoul Knight,,,,Assassin and Supplier storeroom,28:00 page-reported,,,,,,,,Classic / historical,,Current EQL Wiki-listed,,,Weapon ratio 0.296,,,,,Notable exact-source undead-side equipment or container relationship.,Zone subdivision-specific,Core,High,https://eqlwiki.com/Category:Lower_Guk,https://wiki.project1999.com/Ruins_of_Old_Guk,,Yes,1,,,ROG,ALL,35,35,Current EQL Wiki-listed; direct-build confirmation incomplete,Add,Wiki,Wiki,Wiki,Changed or newly surfaced,No identified change,No identified change,No identified change,Encounter-specific page value / unresolved framework,Classic-retained with EQL changes,https://eqlwiki.com/Category:Lower_Guk,,2026-07-28,Backstab +8 remains disputed and is not canonicalized.,,,Yes,Listed,Current Wiki evidence,No,B,Current EQL item/NPC evidence with classic Lower Guk comparison.,Backstab +8 appears on NPC table but not dedicated item page.,Yes,Classic,,Current EQL Wiki,Current fields from EQL Wiki; classic fields from Project 1999/classic baseline; undead-side placement audited separately from live side.,EQL-LOOT-1.0,loot,Active,,B24B-UNDEAD-012,,,Yes,Yes,,,Undead Frogloks of Guk -30,Frogloks of Guk +10,,,,Hostile,,,Undead Froglok,,a ghoul assassin,,,Undead Frogloks of Guk,Hostile,Lower Guk — Undead Side,,Open-world indoor dungeon,Assassin/Supplier branch,,,Assassin and Supplier storeroom,,,,,,a ghoul assassin,Named / notable undead-side source,,,,,,,,,,,Classic timer: Approximately 28 minutes.,Wan Ghoul Knight,,,,,,,,,,Open World,Open World,,,,,,,,,,,NPC Corpse,,,,,,,,,,,,,,,,,,,,,,,,,,,,,,,,,,,,,,,,,,,,,,,,,,,,,,,,,No,,,,,,,,,,,,,,,,,,,,Available,Lower Guk undead-side content group; live side excluded,,,,Confirmed,Unconfirmed,,,,,,B24B-LGUK-UNDEAD,
13,B24B-UNDEAD-013,24B,Antonica,Lower Guk,Thick Banded Belt,Armor,WAIST,Yes,No,Yes,,,,0.5,SMALL,ALL,ALL,AC 8; STR +15,,,,,a ghoul supplier,36,Warrior,Undead Froglok,Wan Ghoul Knight,,,,Assassin and Supplier storeroom,9:27 page-reported; conflicts with Assassin in same room,,,,,,,,Classic / historical,,Current EQL Wiki-listed,,,,,,,,Notable exact-source undead-side equipment or container relationship.,Zone subdivision-specific,Core,High,https://eqlwiki.com/Category:Lower_Guk,https://wiki.project1999.com/Ruins_of_Old_Guk,,Yes,1,AC 8; STR +15,AC 8; STR +15,ALL,ALL,36,36,Current EQL Wiki-listed; direct-build confirmation incomplete,Add,Wiki,Wiki,Wiki,Changed or newly surfaced,No identified change,No identified change,No identified change,Encounter-specific page value / unresolved framework,Classic-retained with EQL changes,https://eqlwiki.com/Category:Lower_Guk,,2026-07-28,Current page labels item Attunable; property retained in EQL change notes.,,,Yes,Listed,Current Wiki evidence,No,B,Current EQL item/NPC evidence with classic Lower Guk comparison.,Shared-room timer discrepancy,Yes,Classic,,Current EQL Wiki,Current fields from EQL Wiki; classic fields from Project 1999/classic baseline; undead-side placement audited separately from live side.,EQL-LOOT-1.0,loot,Active,,B24B-UNDEAD-013,,,Yes,Yes,,,Undead Frogloks of Guk -30,Frogloks of Guk +10,,,,Hostile,,,Undead Froglok,,a ghoul supplier,,,Undead Frogloks of Guk,Hostile,Lower Guk — Undead Side,,Open-world indoor dungeon,Assassin/Supplier branch,,,Assassin and Supplier storeroom,,,,,,a ghoul supplier,Named / notable undead-side source,,,,,,,,,,,Classic timer: Approximately 28 minutes.,Wan Ghoul Knight,,,,,,,,,,Open World,Open World,,,,,,,,,,,NPC Corpse,,,,,,,,,,,,,,,,,,,,,,,,,,,,,,,,,,,,,,,,,,,,,,,,,,,,,,,,,No,,,,,,,,,,,,,,,,,,,,Available,Lower Guk undead-side content group; live side excluded,,,,Confirmed,Unconfirmed,,,,,,B24B-LGUK-UNDEAD,
14,B24B-UNDEAD-014,24B,Antonica,Lower Guk,Enameled Black Chestplate,Armor,CHEST,Yes,No,Yes,,,,10.0,LARGE,WAR CLR PAL SHD BRD,ALL except IKS,AC 25,,,,,a ghoul savant,35,Cleric,Undead Froglok,,,,,Ghoul Savant room,,,,,,,,,Classic / historical,,Current EQL Wiki-listed,,,,,,,,Notable exact-source undead-side equipment or container relationship.,Zone subdivision-specific,Core,High,https://eqlwiki.com/Category:Lower_Guk,https://wiki.project1999.com/Ruins_of_Old_Guk,,Yes,1,AC 25,AC 25,WAR CLR PAL SHD BRD,ALL except IKS,35,35,Current EQL Wiki-listed; direct-build confirmation incomplete,Add,Wiki,Wiki,Wiki,No identified change,No identified change,No identified change,No identified change,,Classic-retained,https://eqlwiki.com/Category:Lower_Guk,,2026-07-28,,,,Yes,Listed,Current Wiki evidence,No,B,Current EQL item/NPC evidence with classic Lower Guk comparison.,None identified,Yes,Classic,,Current EQL Wiki,Current fields from EQL Wiki; classic fields from Project 1999/classic baseline; undead-side placement audited separately from live side.,EQL-LOOT-1.0,loot,Active,,B24B-UNDEAD-014,,,Yes,Yes,,,Undead Frogloks of Guk -30,Frogloks of Guk +10,,,,Hostile,,,Undead Froglok,,a ghoul savant,,,Undead Frogloks of Guk,Hostile,Lower Guk — Undead Side,,Open-world indoor dungeon,Dead tower,,,Ghoul Savant room,,,,,,a ghoul savant,Named / notable undead-side source,,,,,,,,,,,,,,,,,,,,,,Open World,Open World,,,,,,,,,,,NPC Corpse,,,,,,,,,,,,,,,,,,,,,,,,,,,,,,,,,,,,,,,,,,,,,,,,,,,,,,,,,No,,,,,,,,,,,,,,,,,,,,Available,Lower Guk undead-side content group; live side excluded,,,,Confirmed,Unconfirmed,,,,,,B24B-LGUK-UNDEAD,
15,B24B-UNDEAD-015,24B,Antonica,Lower Guk,Enameled Black Mace,Weapon,PRIMARY SECONDARY,Yes,No,Yes,,,,4.5,MEDIUM,ALL except NEC WIZ MAG ENC,ALL,,8,28,1H Blunt,,a ghoul savant,35,Cleric,Undead Froglok,,,,,Ghoul Savant room,,,,,,,,,Classic / historical,,Current EQL Wiki-listed,,,Weapon ratio 0.286,,,,,Notable exact-source undead-side equipment or container relationship.,Zone subdivision-specific,Core,High,https://eqlwiki.com/Category:Lower_Guk,https://wiki.project1999.com/Ruins_of_Old_Guk,,Yes,1,,,ALL except NEC WIZ MAG ENC,ALL,35,35,Current EQL Wiki-listed; direct-build confirmation incomplete,Add,Wiki,Wiki,Wiki,No identified change,No identified change,No identified change,No identified change,,Classic-retained,https://eqlwiki.com/Category:Lower_Guk,,2026-07-28,,,,Yes,Listed,Current Wiki evidence,No,B,Current EQL item/NPC evidence with classic Lower Guk comparison.,None identified,Yes,Classic,,Current EQL Wiki,Current fields from EQL Wiki; classic fields from Project 1999/classic baseline; undead-side placement audited separately from live side.,EQL-LOOT-1.0,loot,Active,,B24B-UNDEAD-015,,,Yes,Yes,,,Undead Frogloks of Guk -30,Frogloks of Guk +10,,,,Hostile,,,Undead Froglok,,a ghoul savant,,,Undead Frogloks of Guk,Hostile,Lower Guk — Undead Side,,Open-world indoor dungeon,Dead tower,,,Ghoul Savant room,,,,,,a ghoul savant,Named / notable undead-side source,,,,,,,,,,,,,,,,,,,,,,Open World,Open World,,,,,,,,,,,NPC Corpse,,,,,,,,,,,,,,,,,,,,,,,,,,,,,,,,,,,,,,,,,,,,,,,,,,,,,,,,,No,,,,,,,,,,,,,,,,,,,,Available,Lower Guk undead-side content group; live side excluded,,,,Confirmed,Unconfirmed,,,,,,B24B-LGUK-UNDEAD,
16,B24B-UNDEAD-016,24B,Antonica,Lower Guk,Adamantite Epaulets,Armor,SHOULDERS,Yes,No,Yes,,,,4.5,SMALL,WAR CLR PAL SHD BRD,ALL,AC 9; WIS +7,,,,,a ghoul cavalier,36,Shadowknight,Undead Froglok,,,,,Ghoul Cavalier room,,,,,,,,,Classic / historical,,Current EQL Wiki-listed,,,,,,,,Notable exact-source undead-side equipment or container relationship.,Zone subdivision-specific,Core,High,https://eqlwiki.com/Category:Lower_Guk,https://wiki.project1999.com/Ruins_of_Old_Guk,,Yes,1,AC 9; WIS +7,AC 9; WIS +7,WAR CLR PAL SHD BRD,ALL,36,36,Current EQL Wiki-listed; direct-build confirmation incomplete,Add,Wiki,Wiki,Wiki,No identified change,No identified change,No identified change,No identified change,,Classic-retained,https://eqlwiki.com/Category:Lower_Guk,,2026-07-28,,,,Yes,Listed,Current Wiki evidence,No,B,Current EQL item/NPC evidence with classic Lower Guk comparison.,None identified,Yes,Classic,,Current EQL Wiki,Current fields from EQL Wiki; classic fields from Project 1999/classic baseline; undead-side placement audited separately from live side.,EQL-LOOT-1.0,loot,Active,,B24B-UNDEAD-016,,,Yes,Yes,,,Undead Frogloks of Guk -30,Frogloks of Guk +10,,,,Hostile,,,Undead Froglok,,a ghoul cavalier,,,Undead Frogloks of Guk,Hostile,Lower Guk — Undead Side,,Open-world indoor dungeon,Dead tower,,,Ghoul Cavalier room,,,,,,a ghoul cavalier,Named / notable undead-side source,,,,,,,,,,,,,,,,,,,,,,Open World,Open World,,,,,,,,,,,NPC Corpse,,,,,,,,,,,,,,,,,,,,,,,,,,,,,,,,,,,,,,,,,,,,,,,,,,,,,,,,,No,,,,,,,,,,,,,,,,,,,,Available,Lower Guk undead-side content group; live side excluded,,,,Confirmed,Unconfirmed,,,,,,B24B-LGUK-UNDEAD,
17,B24B-UNDEAD-017,24B,Antonica,Lower Guk,A Dark Reaver,Weapon,PRIMARY,Yes,No,Yes,Yes,,,9.5,LARGE,SHD,ALL,,20,42,2H Slashing,Proc: Steal Strength (level 30),a ghoul cavalier,36,Shadowknight,Undead Froglok,,,,,Ghoul Cavalier room,,,,,,,,,Classic / historical,,Current EQL Wiki-listed,,,Weapon ratio 0.476,,,,,Notable exact-source undead-side equipment or container relationship.,Zone subdivision-specific,Core,High,https://eqlwiki.com/Category:Lower_Guk,https://wiki.project1999.com/Ruins_of_Old_Guk,,Yes,1,,,SHD,ALL,36,36,Current EQL Wiki-listed; direct-build confirmation incomplete,Add,Wiki,Wiki,Wiki,No identified change,No identified change,No identified change,No identified change,,Classic-retained,https://eqlwiki.com/Category:Lower_Guk,,2026-07-28,,,,Yes,Listed,Current Wiki evidence,No,B,Current EQL item/NPC evidence with classic Lower Guk comparison.,None identified,Yes,Classic,,Current EQL Wiki,Current fields from EQL Wiki; classic fields from Project 1999/classic baseline; undead-side placement audited separately from live side.,EQL-LOOT-1.0,loot,Active,,B24B-UNDEAD-017,,,Yes,Yes,,,Undead Frogloks of Guk -30,Frogloks of Guk +10,,,,Hostile,,,Undead Froglok,,a ghoul cavalier,,,Undead Frogloks of Guk,Hostile,Lower Guk — Undead Side,,Open-world indoor dungeon,Dead tower,,,Ghoul Cavalier room,,,,,,a ghoul cavalier,Named / notable undead-side source,,,,,,,,,,,,,,,,,,,,,,Open World,Open World,,,,,,,,,,,NPC Corpse,,,,,,,,,,,,,,,,,,,,,,,,,,,,,,,,,,,,,,,,,,,,,,,,,,,,,,,,,No,,,,,,,,,,,,,,,,,,,,Available,Lower Guk undead-side content group; live side excluded,,,,Confirmed,Unconfirmed,,,,,,B24B-LGUK-UNDEAD,
18,B24B-UNDEAD-018,24B,Antonica,Lower Guk,Braided Cinch Cord,Armor,WAIST,Yes,No,Yes,,,,0.2,SMALL,NEC WIZ MAG ENC,HUM ERU HIE DEF GNM,AC 2; INT +4; HP +8,,,,,a ghoul sage,37,Wizard,Undead Froglok,,,,,Ghoul Sage room,,,,,,,,,Classic / historical,,Current EQL Wiki-listed,,,,,,,,Notable exact-source undead-side equipment or container relationship.,Zone subdivision-specific,Core,High,https://eqlwiki.com/Category:Lower_Guk,https://wiki.project1999.com/Ruins_of_Old_Guk,,Yes,1,AC 2; INT +4; HP +8,AC 2; INT +4; HP +8,NEC WIZ MAG ENC,HUM ERU HIE DEF GNM IKS,37,37,Current EQL Wiki-listed; direct-build confirmation incomplete,Add,Wiki,Wiki,Wiki,Changed or newly surfaced,No identified change,Changed,No identified change,,Classic-retained with EQL changes,https://eqlwiki.com/Category:Lower_Guk,,2026-07-28,Current item data includes Iksar eligibility; race availability remains later-era.,,,Yes,Listed,Current Wiki evidence,No,B,Current EQL item/NPC evidence with classic Lower Guk comparison.,None identified,Yes,Classic,,Current EQL Wiki,Current fields from EQL Wiki; classic fields from Project 1999/classic baseline; undead-side placement audited separately from live side.,EQL-LOOT-1.0,loot,Active,,B24B-UNDEAD-018,,,Yes,Yes,,,Undead Frogloks of Guk -30,Frogloks of Guk +10,,,,Hostile,,,Undead Froglok,,a ghoul sage,,,Undead Frogloks of Guk,Hostile,Lower Guk — Undead Side,,Open-world indoor dungeon,Sage/Scribe branch,,,Ghoul Sage room,,,,,,a ghoul sage,Named / notable undead-side source,,,,,,,,,,,,,,,,,,,,,,Open World,Open World,,,,,,,,,,,NPC Corpse,,,,,,,,,,,,,,,,,,,,,,,,,,,,,,,,,,,,,,,,,,,,,,,,,,,,,,,,,No,,,,,,,,,,,,,,,,,,,,Available; Iksar usability later-era,Lower Guk undead-side content group; live side excluded,,,,Confirmed,Unconfirmed,,,,,,B24B-LGUK-UNDEAD,
19,B24B-UNDEAD-019,24B,Antonica,Lower Guk,Runed Cowl,Armor,HEAD,Yes,No,Yes,,,,0.3,SMALL,BRD NEC WIZ MAG ENC,ALL,AC 2; WIS +5; INT +9,,,,Focus: Reanimation Efficiency II,a ghoul sage,37,Wizard,Undead Froglok,,,,,Ghoul Sage room,,,,,,,,,Classic / historical,,Current EQL Wiki-listed,,,,,,,,Notable exact-source undead-side equipment or container relationship.,Zone subdivision-specific,Core,High,https://eqlwiki.com/Category:Lower_Guk,https://wiki.project1999.com/Ruins_of_Old_Guk,,Yes,1,AC 2; WIS +5; INT +9,AC 2; WIS +5; INT +9,BRD NEC WIZ MAG ENC,ALL,37,37,Current EQL Wiki-listed; direct-build confirmation incomplete,Add,Wiki,Wiki,Wiki,Changed or newly surfaced,No identified change,No identified change,Changed,,Classic-retained with EQL changes,https://eqlwiki.com/Category:Lower_Guk,,2026-07-28,EQL focus addition: Reanimation Efficiency II.,,,Yes,Listed,Current Wiki evidence,No,B,Current EQL item/NPC evidence with classic Lower Guk comparison.,None identified,Yes,Classic,,Current EQL Wiki,Current fields from EQL Wiki; classic fields from Project 1999/classic baseline; undead-side placement audited separately from live side.,EQL-LOOT-1.0,loot,Active,,B24B-UNDEAD-019,,,Yes,Yes,,,Undead Frogloks of Guk -30,Frogloks of Guk +10,,,,Hostile,,,Undead Froglok,,a ghoul sage,,,Undead Frogloks of Guk,Hostile,Lower Guk — Undead Side,,Open-world indoor dungeon,Sage/Scribe branch,,,Ghoul Sage room,,,,,,a ghoul sage,Named / notable undead-side source,,,,,,,,,,,,,,,,,,,,,,Open World,Open World,,,,,,,,,,,NPC Corpse,,,,,,,,,,,,,,,,,,,,,,,,,,,,,,,,,,,,,,,,,,,,,,,,,,,,,,,,,No,,,,,,,,,,,,,,,,,,,,Available,Lower Guk undead-side content group; live side excluded,,,,Confirmed,Unconfirmed,,,,,,B24B-LGUK-UNDEAD,
20,B24B-UNDEAD-020,24B,Antonica,Lower Guk,Executioners Hood,Armor,HEAD,Yes,No,Yes,,,,0.2,SMALL,WAR PAL RNG SHD MNK BRD ROG,ALL,AC 5; STR +4; DEX +9,,,,,a ghoul executioner,35,Warrior,Undead Froglok,,,,,Ghoul Executioner room,,,,,,,,,Classic / historical,,Current EQL Wiki-listed,,,,,,,,Notable exact-source undead-side equipment or container relationship.,Zone subdivision-specific,Core,High,https://eqlwiki.com/Category:Lower_Guk,https://wiki.project1999.com/Ruins_of_Old_Guk,,Yes,1,AC 5; STR +4; DEX +9,AC 5; STR +4; DEX +9,WAR PAL RNG SHD MNK BRD ROG,ALL,35,35,Current EQL Wiki-listed; direct-build confirmation incomplete,Add,Wiki,Wiki,Wiki,No identified change,No identified change,No identified change,No identified change,,Classic-retained,https://eqlwiki.com/Category:Lower_Guk,,2026-07-28,,,,Yes,Listed,Current Wiki evidence,No,B,Current EQL item/NPC evidence with classic Lower Guk comparison.,None identified,Yes,Classic,,Current EQL Wiki,Current fields from EQL Wiki; classic fields from Project 1999/classic baseline; undead-side placement audited separately from live side.,EQL-LOOT-1.0,loot,Active,,B24B-UNDEAD-020,,,Yes,Yes,,,Undead Frogloks of Guk -30,Frogloks of Guk +10,,,,Hostile,,,Undead Froglok,,a ghoul executioner,,,Undead Frogloks of Guk,Hostile,Lower Guk — Undead Side,,Open-world indoor dungeon,Executioner branch,,,Ghoul Executioner room,,,,,,a ghoul executioner,Named / notable undead-side source,,,,,,,,,,,,,,,,,,,,,,Open World,Open World,,,,,,,,,,,NPC Corpse,,,,,,,,,,,,,,,,,,,,,,,,,,,,,,,,,,,,,,,,,,,,,,,,,,,,,,,,,No,,,,,,,,,,,,,,,,,,,,Available,Lower Guk undead-side content group; live side excluded,,,,Confirmed,Unconfirmed,,,,,,B24B-LGUK-UNDEAD,
21,B24B-UNDEAD-021,24B,Antonica,Lower Guk,An Executioners Axe,Weapon,PRIMARY,Yes,No,Yes,Yes,,,8.5,LARGE,WAR,ALL,,25,50,2H Slashing,Proc: Scaling haste effect (levels 30-50),a ghoul executioner,35,Warrior,Undead Froglok,,,,,Ghoul Executioner room,,,,,,,,,Classic / historical,,Current EQL Wiki-listed,,,Weapon ratio 0.500,,,,,Notable exact-source undead-side equipment or container relationship.,Zone subdivision-specific,Core,High,https://eqlwiki.com/Category:Lower_Guk,https://wiki.project1999.com/Ruins_of_Old_Guk,,Yes,1,,,WAR BER,ALL,35,35,Current EQL Wiki-listed; direct-build confirmation incomplete,Add,Wiki,Wiki,Wiki,Changed or newly surfaced,Changed,No identified change,Changed,,Classic-retained with EQL changes,https://eqlwiki.com/Category:Lower_Guk,,2026-07-28,Current data includes Berserker eligibility and scaling haste-effect wording.,,,Yes,Listed,Current Wiki evidence,No,B,Current EQL item/NPC evidence with classic Lower Guk comparison.,None identified,Yes,Classic,,Current EQL Wiki,Current fields from EQL Wiki; classic fields from Project 1999/classic baseline; undead-side placement audited separately from live side.,EQL-LOOT-1.0,loot,Active,,B24B-UNDEAD-021,,,Yes,Yes,,,Undead Frogloks of Guk -30,Frogloks of Guk +10,,,,Hostile,,,Undead Froglok,,a ghoul executioner,,,Undead Frogloks of Guk,Hostile,Lower Guk — Undead Side,,Open-world indoor dungeon,Executioner branch,,,Ghoul Executioner room,,,,,,a ghoul executioner,Named / notable undead-side source,,,,,,,,,,,,,,,,,,,,,,Open World,Open World,,,,,,,,,,,NPC Corpse,,,,,,,,,,,,,,,,,,,,,,,,,,,,,,,,,,,,,,,,,,,,,,,,,,,,,,,,,No,,,,,,,,,,,,,,,,,,,,Available; Berserker eligibility later-era,Lower Guk undead-side content group; live side excluded,,,,Confirmed,Unconfirmed,,,,,,B24B-LGUK-UNDEAD,
22,B24B-UNDEAD-022,24B,Antonica,Lower Guk,Basalt Carapace,Armor,CHEST,Yes,No,,Yes,Yes,,10.0,LARGE,WAR CLR PAL SHD BRD,ALL except IKS,AC 14,,,,,a basalt gargoyle,,Warrior,Gargoyle,,,,,Basalt Gargoyle area,,,,,,,,,Classic / historical,,Current EQL Wiki-listed,,,,,,,,Notable exact-source undead-side equipment or container relationship.,Zone subdivision-specific,Core,High,https://eqlwiki.com/Category:Lower_Guk,https://wiki.project1999.com/Ruins_of_Old_Guk,,Yes,1,AC 14,AC 14,WAR CLR PAL SHD BRD,ALL except IKS,,,Current EQL Wiki-listed; direct-build confirmation incomplete,Add,Wiki,Wiki,Wiki,No identified change,No identified change,No identified change,No identified change,,Classic-retained,https://eqlwiki.com/Category:Lower_Guk,,2026-07-28,,,,Yes,Listed,Current Wiki evidence,No,B,Current EQL item/NPC evidence with classic Lower Guk comparison.,None identified,Yes,Classic,,Current EQL Wiki,Current fields from EQL Wiki; classic fields from Project 1999/classic baseline; undead-side placement audited separately from live side.,EQL-LOOT-1.0,loot,Active,,B24B-UNDEAD-022,,,Yes,Yes,,,Undead Frogloks of Guk -30,Frogloks of Guk +10,,,,Hostile,,,Gargoyle,,a basalt gargoyle,,,Undead Frogloks of Guk,Hostile,Lower Guk — Undead Side,,Open-world indoor dungeon,Gargoyle branch,,,Basalt Gargoyle area,,,,,,a basalt gargoyle,Named / notable undead-side source,,,,,,,,,,,,,,,,,,,,,,Open World,Open World,,,,,,,,,,,NPC Corpse,,,,,,,,,,,,,,,,,,,,,,,,,,,,,,,,,,,,,,,,,,,,,,,,,,,,,,,,,No,,,,,,,,,,Lambent Breastplate,,Bard armor quest component,,,,,,,,Available,Lower Guk undead-side content group; live side excluded,,,,Confirmed,Unconfirmed,,,,,,B24B-LGUK-UNDEAD,
23,B24B-UNDEAD-023,24B,Antonica,Lower Guk,Light Burlap Sack,Container,,No,Yes,,Yes,,,3.0,LARGE,ALL,ALL,,,,,,a ghoul supplier,36,Warrior,Undead Froglok,Wan Ghoul Knight,,,,Assassin and Supplier storeroom,9:27 page-reported; conflicts with Assassin in same room,,,,,,,8 slots; holds large items; 65% weight reduction.,Classic / historical,,Current EQL Wiki-listed,,,,,,,,Notable exact-source undead-side equipment or container relationship.,Zone subdivision-specific,Core,High,https://eqlwiki.com/Category:Lower_Guk,https://wiki.project1999.com/Ruins_of_Old_Guk,,Yes,1,,,ALL,ALL,36,36,Current EQL Wiki-listed; direct-build confirmation incomplete,Add,Wiki,Wiki,Wiki,No identified change,No identified change,No identified change,No identified change,Encounter-specific page value / unresolved framework,Classic-retained,https://eqlwiki.com/Category:Lower_Guk,,2026-07-28,,,,Yes,Listed,Current Wiki evidence,No,B,Current EQL item/NPC evidence with classic Lower Guk comparison.,Shared-room timer discrepancy,Yes,Classic,,Current EQL Wiki,Current fields from EQL Wiki; classic fields from Project 1999/classic baseline; undead-side placement audited separately from live side.,EQL-LOOT-1.0,loot,Active,,B24B-UNDEAD-023,,,Yes,Yes,,,Undead Frogloks of Guk -30,Frogloks of Guk +10,,,,Hostile,,,Undead Froglok,,a ghoul supplier,,,Undead Frogloks of Guk,Hostile,Lower Guk — Undead Side,,Open-world indoor dungeon,Assassin/Supplier branch,,,Assassin and Supplier storeroom,,,,,,a ghoul supplier,Named / notable undead-side source,,,,,,,,,,,Classic timer: Approximately 28 minutes.,Wan Ghoul Knight,,,,,,,,,,Open World,Open World,,,,,,,,,,,NPC Corpse,,,,,,,,,,,,,,,,,,,,,,,,,,,,,,,,,,,,,,,,,,,,,,,,,,,,,,,,,No,,,,,,,,,,,,,,,,,,,,Available,Lower Guk undead-side content group; live side excluded,,,,Confirmed,Unconfirmed,,,,,,B24B-LGUK-UNDEAD,
24,B24B-UNDEAD-META-001,24B,Antonica,Lower Guk,Lower Guk undead-side current status,,,,,,,,,,,,,,,,,,,,,,,,,,,,,,,,,,,,,,,,,,,,,,Zone subdivision-specific,Supplemental,Medium,https://eqlwiki.com/Category:Lower_Guk,https://wiki.project1999.com/Ruins_of_Old_Guk,,Yes,1,,,,,,,Current EQL Wiki-supported; direct-build confirmation varies,Add,,,,,,,,,,https://eqlwiki.com/Category:Lower_Guk,,2026-07-28,,,,Yes,Listed,Current Wiki evidence,No,C,Current EQL Lower Guk records with classic undead-side comparison.,,,,,Current EQL Wiki,,EQL-LOOT-1.0,zone_metadata,Metadata,,B24B-UNDEAD-META-001,,,No,No,Available current EQL content; substantially classic-retained and not established as a comprehensive revamp.,,,,,,,,,,,,,,,,,,,Open-world indoor dungeon,,,,,,,,,,Lower Guk undead-side current status,,,,,,,,,,,,Available current EQL content; substantially classic-retained and not established as a comprehensive revamp.,,,,,,,,,,,Open World,Open World,,,,,,,,,,,,,,,,,,,,,,,,,,,,,,,,,,,,,,,,,,,,,,,,,,,,,,,,,,,,,,,,,,,,No,,,,,,,,,,,,,,,,,,,,Available,Lower Guk undead-side content group; live side excluded,,,,Confirmed,Unconfirmed,,,,zone-status,,B24B-LGUK-UNDEAD,
25,B24B-UNDEAD-META-002,24B,Antonica,Lower Guk,Batch 24A and 24B logical split,,,,,,,,,,,,,,,,,,,,,,,,,,,,,,,,,,,,,,,,,,,,,,Zone subdivision-specific,Supplemental,Medium,https://eqlwiki.com/Category:Lower_Guk,https://wiki.project1999.com/Ruins_of_Old_Guk,,Yes,1,,,,,,,Current EQL Wiki-supported; direct-build confirmation varies,Add,,,,,,,,,,https://eqlwiki.com/Category:Lower_Guk,,2026-07-28,,,,Yes,Listed,Current Wiki evidence,No,C,Current EQL Lower Guk records with classic undead-side comparison.,,,,,Current EQL Wiki,,EQL-LOOT-1.0,zone_metadata,Metadata,,B24B-UNDEAD-META-002,,,No,No,One physical Lower Guk zone is separated into live-side and undead-side CSVs and content groups.,,,,,,,,,,,,,,,,,,,Open-world indoor dungeon,,,,,,,,,,Batch 24A and 24B logical split,,,,,,,,,,,,One physical Lower Guk zone is separated into live-side and undead-side CSVs and content groups.,,,,,,,,,,,Open World,Open World,,,,,,,,,,,,,,,,,,,,,,,,,,,,,,,,,,,,,,,,,,,,,,,,,,,,,,,,,,,,,,,,,,,,No,,,,,,,,,,,,,,,,,,,,Available,Lower Guk undead-side content group; live side excluded,,,,Confirmed,Unconfirmed,,,,batch-boundary,,B24B-LGUK-UNDEAD,
26,B24B-UNDEAD-META-003,24B,Antonica,Lower Guk,Lower Guk undead-side region structure,,,,,,,,,,,,,,,,,,,,,,,,,,,,,,,,,,,,,,,,,,,,,,Zone subdivision-specific,Supplemental,Medium,https://eqlwiki.com/Category:Lower_Guk,https://wiki.project1999.com/Ruins_of_Old_Guk,,Yes,1,,,,,,,Current EQL Wiki-supported; direct-build confirmation varies,Add,,,,,,,,,,https://eqlwiki.com/Category:Lower_Guk,,2026-07-28,,,,Yes,Listed,Current Wiki evidence,No,C,Current EQL Lower Guk records with classic undead-side comparison.,,,,,Current EQL Wiki,,EQL-LOOT-1.0,zone_metadata,Metadata,,B24B-UNDEAD-META-003,,,No,No,"Waterfall, bedroom, Hand/Magi, Frenzied, Lord, Ritualist/Sentinel, Assassin/Supplier, Dead Tower, and Executioner branches.",,,,,,,,,,,,,,,,,,,Open-world indoor dungeon,,,,,,,,,,Lower Guk undead-side region structure,,,,,,,,,,,,"Waterfall, bedroom, Hand/Magi, Frenzied, Lord, Ritualist/Sentinel, Assassin/Supplier, Dead Tower, and Executioner branches.",,,,,,,,,,,Open World,Open World,,,,,,,,,,,,,,,,,,,,,,,,,,,,,,,,,,,,,,,,,,,,,,,,,,,,,,,,,,,,,,,,,,,,No,,,,,,,,,,,,,,,,,,,,Available,Lower Guk undead-side content group; live side excluded,,,,Confirmed,Unconfirmed,,,,zone-layout,,B24B-LGUK-UNDEAD,
27,B24B-UNDEAD-META-004,24B,Antonica,Lower Guk,Undead froglok taxonomy,,,,,,,,,,,,,,,,,,,,,,,,,,,,,,,,,,,,,,,,,,,,,,Zone subdivision-specific,Supplemental,Medium,https://eqlwiki.com/Category:Lower_Guk,https://wiki.project1999.com/Ruins_of_Old_Guk,,Yes,1,,,,,,,Current EQL Wiki-supported; direct-build confirmation varies,Add,,,,,,,,,,https://eqlwiki.com/Category:Lower_Guk,,2026-07-28,,,,Yes,Listed,Current Wiki evidence,No,C,Current EQL Lower Guk records with classic undead-side comparison.,,,,,Current EQL Wiki,,EQL-LOOT-1.0,zone_metadata,Metadata,,B24B-UNDEAD-META-004,,,No,No,"Wan, Zol, Dar, Bok, Jin, Kor, and Guk ranks coexist with named ghoul roles; rank and combat class remain separate.",,,,,,,,,,,,,,,,,,,Open-world indoor dungeon,,,,,,,,,,Undead froglok taxonomy,,,,,,,,,,,,"Wan, Zol, Dar, Bok, Jin, Kor, and Guk ranks coexist with named ghoul roles; rank and combat class remain separate.",,,,,,,,,,,Open World,Open World,,,,,,,,,,,,,,,,,,,,,,,,,,,,,,,,,,,,,,,,,,,,,,,,,,,,,,,,,,,,,,,,,,,,No,,,,,,,,,,,,,,,,,,,,Available,Lower Guk undead-side content group; live side excluded,,,,Confirmed,Unconfirmed,,,,taxonomy,,B24B-LGUK-UNDEAD,
28,B24B-UNDEAD-META-005,24B,Antonica,Lower Guk,Undead Frogloks of Guk faction framework,,,,,,,,,,,,,,,,,,,,,,,,,,,,,,,,,,,,,,,,,,,,,,Zone subdivision-specific,Supplemental,Medium,https://eqlwiki.com/Category:Lower_Guk,https://wiki.project1999.com/Ruins_of_Old_Guk,,Yes,1,,,,,,,Current EQL Wiki-supported; direct-build confirmation varies,Add,,,,,,,,,,https://eqlwiki.com/Category:Lower_Guk,,2026-07-28,,,,Yes,Listed,Current Wiki evidence,No,C,Current EQL Lower Guk records with classic undead-side comparison.,,,,,Current EQL Wiki,,EQL-LOOT-1.0,zone_metadata,Metadata,,B24B-UNDEAD-META-005,,,No,No,Most undead named frogs use Undead Frogloks of Guk -30 and Frogloks of Guk +10; non-ghoul faction remains source-specific.,,,,,,,,,,,,,,,,,,,Open-world indoor dungeon,,,,,,,,,,Undead Frogloks of Guk faction framework,,,,,,,,,,,,Most undead named frogs use Undead Frogloks of Guk -30 and Frogloks of Guk +10; non-ghoul faction remains source-specific.,,,,,,,,,,,Open World,Open World,,,,,,,,,,,,,,,,,,,,,,,,,,,,,,,,,,,,,,,,,,,,,,,,,,,,,,,,,,,,,,,,,,,,No,,,,,,,,,,,,,,,,,,,,Available,Lower Guk undead-side content group; live side excluded,,,,Confirmed,Unconfirmed,,,,faction,,B24B-LGUK-UNDEAD,
29,B24B-UNDEAD-META-006,24B,Antonica,Lower Guk,Lower Guk undead-side timer conflict,,,,,,,,,,,,,,,,,,,,,,,,,,,,,,,,,,,,,,,,,,,,,,Zone subdivision-specific,Supplemental,Medium,https://eqlwiki.com/Category:Lower_Guk,https://wiki.project1999.com/Ruins_of_Old_Guk,,Yes,1,,,,,,,Current EQL Wiki-supported; direct-build confirmation varies,Add,,,,,,,,,,https://eqlwiki.com/Category:Lower_Guk,,2026-07-28,,,,Yes,Listed,Current Wiki evidence,No,C,Current EQL Lower Guk records with classic undead-side comparison.,,,,,Current EQL Wiki,,EQL-LOOT-1.0,zone_metadata,Metadata,,B24B-UNDEAD-META-006,,,No,No,"Current pages report 9:00, 9:27, and 28:00 on different named encounters; no universal timer is asserted.",,,,,,,,,,,,,,,,,,,Open-world indoor dungeon,,,,,,,,,,Lower Guk undead-side timer conflict,,,,,,,,,,,,"Current pages report 9:00, 9:27, and 28:00 on different named encounters; no universal timer is asserted.",,,,,,,,,,,Open World,Open World,,,,,,,,,,,,,,,,,,,,,,,,,,,,,,,,,,,,,,,,,,,,,,,,,,,,,,,,,,,,,,,,,,,,No,,,,,,,,,,,,,,,,,,,,Available,Lower Guk undead-side content group; live side excluded,,,,Confirmed,Unconfirmed,,,,timer-conflict,,B24B-LGUK-UNDEAD,
30,B24B-UNDEAD-META-007,24B,Antonica,Lower Guk,Upper Guk transition framework,,,,,,,,,,,,,,,,,,,,,,,,,,,,,,,,,,,,,,,,,,,,,,Zone subdivision-specific,Supplemental,Medium,https://eqlwiki.com/Category:Lower_Guk,https://wiki.project1999.com/Ruins_of_Old_Guk,,Yes,1,,,,,,,Current EQL Wiki-supported; direct-build confirmation varies,Add,,,,,,,,,,https://eqlwiki.com/Category:Lower_Guk,,2026-07-28,,,,Yes,Listed,Current Wiki evidence,No,C,Current EQL Lower Guk records with classic undead-side comparison.,,,,,Current EQL Wiki,,EQL-LOOT-1.0,zone_metadata,Metadata,,B24B-UNDEAD-META-007,,,No,No,"Multiple waterfall, bedroom, and secondary transitions connect dead side to Upper Guk.",,,,,,,,,,,,,,,,,,,Open-world indoor dungeon,,,,,,,,,,Upper Guk transition framework,,,,,,,,,,,,"Multiple waterfall, bedroom, and secondary transitions connect dead side to Upper Guk.",,,,,,,,,,,Open World,Open World,,,,,,,,,,,,,,,,,,,,,,,,,,,,,,,,,,,,,,,,,,,,,,,,,,,,,,,,,,,,,,,,,,,,No,,,,,,,,,,,,,,,,,,,,Available,Lower Guk undead-side content group; live side excluded,,,,Confirmed,Unconfirmed,,,,access,,B24B-LGUK-UNDEAD,
31,B24B-UNDEAD-META-008,24B,Antonica,Lower Guk,Live/dead contamination boundary,,,,,,,,,,,,,,,,,,,,,,,,,,,,,,,,,,,,,,,,,,,,,,Zone subdivision-specific,Supplemental,Medium,https://eqlwiki.com/Category:Lower_Guk,https://wiki.project1999.com/Ruins_of_Old_Guk,,Yes,1,,,,,,,Current EQL Wiki-supported; direct-build confirmation varies,Add,,,,,,,,,,https://eqlwiki.com/Category:Lower_Guk,,2026-07-28,,,,Yes,Listed,Current Wiki evidence,No,C,Current EQL Lower Guk records with classic undead-side comparison.,,,,,Current EQL Wiki,,EQL-LOOT-1.0,zone_metadata,Metadata,,B24B-UNDEAD-META-008,,,No,No,Broad Lower Guk categories and internal bridges can mix live-side and undead-side sources.,,,,,,,,,,,,,,,,,,,Open-world indoor dungeon,,,,,,,,,,Live/dead contamination boundary,,,,,,,,,,,,Broad Lower Guk categories and internal bridges can mix live-side and undead-side sources.,,,,,,,,,,,Open World,Open World,,,,,,,,,,,,,,,,,,,,,,,,,,,,,,,,,,,,,,,,,,,,,,,,,,,,,,,,,,,,,,,,,,,,No,,,,,,,,,,,,,,,,,,,,Available,Lower Guk undead-side content group; live side excluded,,,,Confirmed,Unconfirmed,,,,contamination,,B24B-LGUK-UNDEAD,
32,B24B-UNDEAD-META-009,24B,Antonica,Lower Guk,Undead-side operational hazards,,,,,,,,,,,,,,,,,,,,,,,,,,,,,,,,,,,,,,,,,,,,,,Zone subdivision-specific,Supplemental,Medium,https://eqlwiki.com/Category:Lower_Guk,https://wiki.project1999.com/Ruins_of_Old_Guk,,Yes,1,,,,,,,Current EQL Wiki-supported; direct-build confirmation varies,Add,,,,,,,,,,https://eqlwiki.com/Category:Lower_Guk,,2026-07-28,,,,Yes,Listed,Current Wiki evidence,No,C,Current EQL Lower Guk records with classic undead-side comparison.,,,,,Current EQL Wiki,,EQL-LOOT-1.0,zone_metadata,Metadata,,B24B-UNDEAD-META-009,,,No,No,"Safe Hall uncertainty, IVU detection, casters, pets, harm touch, trains, and pathing remain major hazards.",,,,,,,,,,,,,,,,,,,Open-world indoor dungeon,,,,,,,,,,Undead-side operational hazards,,,,,,,,,,,,"Safe Hall uncertainty, IVU detection, casters, pets, harm touch, trains, and pathing remain major hazards.",,,,,,,,,,,Open World,Open World,,,,,,,,,,,,,,,,,,,,,,,,,,,,,,,,,,,,,,,,,,,,,,,,,,,,,,,,,,,,,,,,,,,,No,,,,,,,,,,,,,,,,,,,,Available,Lower Guk undead-side content group; live side excluded,,,,Confirmed,Unconfirmed,,,,hazards,,B24B-LGUK-UNDEAD,
33,B24B-UNDEAD-ENC-001,24B,Antonica,Lower Guk,Upper Guk waterfall zone line,,,,,,,,,,,,,,,,,,,,,,,,32-40,,,,,,Zone-line trains,,,,,,,,,,,,,,,,Zone subdivision-specific,Supplemental,Medium,https://eqlwiki.com/Category:Lower_Guk,https://wiki.project1999.com/Ruins_of_Old_Guk,,Yes,1,,,,,,,Current EQL Wiki-supported; direct-build confirmation varies,Add,,,,,,,,,,https://eqlwiki.com/Category:Lower_Guk,,2026-07-28,,,,Yes,Listed,Current Wiki evidence,No,C,Current EQL Lower Guk records with classic undead-side comparison.,,,,,Current EQL Wiki,,EQL-LOOT-1.0,encounter_metadata,Metadata,,B24B-UNDEAD-ENC-001,,,No,No,Primary dead-side transition from Upper Guk.,,,,,,,,,,,,,,,,,,,Open-world indoor dungeon,Waterfall branch,,,Waterfall transition,,,,,,Upper Guk waterfall zone line,Access Network,,,,,,,,,,,Primary dead-side transition from Upper Guk.,,,,,,,,,,,Open World,Open World,,,,,,,,,,,,,,,,,,,,,,,,,,,,,,,,,,,,,,,,,,,,,,,,,,,,,,,,,,,,,,,,,,,,No,,,,,,,,,,,,,,,,,,,,Available,Lower Guk undead-side content group; live side excluded,,,,Confirmed,Unconfirmed,,,,,,B24B-LGUK-UNDEAD,
34,B24B-UNDEAD-ENC-002,24B,Antonica,Lower Guk,Waterfall room and ground-spawn area,,,,,,,,,,,,,,,,,,,,,,,,32-40,,,,,,Ground-spawn identity,,,,,,,,,,,,,,,,Zone subdivision-specific,Supplemental,Medium,https://eqlwiki.com/Category:Lower_Guk,https://wiki.project1999.com/Ruins_of_Old_Guk,,Yes,1,,,,,,,Current EQL Wiki-supported; direct-build confirmation varies,Add,,,,,,,,,,https://eqlwiki.com/Category:Lower_Guk,,2026-07-28,,,,Yes,Listed,Current Wiki evidence,No,C,Current EQL Lower Guk records with classic undead-side comparison.,,,,,Current EQL Wiki,,EQL-LOOT-1.0,encounter_metadata,Metadata,,B24B-UNDEAD-ENC-002,,,No,No,Historic Scepter ground-spawn area; current implementation unresolved.,,,,,,,,,,,,,,,,,,,Open-world indoor dungeon,Waterfall branch,,,Waterfall room,,,,,,Waterfall room and ground-spawn area,Camp / Ground Spawn,,,,,,,,,,,Historic Scepter ground-spawn area; current implementation unresolved.,,,,,,,,,,,Open World,Open World,,,,,,,,,,,,,,,,,,,,,,,,,,,,,,,,,,,,,,,,,,,,,,,,,,,,,,,,,,,,,,,,,,,,No,,,,,,,,,,,,,,,,,,,,Available,Lower Guk undead-side content group; live side excluded,,,,Confirmed,Unconfirmed,,,,,,B24B-LGUK-UNDEAD,
35,B24B-UNDEAD-ENC-003,24B,Antonica,Lower Guk,Bedroom hub,,,,,,,,,,,,,,,,,,,,,,,,35-43,,,,,,High traffic,,,,,,,,,,,,,,,,Zone subdivision-specific,Supplemental,Medium,https://eqlwiki.com/Category:Lower_Guk,https://wiki.project1999.com/Ruins_of_Old_Guk,,Yes,1,,,,,,,Current EQL Wiki-supported; direct-build confirmation varies,Add,,,,,,,,,,https://eqlwiki.com/Category:Lower_Guk,,2026-07-28,,,,Yes,Listed,Current Wiki evidence,No,C,Current EQL Lower Guk records with classic undead-side comparison.,,,,,Current EQL Wiki,,EQL-LOOT-1.0,encounter_metadata,Metadata,,B24B-UNDEAD-ENC-003,,,No,No,Major pull and navigation hub connecting multiple dead-side routes.,,,,,,,,,,,,,,,,,,,Open-world indoor dungeon,Bedroom branch,,,Bedroom,,,,,,Bedroom hub,Camp Hub,,,,,,,,,,,Major pull and navigation hub connecting multiple dead-side routes.,,,,,,,,,,,Open World,Open World,,,,,,,,,,,,,,,,,,,,,,,,,,,,,,,,,,,,,,,,,,,,,,,,,,,,,,,,,,,,,,,,,,,,No,,,,,,,,,,,,,,,,,,,,Available,Lower Guk undead-side content group; live side excluded,,,,Confirmed,Unconfirmed,,,,,,B24B-LGUK-UNDEAD,
36,B24B-UNDEAD-ENC-004,24B,Antonica,Lower Guk,Slave room,,,,,,,,,,,,,,,,,,,,,,,,35-43,,,,,,Social aggro,,,,,,,,,,,,,,,,Zone subdivision-specific,Supplemental,Medium,https://eqlwiki.com/Category:Lower_Guk,https://wiki.project1999.com/Ruins_of_Old_Guk,,Yes,1,,,,,,,Current EQL Wiki-supported; direct-build confirmation varies,Add,,,,,,,,,,https://eqlwiki.com/Category:Lower_Guk,,2026-07-28,,,,Yes,Listed,Current Wiki evidence,No,C,Current EQL Lower Guk records with classic undead-side comparison.,,,,,Current EQL Wiki,,EQL-LOOT-1.0,encounter_metadata,Metadata,,B24B-UNDEAD-ENC-004,,,No,No,Historic room population and route node.,,,,,,,,,,,,,,,,,,,Open-world indoor dungeon,Bedroom branch,,,Slave room,,,,,,Slave room,Camp Population,,,,,,,,,,,Historic room population and route node.,,,,,,,,,,,Open World,Open World,,,,,,,,,,,,,,,,,,,,,,,,,,,,,,,,,,,,,,,,,,,,,,,,,,,,,,,,,,,,,,,,,,,,No,,,,,,,,,,,,,,,,,,,,Available,Lower Guk undead-side content group; live side excluded,,,,Confirmed,Unconfirmed,,,,,,B24B-LGUK-UNDEAD,
37,B24B-UNDEAD-ENC-005,24B,Antonica,Lower Guk,Spider room,,,,,,,,,,,,,,,,,,,,,,,,35-43,,,,,,Faction exception,,,,,,,,,,,,,,,,Zone subdivision-specific,Supplemental,Medium,https://eqlwiki.com/Category:Lower_Guk,https://wiki.project1999.com/Ruins_of_Old_Guk,,Yes,1,,,,,,,Current EQL Wiki-supported; direct-build confirmation varies,Add,,,,,,,,,,https://eqlwiki.com/Category:Lower_Guk,,2026-07-28,,,,Yes,Listed,Current Wiki evidence,No,C,Current EQL Lower Guk records with classic undead-side comparison.,,,,,Current EQL Wiki,,EQL-LOOT-1.0,encounter_metadata,Metadata,,B24B-UNDEAD-ENC-005,,,No,No,Non-froglok population requiring separate faction treatment.,,,,,,,,,,,,,,,,,,,Open-world indoor dungeon,Bedroom branch,,,Spider room,,,,,,Spider room,Camp Population,,,,,,,,,,,Non-froglok population requiring separate faction treatment.,,,,,,,,,,,Open World,Open World,,,,,,,,,,,,,,,,,,,,,,,,,,,,,,,,,,,,,,,,,,,,,,,,,,,,,,,,,,,,,,,,,,,,No,,,,,,,,,,,,,,,,,,,,Available,Lower Guk undead-side content group; live side excluded,,,,Confirmed,Unconfirmed,,,,,,B24B-LGUK-UNDEAD,
38,B24B-UNDEAD-ENC-006,24B,Antonica,Lower Guk,Greater Ice Bones room and Safe Hall,,,,,,,,,,,,,,,,,,,,,,,,37-44,,,,,,Current safety unresolved,,,,,,,,,,,,,,,,Zone subdivision-specific,Supplemental,Medium,https://eqlwiki.com/Category:Lower_Guk,https://wiki.project1999.com/Ruins_of_Old_Guk,,Yes,1,,,,,,,Current EQL Wiki-supported; direct-build confirmation varies,Add,,,,,,,,,,https://eqlwiki.com/Category:Lower_Guk,,2026-07-28,,,,Yes,Listed,Current Wiki evidence,No,C,Current EQL Lower Guk records with classic undead-side comparison.,,,,,Current EQL Wiki,,EQL-LOOT-1.0,encounter_metadata,Metadata,,B24B-UNDEAD-ENC-006,,,No,No,Greater Ice Bone Skeleton room and historically safer passage.,,,,,,,,,,,,,,,,,,,Open-world indoor dungeon,GIB branch,,,GIB / Safe Hall,,,,,,Greater Ice Bones room and Safe Hall,Camp / Access,,,,,,,,,,,Greater Ice Bone Skeleton room and historically safer passage.,,,,,,,,,,,Open World,Open World,,,,,,,,,,,,,,,,,,,,,,,,,,,,,,,,,,,,,,,,,,,,,,,,,,,,,,,,,,,,,,,,,,,,No,,,,,,,,,,,,,,,,,,,,Available,Lower Guk undead-side content group; live side excluded,,,,Confirmed,Unconfirmed,,,,,,B24B-LGUK-UNDEAD,
39,B24B-UNDEAD-ENC-007,24B,Antonica,Lower Guk,Live-side internal transition,,,,,,,,,,,,,,,,,,,,,,,,35-45,,,,,,Cross-side traffic,,,,,,,,,,,,,,,,Zone subdivision-specific,Supplemental,Medium,https://eqlwiki.com/Category:Lower_Guk,https://wiki.project1999.com/Ruins_of_Old_Guk,,Yes,1,,,,,,,Current EQL Wiki-supported; direct-build confirmation varies,Add,,,,,,,,,,https://eqlwiki.com/Category:Lower_Guk,,2026-07-28,,,,Yes,Listed,Current Wiki evidence,No,C,Current EQL Lower Guk records with classic undead-side comparison.,,,,,Current EQL Wiki,,EQL-LOOT-1.0,encounter_metadata,Metadata,,B24B-UNDEAD-ENC-007,,,No,No,Internal route capable of cross-side contamination and trains.,,,,,,,,,,,,,,,,,,,Open-world indoor dungeon,Transition network,,,Live/dead route,,,,,,Live-side internal transition,Access Network,,,,,,,,,,,Internal route capable of cross-side contamination and trains.,,,,,,,,,,,Open World,Open World,,,,,,,,,,,,,,,,,,,,,,,,,,,,,,,,,,,,,,,,,,,,,,,,,,,,,,,,,,,,,,,,,,,,No,,,,,,,,,,,,,,,,,,,,Available,Lower Guk undead-side content group; live side excluded,,,,Confirmed,Unconfirmed,,,,,,B24B-LGUK-UNDEAD,
40,B24B-UNDEAD-ENC-008,24B,Antonica,Lower Guk,Reanimated Hand room,,,,,,,,,,,,,,,,,,,,,,,,39-41,,,,,,Paired hands and adds,,,,,,,,,,,,,,,,Zone subdivision-specific,Supplemental,Medium,https://eqlwiki.com/Category:Lower_Guk,https://wiki.project1999.com/Ruins_of_Old_Guk,,Yes,1,,,,,,,Current EQL Wiki-supported; direct-build confirmation varies,Add,,,,,,,,,,https://eqlwiki.com/Category:Lower_Guk,,2026-07-28,,,,Yes,Listed,Current Wiki evidence,No,C,Current EQL Lower Guk records with classic undead-side comparison.,,,,,Current EQL Wiki,,EQL-LOOT-1.0,encounter_metadata,Metadata,,B24B-UNDEAD-ENC-008,,,No,No,Adamantite Band active; Serpentine Bracer and Wizard Rod unresolved.,,,,,,,,,,,,,,,,,,,Open-world indoor dungeon,Hand branch,,,Hand room,,,,,,Reanimated Hand room,Named Encounter,,,,,,,,,,,Adamantite Band active; Serpentine Bracer and Wizard Rod unresolved.,,,,,,,,,,,Open World,Open World,,,,,,,,,,,,,,,,,,,,,,,,,,,,,,,,,,,,,,,,,,,,,,,,,,,,,,,,,,,,,,,,,,,,No,,,,,,,,,,,,,,,,,,,,Available,Lower Guk undead-side content group; live side excluded,,,,Confirmed,Unconfirmed,,,,,,B24B-LGUK-UNDEAD,
41,B24B-UNDEAD-ENC-009,24B,Antonica,Lower Guk,Ghoul Arch Magi room,,,,,,,,,,,,,,,,,,,,,,,,45,,,,,,High-damage wizard,,,,,,,,,,,,,,,,Zone subdivision-specific,Supplemental,Medium,https://eqlwiki.com/Category:Lower_Guk,https://wiki.project1999.com/Ruins_of_Old_Guk,,Yes,1,,,,,,,Current EQL Wiki-supported; direct-build confirmation varies,Add,,,,,,,,,,https://eqlwiki.com/Category:Lower_Guk,,2026-07-28,,,,Yes,Listed,Current Wiki evidence,No,C,Current EQL Lower Guk records with classic undead-side comparison.,,,,,Current EQL Wiki,,EQL-LOOT-1.0,encounter_metadata,Metadata,,B24B-UNDEAD-ENC-009,,,No,No,Jin/Kor wizard placeholders and caster-item table.,,,,,,,,,,,,,,,,,,,Open-world indoor dungeon,Magi branch,,,Arch Magi room,,,,,,Ghoul Arch Magi room,Named Encounter,,,,,,,,,,,Jin/Kor wizard placeholders and caster-item table.,,,,,,,,,,,Open World,Open World,,,,,,,,,,,,,,,,,,,,,,,,,,,,,,,,,,,,,,,,,,,,,,,,,,,,,,,,,,,,,,,,,,,,No,,,,,,,,,,,,,,,,,,,,Available,Lower Guk undead-side content group; live side excluded,,,,Confirmed,Unconfirmed,,,,,,B24B-LGUK-UNDEAD,
42,B24B-UNDEAD-ENC-010,24B,Antonica,Lower Guk,Frenzied room,,,,,,,,,,,,,,,,,,,,,,,,42,,,,,,Bloodthirsty adds,,,,,,,,,,,,,,,,Zone subdivision-specific,Supplemental,Medium,https://eqlwiki.com/Category:Lower_Guk,https://wiki.project1999.com/Ruins_of_Old_Guk,,Yes,1,,,,,,,Current EQL Wiki-supported; direct-build confirmation varies,Add,,,,,,,,,,https://eqlwiki.com/Category:Lower_Guk,,2026-07-28,,,,Yes,Listed,Current Wiki evidence,No,C,Current EQL Lower Guk records with classic undead-side comparison.,,,,,Current EQL Wiki,,EQL-LOOT-1.0,encounter_metadata,Metadata,,B24B-UNDEAD-ENC-010,,,No,No,FBSS and Moonstone Ring; 28-minute current page timer.,,,,,,,,,,,,,,,,,,,Open-world indoor dungeon,Frenzied branch,,,Frenzied room,,,,,,Frenzied room,Named Encounter,,,,,,,,,,,FBSS and Moonstone Ring; 28-minute current page timer.,,,,,,,,,,,Open World,Open World,,,,,,,,,,,,,,,,,,,,,,,,,,,,,,,,,,,,,,,,,,,,,,,,,,,,,,,,,,,,,,,,,,,,No,,,,,,,,,,,,,,,,,,,,Available,Lower Guk undead-side content group; live side excluded,,,,Confirmed,Unconfirmed,,,,,,B24B-LGUK-UNDEAD,
43,B24B-UNDEAD-ENC-011,24B,Antonica,Lower Guk,Bloodthirsty Ghoul population,,,,,,,,,,,,,,,,,,,,,,,,38-42,,,,,,Social aggro,,,,,,,,,,,,,,,,Zone subdivision-specific,Supplemental,Medium,https://eqlwiki.com/Category:Lower_Guk,https://wiki.project1999.com/Ruins_of_Old_Guk,,Yes,1,,,,,,,Current EQL Wiki-supported; direct-build confirmation varies,Add,,,,,,,,,,https://eqlwiki.com/Category:Lower_Guk,,2026-07-28,,,,Yes,Listed,Current Wiki evidence,No,C,Current EQL Lower Guk records with classic undead-side comparison.,,,,,Current EQL Wiki,,EQL-LOOT-1.0,encounter_metadata,Metadata,,B24B-UNDEAD-ENC-011,,,No,No,Room population and later quest-component family.,,,,,,,,,,,,,,,,,,,Open-world indoor dungeon,Frenzied branch,,,Frenzied room,,,,,,Bloodthirsty Ghoul population,Shared Population,,,,,,,,,,,Room population and later quest-component family.,,,,,,,,,,,Open World,Open World,,,,,,,,,,,,,,,,,,,,,,,,,,,,,,,,,,,,,,,,,,,,,,,,,,,,,,,,,,,,,,,,,,,,No,,,,,,,,,,,,,,,,,,,,Available,Lower Guk undead-side content group; live side excluded,,,,Confirmed,Unconfirmed,,,,,,B24B-LGUK-UNDEAD,
44,B24B-UNDEAD-ENC-012,24B,Antonica,Lower Guk,Ghoul Lord corridor,,,,,,,,,,,,,,,,,,,,,,,,44-49,,,,,,High-level casters,,,,,,,,,,,,,,,,Zone subdivision-specific,Supplemental,Medium,https://eqlwiki.com/Category:Lower_Guk,https://wiki.project1999.com/Ruins_of_Old_Guk,,Yes,1,,,,,,,Current EQL Wiki-supported; direct-build confirmation varies,Add,,,,,,,,,,https://eqlwiki.com/Category:Lower_Guk,,2026-07-28,,,,Yes,Listed,Current Wiki evidence,No,C,Current EQL Lower Guk records with classic undead-side comparison.,,,,,Current EQL Wiki,,EQL-LOOT-1.0,encounter_metadata,Metadata,,B24B-UNDEAD-ENC-012,,,No,No,High-rank Guk ghoul knights and wizards guard the Lord approach.,,,,,,,,,,,,,,,,,,,Open-world indoor dungeon,Lord wing,,,Lord corridor,,,,,,Ghoul Lord corridor,Guard Network,,,,,,,,,,,High-rank Guk ghoul knights and wizards guard the Lord approach.,,,,,,,,,,,Open World,Open World,,,,,,,,,,,,,,,,,,,,,,,,,,,,,,,,,,,,,,,,,,,,,,,,,,,,,,,,,,,,,,,,,,,,No,,,,,,,,,,,,,,,,,,,,Available,Lower Guk undead-side content group; live side excluded,,,,Confirmed,Unconfirmed,,,,,,B24B-LGUK-UNDEAD,
45,B24B-UNDEAD-ENC-013,24B,Antonica,Lower Guk,Ghoul Lord room,,,,,,,,,,,,,,,,,,,,,,,,47,,,,,,Shadowknight mechanics,,,,,,,,,,,,,,,,Zone subdivision-specific,Supplemental,Medium,https://eqlwiki.com/Category:Lower_Guk,https://wiki.project1999.com/Ruins_of_Old_Guk,,Yes,1,,,,,,,Current EQL Wiki-supported; direct-build confirmation varies,Add,,,,,,,,,,https://eqlwiki.com/Category:Lower_Guk,,2026-07-28,,,,Yes,Listed,Current Wiki evidence,No,C,Current EQL Lower Guk records with classic undead-side comparison.,,,,,Current EQL Wiki,,EQL-LOOT-1.0,encounter_metadata,Metadata,,B24B-UNDEAD-ENC-013,,,No,No,Lord and two guards; current page reports 9-minute timer.,,,,,,,,,,,,,,,,,,,Open-world indoor dungeon,Lord wing,,,Lord room,,,,,,Ghoul Lord room,Capstone Encounter,,,,,,,,,,,Lord and two guards; current page reports 9-minute timer.,,,,,,,,,,,Open World,Open World,,,,,,,,,,,,,,,,,,,,,,,,,,,,,,,,,,,,,,,,,,,,,,,,,,,,,,,,,,,,,,,,,,,,No,,,,,,,,,,,,,,,,,,,,Available,Lower Guk undead-side content group; live side excluded,,,,Confirmed,Unconfirmed,,,,,,B24B-LGUK-UNDEAD,
46,B24B-UNDEAD-ENC-014,24B,Antonica,Lower Guk,Ghoul Ritualist room,,,,,,,,,,,,,,,,,,,,,,,,34,,,,,,Pet and spells,,,,,,,,,,,,,,,,Zone subdivision-specific,Supplemental,Medium,https://eqlwiki.com/Category:Lower_Guk,https://wiki.project1999.com/Ruins_of_Old_Guk,,Yes,1,,,,,,,Current EQL Wiki-supported; direct-build confirmation varies,Add,,,,,,,,,,https://eqlwiki.com/Category:Lower_Guk,,2026-07-28,,,,Yes,Listed,Current Wiki evidence,No,C,Current EQL Lower Guk records with classic undead-side comparison.,,,,,Current EQL Wiki,,EQL-LOOT-1.0,encounter_metadata,Metadata,,B24B-UNDEAD-ENC-014,,,No,No,Necromancer with pet and embroidered caster items.,,,,,,,,,,,,,,,,,,,Open-world indoor dungeon,Ritualist branch,,,Ritualist room,,,,,,Ghoul Ritualist room,Named Encounter,,,,,,,,,,,Necromancer with pet and embroidered caster items.,,,,,,,,,,,Open World,Open World,,,,,,,,,,,,,,,,,,,,,,,,,,,,,,,,,,,,,,,,,,,,,,,,,,,,,,,,,,,,,,,,,,,,No,,,,,,,,,,,,,,,,,,,,Available,Lower Guk undead-side content group; live side excluded,,,,Confirmed,Unconfirmed,,,,,,B24B-LGUK-UNDEAD,
47,B24B-UNDEAD-ENC-015,24B,Antonica,Lower Guk,Ghoul Sentinel hallway,,,,,,,,,,,,,,,,,,,,,,,,42,,,,,,Wan roamer,,,,,,,,,,,,,,,,Zone subdivision-specific,Supplemental,Medium,https://eqlwiki.com/Category:Lower_Guk,https://wiki.project1999.com/Ruins_of_Old_Guk,,Yes,1,,,,,,,Current EQL Wiki-supported; direct-build confirmation varies,Add,,,,,,,,,,https://eqlwiki.com/Category:Lower_Guk,,2026-07-28,,,,Yes,Listed,Current Wiki evidence,No,C,Current EQL Lower Guk records with classic undead-side comparison.,,,,,Current EQL Wiki,,EQL-LOOT-1.0,encounter_metadata,Metadata,,B24B-UNDEAD-ENC-015,,,No,No,Dark Mail Gauntlets and Brigandine Tunic.,,,,,,,,,,,,,,,,,,,Open-world indoor dungeon,Sentinel branch,,,Hidden hallway,,,,,,Ghoul Sentinel hallway,Named Encounter,,,,,,,,,,,Dark Mail Gauntlets and Brigandine Tunic.,,,,,,,,,,,Open World,Open World,,,,,,,,,,,,,,,,,,,,,,,,,,,,,,,,,,,,,,,,,,,,,,,,,,,,,,,,,,,,,,,,,,,,No,,,,,,,,,,,,,,,,,,,,Available,Lower Guk undead-side content group; live side excluded,,,,Confirmed,Unconfirmed,,,,,,B24B-LGUK-UNDEAD,
48,B24B-UNDEAD-ENC-016,24B,Antonica,Lower Guk,Basalt Gargoyle area,,,,,,,,,,,,,,,,,,,,,,,,38-44,,,,,,Non-ghoul population,,,,,,,,,,,,,,,,Zone subdivision-specific,Supplemental,Medium,https://eqlwiki.com/Category:Lower_Guk,https://wiki.project1999.com/Ruins_of_Old_Guk,,Yes,1,,,,,,,Current EQL Wiki-supported; direct-build confirmation varies,Add,,,,,,,,,,https://eqlwiki.com/Category:Lower_Guk,,2026-07-28,,,,Yes,Listed,Current Wiki evidence,No,C,Current EQL Lower Guk records with classic undead-side comparison.,,,,,Current EQL Wiki,,EQL-LOOT-1.0,encounter_metadata,Metadata,,B24B-UNDEAD-ENC-016,,,No,No,Basalt Carapace source and faction exception.,,,,,,,,,,,,,,,,,,,Open-world indoor dungeon,Gargoyle branch,,,Basalt Gargoyle area,,,,,,Basalt Gargoyle area,Named Population,,,,,,,,,,,Basalt Carapace source and faction exception.,,,,,,,,,,,Open World,Open World,,,,,,,,,,,,,,,,,,,,,,,,,,,,,,,,,,,,,,,,,,,,,,,,,,,,,,,,,,,,,,,,,,,,No,,,,,,,,,,,,,,,,,,,,Available,Lower Guk undead-side content group; live side excluded,,,,Confirmed,Unconfirmed,,,,,,B24B-LGUK-UNDEAD,
49,B24B-UNDEAD-ENC-017,24B,Antonica,Lower Guk,Assassin and Supplier storeroom,,,,,,,,,,,,,,,,,,,,,,,,35-36,,,,,,Shared-room timer conflict,,,,,,,,,,,,,,,,Zone subdivision-specific,Supplemental,Medium,https://eqlwiki.com/Category:Lower_Guk,https://wiki.project1999.com/Ruins_of_Old_Guk,,Yes,1,,,,,,,Current EQL Wiki-supported; direct-build confirmation varies,Add,,,,,,,,,,https://eqlwiki.com/Category:Lower_Guk,,2026-07-28,,,,Yes,Listed,Current Wiki evidence,No,C,Current EQL Lower Guk records with classic undead-side comparison.,,,,,Current EQL Wiki,,EQL-LOOT-1.0,encounter_metadata,Metadata,,B24B-UNDEAD-ENC-017,,,No,No,Wan placeholder family; Assassin 28:00 versus Supplier 9:27 conflict.,,,,,,,,,,,,,,,,,,,Open-world indoor dungeon,Assassin/Supplier branch,,,Storeroom,,,,,,Assassin and Supplier storeroom,Shared Named Room,,,,,,,,,,,Wan placeholder family; Assassin 28:00 versus Supplier 9:27 conflict.,,,,,,,,,,,Open World,Open World,,,,,,,,,,,,,,,,,,,,,,,,,,,,,,,,,,,,,,,,,,,,,,,,,,,,,,,,,,,,,,,,,,,,No,,,,,,,,,,,,,,,,,,,,Available,Lower Guk undead-side content group; live side excluded,,,,Confirmed,Unconfirmed,,,,,,B24B-LGUK-UNDEAD,
50,B24B-UNDEAD-ENC-018,24B,Antonica,Lower Guk,Ghoul Savant room,,,,,,,,,,,,,,,,,,,,,,,,35,,,,,,Cleric healing,,,,,,,,,,,,,,,,Zone subdivision-specific,Supplemental,Medium,https://eqlwiki.com/Category:Lower_Guk,https://wiki.project1999.com/Ruins_of_Old_Guk,,Yes,1,,,,,,,Current EQL Wiki-supported; direct-build confirmation varies,Add,,,,,,,,,,https://eqlwiki.com/Category:Lower_Guk,,2026-07-28,,,,Yes,Listed,Current Wiki evidence,No,C,Current EQL Lower Guk records with classic undead-side comparison.,,,,,Current EQL Wiki,,EQL-LOOT-1.0,encounter_metadata,Metadata,,B24B-UNDEAD-ENC-018,,,No,No,Enameled Black Chestplate and Mace.,,,,,,,,,,,,,,,,,,,Open-world indoor dungeon,Dead Tower,,,Savant room,,,,,,Ghoul Savant room,Named Encounter,,,,,,,,,,,Enameled Black Chestplate and Mace.,,,,,,,,,,,Open World,Open World,,,,,,,,,,,,,,,,,,,,,,,,,,,,,,,,,,,,,,,,,,,,,,,,,,,,,,,,,,,,,,,,,,,,No,,,,,,,,,,,,,,,,,,,,Available,Lower Guk undead-side content group; live side excluded,,,,Confirmed,Unconfirmed,,,,,,B24B-LGUK-UNDEAD,
51,B24B-UNDEAD-ENC-019,24B,Antonica,Lower Guk,Ghoul Cavalier room,,,,,,,,,,,,,,,,,,,,,,,,36,,,,,,Pet and harm touch,,,,,,,,,,,,,,,,Zone subdivision-specific,Supplemental,Medium,https://eqlwiki.com/Category:Lower_Guk,https://wiki.project1999.com/Ruins_of_Old_Guk,,Yes,1,,,,,,,Current EQL Wiki-supported; direct-build confirmation varies,Add,,,,,,,,,,https://eqlwiki.com/Category:Lower_Guk,,2026-07-28,,,,Yes,Listed,Current Wiki evidence,No,C,Current EQL Lower Guk records with classic undead-side comparison.,,,,,Current EQL Wiki,,EQL-LOOT-1.0,encounter_metadata,Metadata,,B24B-UNDEAD-ENC-019,,,No,No,Adamantite Epaulets and A Dark Reaver.,,,,,,,,,,,,,,,,,,,Open-world indoor dungeon,Dead Tower,,,Cavalier room,,,,,,Ghoul Cavalier room,Named Encounter,,,,,,,,,,,Adamantite Epaulets and A Dark Reaver.,,,,,,,,,,,Open World,Open World,,,,,,,,,,,,,,,,,,,,,,,,,,,,,,,,,,,,,,,,,,,,,,,,,,,,,,,,,,,,,,,,,,,,No,,,,,,,,,,,,,,,,,,,,Available,Lower Guk undead-side content group; live side excluded,,,,Confirmed,Unconfirmed,,,,,,B24B-LGUK-UNDEAD,
52,B24B-UNDEAD-ENC-020,24B,Antonica,Lower Guk,Ghoul Sage and Scribe branch,,,,,,,,,,,,,,,,,,,,,,,,35-37,,,,,,Caster control,,,,,,,,,,,,,,,,Zone subdivision-specific,Supplemental,Medium,https://eqlwiki.com/Category:Lower_Guk,https://wiki.project1999.com/Ruins_of_Old_Guk,,Yes,1,,,,,,,Current EQL Wiki-supported; direct-build confirmation varies,Add,,,,,,,,,,https://eqlwiki.com/Category:Lower_Guk,,2026-07-28,,,,Yes,Listed,Current Wiki evidence,No,C,Current EQL Lower Guk records with classic undead-side comparison.,,,,,Current EQL Wiki,,EQL-LOOT-1.0,encounter_metadata,Metadata,,B24B-UNDEAD-ENC-020,,,No,No,Sage equipment active; Scribe components remain quarantined.,,,,,,,,,,,,,,,,,,,Open-world indoor dungeon,Sage/Scribe branch,,,Sage/Scribe rooms,,,,,,Ghoul Sage and Scribe branch,Named Branch,,,,,,,,,,,Sage equipment active; Scribe components remain quarantined.,,,,,,,,,,,Open World,Open World,,,,,,,,,,,,,,,,,,,,,,,,,,,,,,,,,,,,,,,,,,,,,,,,,,,,,,,,,,,,,,,,,,,,No,,,,,,,,,,,,,,,,,,,,Available,Lower Guk undead-side content group; live side excluded,,,,Confirmed,Unconfirmed,,,,,,B24B-LGUK-UNDEAD,
53,B24B-UNDEAD-ENC-021,24B,Antonica,Lower Guk,Ghoul Executioner room,,,,,,,,,,,,,,,,,,,,,,,,35,,,,,,Heavy melee,,,,,,,,,,,,,,,,Zone subdivision-specific,Supplemental,Medium,https://eqlwiki.com/Category:Lower_Guk,https://wiki.project1999.com/Ruins_of_Old_Guk,,Yes,1,,,,,,,Current EQL Wiki-supported; direct-build confirmation varies,Add,,,,,,,,,,https://eqlwiki.com/Category:Lower_Guk,,2026-07-28,,,,Yes,Listed,Current Wiki evidence,No,C,Current EQL Lower Guk records with classic undead-side comparison.,,,,,Current EQL Wiki,,EQL-LOOT-1.0,encounter_metadata,Metadata,,B24B-UNDEAD-ENC-021,,,No,No,Executioners Hood and Axe.,,,,,,,,,,,,,,,,,,,Open-world indoor dungeon,Executioner branch,,,Executioner room,,,,,,Ghoul Executioner room,Named Encounter,,,,,,,,,,,Executioners Hood and Axe.,,,,,,,,,,,Open World,Open World,,,,,,,,,,,,,,,,,,,,,,,,,,,,,,,,,,,,,,,,,,,,,,,,,,,,,,,,,,,,,,,,,,,,No,,,,,,,,,,,,,,,,,,,,Available,Lower Guk undead-side content group; live side excluded,,,,Confirmed,Unconfirmed,,,,,,B24B-LGUK-UNDEAD,
54,B24B-UNDEAD-ENC-022,24B,Antonica,Lower Guk,Guk Ghoul Knight and Wizard guard network,,,,,,,,,,,,,,,,,,,,,,,,45-49,,,,,,High HP and spells,,,,,,,,,,,,,,,,Zone subdivision-specific,Supplemental,Medium,https://eqlwiki.com/Category:Lower_Guk,https://wiki.project1999.com/Ruins_of_Old_Guk,,Yes,1,,,,,,,Current EQL Wiki-supported; direct-build confirmation varies,Add,,,,,,,,,,https://eqlwiki.com/Category:Lower_Guk,,2026-07-28,,,,Yes,Listed,Current Wiki evidence,No,C,Current EQL Lower Guk records with classic undead-side comparison.,,,,,Current EQL Wiki,,EQL-LOOT-1.0,encounter_metadata,Metadata,,B24B-UNDEAD-ENC-022,,,No,No,Strongest undead-side guard population near Lord.,,,,,,,,,,,,,,,,,,,Open-world indoor dungeon,Lord wing,,,High-rank guard routes,,,,,,Guk Ghoul Knight and Wizard guard network,Shared Population,,,,,,,,,,,Strongest undead-side guard population near Lord.,,,,,,,,,,,Open World,Open World,,,,,,,,,,,,,,,,,,,,,,,,,,,,,,,,,,,,,,,,,,,,,,,,,,,,,,,,,,,,,,,,,,,,No,,,,,,,,,,,,,,,,,,,,Available,Lower Guk undead-side content group; live side excluded,,,,Confirmed,Unconfirmed,,,,,,B24B-LGUK-UNDEAD,
55,B24B-UNDEAD-GMETA-001,24B,Antonica,Lower Guk,Generic undead-ghoul loot,,,,,,,,,,,,,,,,,,,,,,,,,,,,,,,,,,,,,,,,,,,,,,Zone subdivision-specific,Supplemental,Medium,https://eqlwiki.com/Category:Lower_Guk,https://wiki.project1999.com/Ruins_of_Old_Guk,,Yes,1,,,,,,,Current EQL Wiki-supported; direct-build confirmation varies,Add,,,,,,,,,,https://eqlwiki.com/Category:Lower_Guk,,2026-07-28,,,,Yes,Listed,Current Wiki evidence,No,C,Current EQL Lower Guk records with classic undead-side comparison.,,,,,Current EQL Wiki,,EQL-LOOT-1.0,metadata,Metadata,,B24B-UNDEAD-GMETA-001,,,No,No,"Common gems, weapons, components, and ordinary rank loot remain population metadata.",,,,,,,,,,,,,,,,,,,Open-world indoor dungeon,,,,,,,,,,Generic undead-ghoul loot,,,,,,,,,,,,"Common gems, weapons, components, and ordinary rank loot remain population metadata.",,,,,,,,,,,Open World,Open World,,,,,,,,,,,,,,,,,,,,,,,,,,,,,,,,,,,,,,,,,,,,,,,,,,,,,,,,,,,,,,,,,,,,No,,,,,,,,,,,,,,,,,,,,Available,Lower Guk undead-side content group; live side excluded,,,,Confirmed,Unconfirmed,,,,global-loot;excluded,,B24B-LGUK-UNDEAD,
56,B24B-UNDEAD-GMETA-002,24B,Antonica,Lower Guk,"Research words, runes, and gems",,,,,,,,,,,,,,,,,,,,,,,,,,,,,,,,,,,,,,,,,,,,,,Zone subdivision-specific,Supplemental,Medium,https://eqlwiki.com/Category:Lower_Guk,https://wiki.project1999.com/Ruins_of_Old_Guk,,Yes,1,,,,,,,Current EQL Wiki-supported; direct-build confirmation varies,Add,,,,,,,,,,https://eqlwiki.com/Category:Lower_Guk,,2026-07-28,,,,Yes,Listed,Current Wiki evidence,No,C,Current EQL Lower Guk records with classic undead-side comparison.,,,,,Current EQL Wiki,,EQL-LOOT-1.0,metadata,Metadata,,B24B-UNDEAD-GMETA-002,,,No,No,Broad research and gem tables remain metadata rather than duplicate source rows.,,,,,,,,,,,,,,,,,,,Open-world indoor dungeon,,,,,,,,,,"Research words, runes, and gems",,,,,,,,,,,,Broad research and gem tables remain metadata rather than duplicate source rows.,,,,,,,,,,,Open World,Open World,,,,,,,,,,,,,,,,,,,,,,,,,,,,,,,,,,,,,,,,,,,,,,,,,,,,,,,,,,,,,,,,,,,,No,,,,,,,,,,,,,,,,,,,,Available,Lower Guk undead-side content group; live side excluded,,,,Confirmed,Unconfirmed,,,,global-loot;excluded,,B24B-LGUK-UNDEAD,
57,B24B-UNDEAD-GMETA-003,24B,Antonica,Lower Guk,High-rank guard population tables,,,,,,,,,,,,,,,,,,,,,,,,,,,,,,,,,,,,,,,,,,,,,,Zone subdivision-specific,Supplemental,Medium,https://eqlwiki.com/Category:Lower_Guk,https://wiki.project1999.com/Ruins_of_Old_Guk,,Yes,1,,,,,,,Current EQL Wiki-supported; direct-build confirmation varies,Add,,,,,,,,,,https://eqlwiki.com/Category:Lower_Guk,,2026-07-28,,,,Yes,Listed,Current Wiki evidence,No,C,Current EQL Lower Guk records with classic undead-side comparison.,,,,,Current EQL Wiki,,EQL-LOOT-1.0,metadata,Metadata,,B24B-UNDEAD-GMETA-003,,,No,No,"Guk Knight and Wizard guards are encounter population, not named signature-loot rows.",,,,,,,,,,,,,,,,,,,Open-world indoor dungeon,,,,,,,,,,High-rank guard population tables,,,,,,,,,,,,"Guk Knight and Wizard guards are encounter population, not named signature-loot rows.",,,,,,,,,,,Open World,Open World,,,,,,,,,,,,,,,,,,,,,,,,,,,,,,,,,,,,,,,,,,,,,,,,,,,,,,,,,,,,,,,,,,,,No,,,,,,,,,,,,,,,,,,,,Available,Lower Guk undead-side content group; live side excluded,,,,Confirmed,Unconfirmed,,,,guard-network,,B24B-LGUK-UNDEAD,
58,B24B-UNDEAD-GMETA-004,24B,Antonica,Lower Guk,Bloodthirsty Ghoul component family,,,,,,,,,,,,,,,,,,,,,,,,,,,,,,,,,,,,,,,,,,,,,,Zone subdivision-specific,Supplemental,Medium,https://eqlwiki.com/Category:Lower_Guk,https://wiki.project1999.com/Ruins_of_Old_Guk,,Yes,1,,,,,,,Current EQL Wiki-supported; direct-build confirmation varies,Add,,,,,,,,,,https://eqlwiki.com/Category:Lower_Guk,,2026-07-28,,,,Yes,Listed,Current Wiki evidence,No,C,Current EQL Lower Guk records with classic undead-side comparison.,,,,,Current EQL Wiki,,EQL-LOOT-1.0,metadata,Metadata,,B24B-UNDEAD-GMETA-004,,,No,No,Later Magician-epic components are separated from the Frenzied named equipment table.,,,,,,,,,,,,,,,,,,,Open-world indoor dungeon,,,,,,,,,,Bloodthirsty Ghoul component family,,,,,,,,,,,,Later Magician-epic components are separated from the Frenzied named equipment table.,,,,,,,,,,,Open World,Open World,,,,,,,,,,,,,,,,,,,,,,,,,,,,,,,,,,,,,,,,,,,,,,,,,,,,,,,,,,,,,,,,,,,,No,,,,,,,,,,,,,,,,,,,,Available,Lower Guk undead-side content group; live side excluded,,,,Confirmed,Unconfirmed,,,,quest-era,,B24B-LGUK-UNDEAD,
59,B24B-UNDEAD-GMETA-005,24B,Antonica,Lower Guk,Ground-spawn delivery rules,,,,,,,,,,,,,,,,,,,,,,,,,,,,,,,,,,,,,,,,,,,,,,Zone subdivision-specific,Supplemental,Medium,https://eqlwiki.com/Category:Lower_Guk,https://wiki.project1999.com/Ruins_of_Old_Guk,,Yes,1,,,,,,,Current EQL Wiki-supported; direct-build confirmation varies,Add,,,,,,,,,,https://eqlwiki.com/Category:Lower_Guk,,2026-07-28,,,,Yes,Listed,Current Wiki evidence,No,C,Current EQL Lower Guk records with classic undead-side comparison.,,,,,Current EQL Wiki,,EQL-LOOT-1.0,metadata,Metadata,,B24B-UNDEAD-GMETA-005,,,No,No,Wizard Rod and Scepter candidates require Ground Spawn delivery with blank source_npc if confirmed.,,,,,,,,,,,,,,,,,,,Open-world indoor dungeon,,,,,,,,,,Ground-spawn delivery rules,,,,,,,,,,,,Wizard Rod and Scepter candidates require Ground Spawn delivery with blank source_npc if confirmed.,,,,,,,,,,,Open World,Open World,,,,,,,,,,,,,,,,,,,,,,,,,,,,,,,,,,,,,,,,,,,,,,,,,,,,,,,,,,,,,,,,,,,,No,,,,,,,,,,,,,,,,,,,,Available,Lower Guk undead-side content group; live side excluded,,,,Confirmed,Unconfirmed,,,,ground-spawn,,B24B-LGUK-UNDEAD,
60,B24B-UNDEAD-GMETA-006,24B,Antonica,Lower Guk,Guise of the Deceiver former drop,,,,,,,,,,,,,,,,,,,,,,,,,,,,,,,,,,,,,,,,,,,,,,Zone subdivision-specific,Supplemental,Medium,https://eqlwiki.com/Category:Lower_Guk,https://wiki.project1999.com/Ruins_of_Old_Guk,,Yes,1,,,,,,,Current EQL Wiki-supported; direct-build confirmation varies,Add,,,,,,,,,,https://eqlwiki.com/Category:Lower_Guk,,2026-07-28,,,,Yes,Listed,Current Wiki evidence,No,C,Current EQL Lower Guk records with classic undead-side comparison.,,,,,Current EQL Wiki,,EQL-LOOT-1.0,metadata,Metadata,,B24B-UNDEAD-GMETA-006,,,No,No,Historical Ghoul Assassin drop; removed and excluded from active current loot.,,,,,,,,,,,,,,,,,,,Open-world indoor dungeon,,,,,,,,,,Guise of the Deceiver former drop,,,,,,,,,,,,Historical Ghoul Assassin drop; removed and excluded from active current loot.,,,,,,,,,,,Open World,Open World,,,,,,,,,,,,,,,,,,,,,,,,,,,,,,,,,,,,,,,,,,,,,,,,,,,,,,,,,,,,,,,,,,,,No,,,,,,,,,,,,,,,,,,,,Available,Lower Guk undead-side content group; live side excluded,,,,Confirmed,Unconfirmed,,,,removed-drop,,B24B-LGUK-UNDEAD,
61,B24B-UNDEAD-GMETA-007,24B,Antonica,Lower Guk,Mask of Deception conflict summary,,,,,,,,,,,,,,,,,,,,,,,,,,,,,,,,,,,,,,,,,,,,,,Zone subdivision-specific,Supplemental,Medium,https://eqlwiki.com/Category:Lower_Guk,https://wiki.project1999.com/Ruins_of_Old_Guk,,Yes,1,,,,,,,Current EQL Wiki-supported; direct-build confirmation varies,Add,,,,,,,,,,https://eqlwiki.com/Category:Lower_Guk,,2026-07-28,,,,Yes,Listed,Current Wiki evidence,No,C,Current EQL Lower Guk records with classic undead-side comparison.,,,,,Current EQL Wiki,,EQL-LOOT-1.0,metadata,Metadata,,B24B-UNDEAD-GMETA-007,,,No,No,"Assassin table lists it, but dated item page says removed May 5, 2026; quarantined.",,,,,,,,,,,,,,,,,,,Open-world indoor dungeon,,,,,,,,,,Mask of Deception conflict summary,,,,,,,,,,,,"Assassin table lists it, but dated item page says removed May 5, 2026; quarantined.",,,,,,,,,,,Open World,Open World,,,,,,,,,,,,,,,,,,,,,,,,,,,,,,,,,,,,,,,,,,,,,,,,,,,,,,,,,,,,,,,,,,,,No,,,,,,,,,,,,,,,,,,,,Available,Lower Guk undead-side content group; live side excluded,,,,Confirmed,Unconfirmed,,,,source-conflict,,B24B-LGUK-UNDEAD,
62,B24B-UNDEAD-GMETA-008,24B,Antonica,Lower Guk,Later quest dependencies,,,,,,,,,,,,,,,,,,,,,,,,,,,,,,,,,,,,,,,,,,,,,,Zone subdivision-specific,Supplemental,Medium,https://eqlwiki.com/Category:Lower_Guk,https://wiki.project1999.com/Ruins_of_Old_Guk,,Yes,1,,,,,,,Current EQL Wiki-supported; direct-build confirmation varies,Add,,,,,,,,,,https://eqlwiki.com/Category:Lower_Guk,,2026-07-28,,,,Yes,Listed,Current Wiki evidence,No,C,Current EQL Lower Guk records with classic undead-side comparison.,,,,,Current EQL Wiki,,EQL-LOOT-1.0,metadata,Metadata,,B24B-UNDEAD-GMETA-008,,,No,No,"Epic, Call of Flame, Lambent, and other quest uses are stored separately from corpse drops.",,,,,,,,,,,,,,,,,,,Open-world indoor dungeon,,,,,,,,,,Later quest dependencies,,,,,,,,,,,,"Epic, Call of Flame, Lambent, and other quest uses are stored separately from corpse drops.",,,,,,,,,,,Open World,Open World,,,,,,,,,,,,,,,,,,,,,,,,,,,,,,,,,,,,,,,,,,,,,,,,,,,,,,,,,,,,,,,,,,,,No,,,,,,,,,,,,,,,,,,,,Available,Lower Guk undead-side content group; live side excluded,,,,Confirmed,Unconfirmed,,,,quest-era,,B24B-LGUK-UNDEAD,
63,B24B-UNDEAD-GMETA-009,24B,Antonica,Lower Guk,Later class and race qualifiers,,,,,,,,,,,,,,,,,,,,,,,,,,,,,,,,,,,,,,,,,,,,,,Zone subdivision-specific,Supplemental,Medium,https://eqlwiki.com/Category:Lower_Guk,https://wiki.project1999.com/Ruins_of_Old_Guk,,Yes,1,,,,,,,Current EQL Wiki-supported; direct-build confirmation varies,Add,,,,,,,,,,https://eqlwiki.com/Category:Lower_Guk,,2026-07-28,,,,Yes,Listed,Current Wiki evidence,No,C,Current EQL Lower Guk records with classic undead-side comparison.,,,,,Current EQL Wiki,,EQL-LOOT-1.0,metadata,Metadata,,B24B-UNDEAD-GMETA-009,,,No,No,Berserker and Iksar eligibility are retained in item data without implying launch availability.,,,,,,,,,,,,,,,,,,,Open-world indoor dungeon,,,,,,,,,,Later class and race qualifiers,,,,,,,,,,,,Berserker and Iksar eligibility are retained in item data without implying launch availability.,,,,,,,,,,,Open World,Open World,,,,,,,,,,,,,,,,,,,,,,,,,,,,,,,,,,,,,,,,,,,,,,,,,,,,,,,,,,,,,,,,,,,,No,,,,,,,,,,,,,,,,,,,,Available,Lower Guk undead-side content group; live side excluded,,,,Confirmed,Unconfirmed,,,,era-qualifier,,B24B-LGUK-UNDEAD,
64,B24B-UNDEAD-GMETA-010,24B,Antonica,Lower Guk,Live-side source exclusion,,,,,,,,,,,,,,,,,,,,,,,,,,,,,,,,,,,,,,,,,,,,,,Zone subdivision-specific,Supplemental,Medium,https://eqlwiki.com/Category:Lower_Guk,https://wiki.project1999.com/Ruins_of_Old_Guk,,Yes,1,,,,,,,Current EQL Wiki-supported; direct-build confirmation varies,Add,,,,,,,,,,https://eqlwiki.com/Category:Lower_Guk,,2026-07-28,,,,Yes,Listed,Current Wiki evidence,No,C,Current EQL Lower Guk records with classic undead-side comparison.,,,,,Current EQL Wiki,,EQL-LOOT-1.0,metadata,Metadata,,B24B-UNDEAD-GMETA-010,,,No,No,All living-froglok and live-side named loot remains reserved for Batch 24A.,,,,,,,,,,,,,,,,,,,Open-world indoor dungeon,,,,,,,,,,Live-side source exclusion,,,,,,,,,,,,All living-froglok and live-side named loot remains reserved for Batch 24A.,,,,,,,,,,,Open World,Open World,,,,,,,,,,,,,,,,,,,,,,,,,,,,,,,,,,,,,,,,,,,,,,,,,,,,,,,,,,,,,,,,,,,,No,,,,,,,,,,,,,,,,,,,,Available,Lower Guk undead-side content group; live side excluded,,,,Confirmed,Unconfirmed,,,,batch-boundary,,B24B-LGUK-UNDEAD,
65,B24B-UNDEAD-RES-001,24B,Antonica,Lower Guk,Universal current undead-side timer,,,,,,,,,,,,,,,,,,,,,,,,,,,,,,,,,,,,,,,,,,,,,,Zone subdivision-specific,Supplemental,Low,https://eqlwiki.com/Category:Lower_Guk,https://wiki.project1999.com/Ruins_of_Old_Guk,Determine whether any shared current timer exists across dead-side encounters.,Yes,1,,,,,,,Unresolved; direct-build or stronger current evidence required,Quarantine,,,,,,,,,,https://eqlwiki.com/Category:Lower_Guk,,2026-07-28,,,,Yes,Partial / conflicting,Unverified lead,No,D,Meaningful current or historical lead without enough support for active promotion.,Major timer conflict,,,,Unverified current Wiki / inherited classic evidence,,EQL-LOOT-1.0,research,Quarantined,,B24B-UNDEAD-RES-001,,,No,Yes,Quarantined research record; hidden from default loot results.,,,,,,,,,,,,,,,,,,,Open-world indoor dungeon,,,,,,,,,,,,,,,,,,,,,,,,,,,,,,,,,Open World,Open World,,,,,,,,,,,,,,,,,,,,,,,,,,,,,,,,,,,,,,,,,,,,,,,,,,,,,,,,,,,,,,,,,,,,No,,,,,,,,,,,,,,,,,,,,Available,Lower Guk undead-side content group; live side excluded,,,,Confirmed,Unconfirmed,,,,,,B24B-LGUK-UNDEAD,
66,B24B-UNDEAD-RES-002,24B,Antonica,Lower Guk,Ghoul Lord nine-minute timer,,,,,,,,,,,,,,,,,,,,,,,,,,,,,,,,,,,,,,,,,,,,,,Zone subdivision-specific,Supplemental,Low,https://eqlwiki.com/Category:Lower_Guk,https://wiki.project1999.com/Ruins_of_Old_Guk,Verify direct-build accuracy of the 9:00 page value.,Yes,1,,,,,,,Unresolved; direct-build or stronger current evidence required,Quarantine,,,,,,,,,,https://eqlwiki.com/Category:Lower_Guk,,2026-07-28,,,,Yes,Partial / conflicting,Unverified lead,No,D,Meaningful current or historical lead without enough support for active promotion.,Timer unresolved,,,,Unverified current Wiki / inherited classic evidence,,EQL-LOOT-1.0,research,Quarantined,,B24B-UNDEAD-RES-002,,,No,Yes,Quarantined research record; hidden from default loot results.,,,,,,,,,,,,,,,,,,,Open-world indoor dungeon,,,,,,,,,,,,,,,,,,,,,,,,,,,,,,,,,Open World,Open World,,,,,,,,,,,,,,,,,,,,,,,,,,,,,,,,,,,,,,,,,,,,,,,,,,,,,,,,,,,,,,,,,,,,No,,,,,,,,,,,,,,,,,,,,Available,Lower Guk undead-side content group; live side excluded,,,,Confirmed,Unconfirmed,,,,,,B24B-LGUK-UNDEAD,
67,B24B-UNDEAD-RES-003,24B,Antonica,Lower Guk,Ghoul Supplier 9:27 timer,,,,,,,,,,,,,,,,,,,,,,,,,,,,,,,,,,,,,,,,,,,,,,Zone subdivision-specific,Supplemental,Low,https://eqlwiki.com/Category:Lower_Guk,https://wiki.project1999.com/Ruins_of_Old_Guk,Verify direct-build accuracy of the 9:27 page value.,Yes,1,,,,,,,Unresolved; direct-build or stronger current evidence required,Quarantine,,,,,,,,,,https://eqlwiki.com/Category:Lower_Guk,,2026-07-28,,,,Yes,Partial / conflicting,Unverified lead,No,D,Meaningful current or historical lead without enough support for active promotion.,Timer unresolved,,,,Unverified current Wiki / inherited classic evidence,,EQL-LOOT-1.0,research,Quarantined,,B24B-UNDEAD-RES-003,,,No,Yes,Quarantined research record; hidden from default loot results.,,,,,,,,,,,,,,,,,,,Open-world indoor dungeon,,,,,,,,,,,,,,,,,,,,,,,,,,,,,,,,,Open World,Open World,,,,,,,,,,,,,,,,,,,,,,,,,,,,,,,,,,,,,,,,,,,,,,,,,,,,,,,,,,,,,,,,,,,,No,,,,,,,,,,,,,,,,,,,,Available,Lower Guk undead-side content group; live side excluded,,,,Confirmed,Unconfirmed,,,,,,B24B-LGUK-UNDEAD,
68,B24B-UNDEAD-RES-004,24B,Antonica,Lower Guk,Assassin/Supplier timer discrepancy,,,,,,,,,,,,,,,,,,,,,,,,,,,,,,,,,,,,,,,,,,,,,,Zone subdivision-specific,Supplemental,Low,https://eqlwiki.com/Category:Lower_Guk,https://wiki.project1999.com/Ruins_of_Old_Guk,Resolve different timers for named NPCs sharing a room and placeholder family.,Yes,1,,,,,,,Unresolved; direct-build or stronger current evidence required,Quarantine,,,,,,,,,,https://eqlwiki.com/Category:Lower_Guk,,2026-07-28,,,,Yes,Partial / conflicting,Unverified lead,No,D,Meaningful current or historical lead without enough support for active promotion.,Major timer conflict,,,,Unverified current Wiki / inherited classic evidence,,EQL-LOOT-1.0,research,Quarantined,,B24B-UNDEAD-RES-004,,,No,Yes,Quarantined research record; hidden from default loot results.,,,,,,,,,,,,,,,,,,,Open-world indoor dungeon,,,,,,,,,,,,,,,,,,,,,,,,,,,,,,,,,Open World,Open World,,,,,,,,,,,,,,,,,,,,,,,,,,,,,,,,,,,,,,,,,,,,,,,,,,,,,,,,,,,,,,,,,,,,No,,,,,,,,,,,,,,,,,,,,Available,Lower Guk undead-side content group; live side excluded,,,,Confirmed,Unconfirmed,,,,,,B24B-LGUK-UNDEAD,
69,B24B-UNDEAD-RES-005,24B,Antonica,Lower Guk,Ghoul Arch Magi current timer,,,,,,,,,,,,,,,,,,,,,,,,,,,,,,,,,,,,,,,,,,,,,,Zone subdivision-specific,Supplemental,Low,https://eqlwiki.com/Category:Lower_Guk,https://wiki.project1999.com/Ruins_of_Old_Guk,Determine the current named cycle.,Yes,1,,,,,,,Unresolved; direct-build or stronger current evidence required,Quarantine,,,,,,,,,,https://eqlwiki.com/Category:Lower_Guk,,2026-07-28,,,,Yes,Partial / conflicting,Unverified lead,No,D,Meaningful current or historical lead without enough support for active promotion.,Timer unresolved,,,,Unverified current Wiki / inherited classic evidence,,EQL-LOOT-1.0,research,Quarantined,,B24B-UNDEAD-RES-005,,,No,Yes,Quarantined research record; hidden from default loot results.,,,,,,,,,,,,,,,,,,,Open-world indoor dungeon,,,,,,,,,,,,,,,,,,,,,,,,,,,,,,,,,Open World,Open World,,,,,,,,,,,,,,,,,,,,,,,,,,,,,,,,,,,,,,,,,,,,,,,,,,,,,,,,,,,,,,,,,,,,No,,,,,,,,,,,,,,,,,,,,Available,Lower Guk undead-side content group; live side excluded,,,,Confirmed,Unconfirmed,,,,,,B24B-LGUK-UNDEAD,
70,B24B-UNDEAD-RES-006,24B,Antonica,Lower Guk,Frenzied Ghoul current probability,,,,,,,,,,,,,,,,,,,,,,,,,,,,,,,,,,,,,,,,,,,,,,Zone subdivision-specific,Supplemental,Low,https://eqlwiki.com/Category:Lower_Guk,https://wiki.project1999.com/Ruins_of_Old_Guk,Verify listed spawn and loot weights.,Yes,1,,,,,,,Unresolved; direct-build or stronger current evidence required,Quarantine,,,,,,,,,,https://eqlwiki.com/Category:Lower_Guk,,2026-07-28,,,,Yes,Partial / conflicting,Unverified lead,No,D,Meaningful current or historical lead without enough support for active promotion.,Probability unresolved,,,,Unverified current Wiki / inherited classic evidence,,EQL-LOOT-1.0,research,Quarantined,,B24B-UNDEAD-RES-006,,,No,Yes,Quarantined research record; hidden from default loot results.,,,,,,,,,,,,,,,,,,,Open-world indoor dungeon,,,,,,,,,,,,,,,,,,,,,,,,,,,,,,,,,Open World,Open World,,,,,,,,,,,,,,,,,,,,,,,,,,,,,,,,,,,,,,,,,,,,,,,,,,,,,,,,,,,,,,,,,,,,No,,,,,,,,,,,,,,,,,,,,Available,Lower Guk undead-side content group; live side excluded,,,,Confirmed,Unconfirmed,,,,,,B24B-LGUK-UNDEAD,
71,B24B-UNDEAD-RES-007,24B,Antonica,Lower Guk,Reanimated Hand current timer,,,,,,,,,,,,,,,,,,,,,,,,,,,,,,,,,,,,,,,,,,,,,,Zone subdivision-specific,Supplemental,Low,https://eqlwiki.com/Category:Lower_Guk,https://wiki.project1999.com/Ruins_of_Old_Guk,Determine current cycle.,Yes,1,,,,,,,Unresolved; direct-build or stronger current evidence required,Quarantine,,,,,,,,,,https://eqlwiki.com/Category:Lower_Guk,,2026-07-28,,,,Yes,Partial / conflicting,Unverified lead,No,D,Meaningful current or historical lead without enough support for active promotion.,Timer unresolved,,,,Unverified current Wiki / inherited classic evidence,,EQL-LOOT-1.0,research,Quarantined,,B24B-UNDEAD-RES-007,,,No,Yes,Quarantined research record; hidden from default loot results.,,,,,,,,,,,,,,,,,,,Open-world indoor dungeon,,,,,,,,,,,,,,,,,,,,,,,,,,,,,,,,,Open World,Open World,,,,,,,,,,,,,,,,,,,,,,,,,,,,,,,,,,,,,,,,,,,,,,,,,,,,,,,,,,,,,,,,,,,,No,,,,,,,,,,,,,,,,,,,,Available,Lower Guk undead-side content group; live side excluded,,,,Confirmed,Unconfirmed,,,,,,B24B-LGUK-UNDEAD,
72,B24B-UNDEAD-RES-008,24B,Antonica,Lower Guk,Reanimated Hand placeholder,,,,,,,,,,,,,,,,,,,,,,,,,,,,,,,,,,,,,,,,,,,,,,Zone subdivision-specific,Supplemental,Low,https://eqlwiki.com/Category:Lower_Guk,https://wiki.project1999.com/Ruins_of_Old_Guk,Determine current placeholder or paired-spawn logic.,Yes,1,,,,,,,Unresolved; direct-build or stronger current evidence required,Quarantine,,,,,,,,,,https://eqlwiki.com/Category:Lower_Guk,,2026-07-28,,,,Yes,Partial / conflicting,Unverified lead,No,D,Meaningful current or historical lead without enough support for active promotion.,Spawn unresolved,,,,Unverified current Wiki / inherited classic evidence,,EQL-LOOT-1.0,research,Quarantined,,B24B-UNDEAD-RES-008,,,No,Yes,Quarantined research record; hidden from default loot results.,,,,,,,,,,,,,,,,,,,Open-world indoor dungeon,,,,,,,,,,,,,,,,,,,,,,,,,,,,,,,,,Open World,Open World,,,,,,,,,,,,,,,,,,,,,,,,,,,,,,,,,,,,,,,,,,,,,,,,,,,,,,,,,,,,,,,,,,,,No,,,,,,,,,,,,,,,,,,,,Available,Lower Guk undead-side content group; live side excluded,,,,Confirmed,Unconfirmed,,,,,,B24B-LGUK-UNDEAD,
73,B24B-UNDEAD-RES-009,24B,Antonica,Lower Guk,Serpentine Bracer current item block,,,,,,,,,,,,,,,,,,,,,,,,,,,,,,,,,,,,,,,,,,,,,,Zone subdivision-specific,Supplemental,Low,https://eqlwiki.com/Category:Lower_Guk,https://wiki.project1999.com/Ruins_of_Old_Guk,Recover complete current fields and exact current Hand source.,Yes,1,,,,,,,Unresolved; direct-build or stronger current evidence required,Quarantine,,,,,,,,,,https://eqlwiki.com/Category:Lower_Guk,,2026-07-28,,,,Yes,Partial / conflicting,Unverified lead,No,D,Meaningful current or historical lead without enough support for active promotion.,Incomplete equippable data,,,,Unverified current Wiki / inherited classic evidence,,EQL-LOOT-1.0,research,Quarantined,,B24B-UNDEAD-RES-009,,,No,Yes,Quarantined research record; hidden from default loot results.,,,,,,,,,,,,,,,,,,,Open-world indoor dungeon,,,,,,,,,,,,,,,,,,,,,,,,,,,,,,,,,Open World,Open World,,,,,,,,,,,,,,,,,,,,,,,,,,,,,,,,,,,,,,,,,,,,,,,,,,,,,,,,,,,,,,,,,,,,No,,,,,,,,,,,,,,,,,,,,Available,Lower Guk undead-side content group; live side excluded,,,,Confirmed,Unconfirmed,,,,,,B24B-LGUK-UNDEAD,
74,B24B-UNDEAD-RES-010,24B,Antonica,Lower Guk,Ghoul Ritualist current spawn,,,,,,,,,,,,,,,,,,,,,,,,,,,,,,,,,,,,,,,,,,,,,,Zone subdivision-specific,Supplemental,Low,https://eqlwiki.com/Category:Lower_Guk,https://wiki.project1999.com/Ruins_of_Old_Guk,Verify timer and placeholder.,Yes,1,,,,,,,Unresolved; direct-build or stronger current evidence required,Quarantine,,,,,,,,,,https://eqlwiki.com/Category:Lower_Guk,,2026-07-28,,,,Yes,Partial / conflicting,Unverified lead,No,D,Meaningful current or historical lead without enough support for active promotion.,Spawn unresolved,,,,Unverified current Wiki / inherited classic evidence,,EQL-LOOT-1.0,research,Quarantined,,B24B-UNDEAD-RES-010,,,No,Yes,Quarantined research record; hidden from default loot results.,,,,,,,,,,,,,,,,,,,Open-world indoor dungeon,,,,,,,,,,,,,,,,,,,,,,,,,,,,,,,,,Open World,Open World,,,,,,,,,,,,,,,,,,,,,,,,,,,,,,,,,,,,,,,,,,,,,,,,,,,,,,,,,,,,,,,,,,,,No,,,,,,,,,,,,,,,,,,,,Available,Lower Guk undead-side content group; live side excluded,,,,Confirmed,Unconfirmed,,,,,,B24B-LGUK-UNDEAD,
75,B24B-UNDEAD-RES-011,24B,Antonica,Lower Guk,Ghoul Sentinel current spawn,,,,,,,,,,,,,,,,,,,,,,,,,,,,,,,,,,,,,,,,,,,,,,Zone subdivision-specific,Supplemental,Low,https://eqlwiki.com/Category:Lower_Guk,https://wiki.project1999.com/Ruins_of_Old_Guk,Verify timer and placeholder.,Yes,1,,,,,,,Unresolved; direct-build or stronger current evidence required,Quarantine,,,,,,,,,,https://eqlwiki.com/Category:Lower_Guk,,2026-07-28,,,,Yes,Partial / conflicting,Unverified lead,No,D,Meaningful current or historical lead without enough support for active promotion.,Spawn unresolved,,,,Unverified current Wiki / inherited classic evidence,,EQL-LOOT-1.0,research,Quarantined,,B24B-UNDEAD-RES-011,,,No,Yes,Quarantined research record; hidden from default loot results.,,,,,,,,,,,,,,,,,,,Open-world indoor dungeon,,,,,,,,,,,,,,,,,,,,,,,,,,,,,,,,,Open World,Open World,,,,,,,,,,,,,,,,,,,,,,,,,,,,,,,,,,,,,,,,,,,,,,,,,,,,,,,,,,,,,,,,,,,,No,,,,,,,,,,,,,,,,,,,,Available,Lower Guk undead-side content group; live side excluded,,,,Confirmed,Unconfirmed,,,,,,B24B-LGUK-UNDEAD,
76,B24B-UNDEAD-RES-012,24B,Antonica,Lower Guk,Scalp of the Ghoul Lord drop,,,,,,,,,,,,,,,,,,,,,,,,,,,,,,,,,,,,,,,,,,,,,,Zone subdivision-specific,Supplemental,Low,https://eqlwiki.com/Category:Lower_Guk,https://wiki.project1999.com/Ruins_of_Old_Guk,Verify that the current intended EQL rule set actually drops the item.,Yes,1,,,,,,,Unresolved; direct-build or stronger current evidence required,Quarantine,,,,,,,,,,https://eqlwiki.com/Category:Lower_Guk,,2026-07-28,,,,Yes,Partial / conflicting,Unverified lead,No,D,Meaningful current or historical lead without enough support for active promotion.,Era/drop unresolved,,,,Unverified current Wiki / inherited classic evidence,,EQL-LOOT-1.0,research,Quarantined,,B24B-UNDEAD-RES-012,,,No,Yes,Quarantined research record; hidden from default loot results.,,,,,,,,,,,,,,,,,,,Open-world indoor dungeon,,,,,,,,,,,,,,,,,,,,,,,,,,,,,,,,,Open World,Open World,,,,,,,,,,,,,,,,,,,,,,,,,,,,,,,,,,,,,,,,,,,,,,,,,,,,,,,,,,,,,,,,,,,,No,,,,,,,,,,,,,,,,,,,,Available,Lower Guk undead-side content group; live side excluded,,,,Confirmed,Unconfirmed,,,,,,B24B-LGUK-UNDEAD,
77,B24B-UNDEAD-RES-013,24B,Antonica,Lower Guk,Scalp of the Ghoul Lord worn effect,,,,,,,,,,,,,,,,,,,,,,,,,,,,,,,,,,,,,,,,,,,,,,Zone subdivision-specific,Supplemental,Low,https://eqlwiki.com/Category:Lower_Guk,https://wiki.project1999.com/Ruins_of_Old_Guk,Document worn-effect mechanics.,Yes,1,,,,,,,Unresolved; direct-build or stronger current evidence required,Quarantine,,,,,,,,,,https://eqlwiki.com/Category:Lower_Guk,,2026-07-28,,,,Yes,Partial / conflicting,Unverified lead,No,D,Meaningful current or historical lead without enough support for active promotion.,Effect unresolved,,,,Unverified current Wiki / inherited classic evidence,,EQL-LOOT-1.0,research,Quarantined,,B24B-UNDEAD-RES-013,,,No,Yes,Quarantined research record; hidden from default loot results.,,,,,,,,,,,,,,,,,,,Open-world indoor dungeon,,,,,,,,,,,,,,,,,,,,,,,,,,,,,,,,,Open World,Open World,,,,,,,,,,,,,,,,,,,,,,,,,,,,,,,,,,,,,,,,,,,,,,,,,,,,,,,,,,,,,,,,,,,,No,,,,,,,,,,,,,,,,,,,,Available,Lower Guk undead-side content group; live side excluded,,,,Confirmed,Unconfirmed,,,,,,B24B-LGUK-UNDEAD,
78,B24B-UNDEAD-RES-014,24B,Antonica,Lower Guk,Scalp of the Ghoul Lord intended era,,,,,,,,,,,,,,,,,,,,,,,,,,,,,,,,,,,,,,,,,,,,,,Zone subdivision-specific,Supplemental,Low,https://eqlwiki.com/Category:Lower_Guk,https://wiki.project1999.com/Ruins_of_Old_Guk,Determine EQL-added versus inherited later-era origin.,Yes,1,,,,,,,Unresolved; direct-build or stronger current evidence required,Quarantine,,,,,,,,,,https://eqlwiki.com/Category:Lower_Guk,,2026-07-28,,,,Yes,Partial / conflicting,Unverified lead,No,D,Meaningful current or historical lead without enough support for active promotion.,Era unresolved,,,,Unverified current Wiki / inherited classic evidence,,EQL-LOOT-1.0,research,Quarantined,,B24B-UNDEAD-RES-014,,,No,Yes,Quarantined research record; hidden from default loot results.,,,,,,,,,,,,,,,,,,,Open-world indoor dungeon,,,,,,,,,,,,,,,,,,,,,,,,,,,,,,,,,Open World,Open World,,,,,,,,,,,,,,,,,,,,,,,,,,,,,,,,,,,,,,,,,,,,,,,,,,,,,,,,,,,,,,,,,,,,No,,,,,,,,,,,,,,,,,,,,Available,Lower Guk undead-side content group; live side excluded,,,,Confirmed,Unconfirmed,,,,,,B24B-LGUK-UNDEAD,
79,B24B-UNDEAD-RES-015,24B,Antonica,Lower Guk,Scalp future-class eligibility,,,,,,,,,,,,,,,,,,,,,,,,,,,,,,,,,,,,,,,,,,,,,,Zone subdivision-specific,Supplemental,Low,https://eqlwiki.com/Category:Lower_Guk,https://wiki.project1999.com/Ruins_of_Old_Guk,Resolve BST/BER and deity restrictions in intended-era play.,Yes,1,,,,,,,Unresolved; direct-build or stronger current evidence required,Quarantine,,,,,,,,,,https://eqlwiki.com/Category:Lower_Guk,,2026-07-28,,,,Yes,Partial / conflicting,Unverified lead,No,D,Meaningful current or historical lead without enough support for active promotion.,Availability unresolved,,,,Unverified current Wiki / inherited classic evidence,,EQL-LOOT-1.0,research,Quarantined,,B24B-UNDEAD-RES-015,,,No,Yes,Quarantined research record; hidden from default loot results.,,,,,,,,,,,,,,,,,,,Open-world indoor dungeon,,,,,,,,,,,,,,,,,,,,,,,,,,,,,,,,,Open World,Open World,,,,,,,,,,,,,,,,,,,,,,,,,,,,,,,,,,,,,,,,,,,,,,,,,,,,,,,,,,,,,,,,,,,,No,,,,,,,,,,,,,,,,,,,,Available,Lower Guk undead-side content group; live side excluded,,,,Confirmed,Unconfirmed,,,,,,B24B-LGUK-UNDEAD,
80,B24B-UNDEAD-RES-016,24B,Antonica,Lower Guk,Serrated Bone Dirk Backstab +8,,,,,,,,,,,,,,,,,,,,,,,,,,,,,,,,,,,,,,,,,,,,,,Zone subdivision-specific,Supplemental,Low,https://eqlwiki.com/Category:Lower_Guk,https://wiki.project1999.com/Ruins_of_Old_Guk,Resolve NPC-table versus dedicated item-page conflict.,Yes,1,,,,,,,Unresolved; direct-build or stronger current evidence required,Quarantine,,,,,,,,,,https://eqlwiki.com/Category:Lower_Guk,,2026-07-28,,,,Yes,Partial / conflicting,Unverified lead,No,D,Meaningful current or historical lead without enough support for active promotion.,Field conflict,,,,Unverified current Wiki / inherited classic evidence,,EQL-LOOT-1.0,research,Quarantined,,B24B-UNDEAD-RES-016,,,No,Yes,Quarantined research record; hidden from default loot results.,,,,,,,,,,,,,,,,,,,Open-world indoor dungeon,,,,,,,,,,,,,,,,,,,,,,,,,,,,,,,,,Open World,Open World,,,,,,,,,,,,,,,,,,,,,,,,,,,,,,,,,,,,,,,,,,,,,,,,,,,,,,,,,,,,,,,,,,,,No,,,,,,,,,,,,,,,,,,,,Available,Lower Guk undead-side content group; live side excluded,,,,Confirmed,Unconfirmed,,,,,,B24B-LGUK-UNDEAD,
81,B24B-UNDEAD-RES-017,24B,Antonica,Lower Guk,Brigandine Tunic Endurance,,,,,,,,,,,,,,,,,,,,,,,,,,,,,,,,,,,,,,,,,,,,,,Zone subdivision-specific,Supplemental,Low,https://eqlwiki.com/Category:Lower_Guk,https://wiki.project1999.com/Ruins_of_Old_Guk,Verify Endurance +10 functionality at launch.,Yes,1,,,,,,,Unresolved; direct-build or stronger current evidence required,Quarantine,,,,,,,,,,https://eqlwiki.com/Category:Lower_Guk,,2026-07-28,,,,Yes,Partial / conflicting,Unverified lead,No,D,Meaningful current or historical lead without enough support for active promotion.,System-stat availability,,,,Unverified current Wiki / inherited classic evidence,,EQL-LOOT-1.0,research,Quarantined,,B24B-UNDEAD-RES-017,,,No,Yes,Quarantined research record; hidden from default loot results.,,,,,,,,,,,,,,,,,,,Open-world indoor dungeon,,,,,,,,,,,,,,,,,,,,,,,,,,,,,,,,,Open World,Open World,,,,,,,,,,,,,,,,,,,,,,,,,,,,,,,,,,,,,,,,,,,,,,,,,,,,,,,,,,,,,,,,,,,,No,,,,,,,,,,,,,,,,,,,,Available,Lower Guk undead-side content group; live side excluded,,,,Confirmed,Unconfirmed,,,,,,B24B-LGUK-UNDEAD,
82,B24B-UNDEAD-RES-018,24B,Antonica,Lower Guk,Thick Banded Belt Attunable,,,,,,,,,,,,,,,,,,,,,,,,,,,,,,,,,,,,,,,,,,,,,,Zone subdivision-specific,Supplemental,Low,https://eqlwiki.com/Category:Lower_Guk,https://wiki.project1999.com/Ruins_of_Old_Guk,Verify attunement mechanics in EQL.,Yes,1,,,,,,,Unresolved; direct-build or stronger current evidence required,Quarantine,,,,,,,,,,https://eqlwiki.com/Category:Lower_Guk,,2026-07-28,,,,Yes,Partial / conflicting,Unverified lead,No,D,Meaningful current or historical lead without enough support for active promotion.,Property unresolved,,,,Unverified current Wiki / inherited classic evidence,,EQL-LOOT-1.0,research,Quarantined,,B24B-UNDEAD-RES-018,,,No,Yes,Quarantined research record; hidden from default loot results.,,,,,,,,,,,,,,,,,,,Open-world indoor dungeon,,,,,,,,,,,,,,,,,,,,,,,,,,,,,,,,,Open World,Open World,,,,,,,,,,,,,,,,,,,,,,,,,,,,,,,,,,,,,,,,,,,,,,,,,,,,,,,,,,,,,,,,,,,,No,,,,,,,,,,,,,,,,,,,,Available,Lower Guk undead-side content group; live side excluded,,,,Confirmed,Unconfirmed,,,,,,B24B-LGUK-UNDEAD,
83,B24B-UNDEAD-RES-019,24B,Antonica,Lower Guk,Mask of Deception final status,,,,,,,,,,,,,,,,,,,,,,,,,,,,,,,,,,,,,,,,,,,,,,Zone subdivision-specific,Supplemental,Low,https://eqlwiki.com/Category:Lower_Guk,https://wiki.project1999.com/Ruins_of_Old_Guk,"Confirm whether removal after May 5, 2026 remains current.",Yes,1,,,,,,,Unresolved; direct-build or stronger current evidence required,Quarantine,,,,,,,,,,https://eqlwiki.com/Category:Lower_Guk,,2026-07-28,,,,Yes,Partial / conflicting,Unverified lead,No,D,Meaningful current or historical lead without enough support for active promotion.,Source conflict,,,,Unverified current Wiki / inherited classic evidence,,EQL-LOOT-1.0,research,Quarantined,,B24B-UNDEAD-RES-019,,,No,Yes,Quarantined research record; hidden from default loot results.,,,,,,,,,,,,,,,,,,,Open-world indoor dungeon,,,,,,,,,,,,,,,,,,,,,,,,,,,,,,,,,Open World,Open World,,,,,,,,,,,,,,,,,,,,,,,,,,,,,,,,,,,,,,,,,,,,,,,,,,,,,,,,,,,,,,,,,,,,No,,,,,,,,,,,,,,,,,,,,Available,Lower Guk undead-side content group; live side excluded,,,,Confirmed,Unconfirmed,,,,,,B24B-LGUK-UNDEAD,
84,B24B-UNDEAD-RES-020,24B,Antonica,Lower Guk,Ghoul Assassin replacement drop,,,,,,,,,,,,,,,,,,,,,,,,,,,,,,,,,,,,,,,,,,,,,,Zone subdivision-specific,Supplemental,Low,https://eqlwiki.com/Category:Lower_Guk,https://wiki.project1999.com/Ruins_of_Old_Guk,Determine whether another common item replaced Mask of Deception.,Yes,1,,,,,,,Unresolved; direct-build or stronger current evidence required,Quarantine,,,,,,,,,,https://eqlwiki.com/Category:Lower_Guk,,2026-07-28,,,,Yes,Partial / conflicting,Unverified lead,No,D,Meaningful current or historical lead without enough support for active promotion.,Table incomplete,,,,Unverified current Wiki / inherited classic evidence,,EQL-LOOT-1.0,research,Quarantined,,B24B-UNDEAD-RES-020,,,No,Yes,Quarantined research record; hidden from default loot results.,,,,,,,,,,,,,,,,,,,Open-world indoor dungeon,,,,,,,,,,,,,,,,,,,,,,,,,,,,,,,,,Open World,Open World,,,,,,,,,,,,,,,,,,,,,,,,,,,,,,,,,,,,,,,,,,,,,,,,,,,,,,,,,,,,,,,,,,,,No,,,,,,,,,,,,,,,,,,,,Available,Lower Guk undead-side content group; live side excluded,,,,Confirmed,Unconfirmed,,,,,,B24B-LGUK-UNDEAD,
85,B24B-UNDEAD-RES-021,24B,Antonica,Lower Guk,Ghoul Savant current spawn,,,,,,,,,,,,,,,,,,,,,,,,,,,,,,,,,,,,,,,,,,,,,,Zone subdivision-specific,Supplemental,Low,https://eqlwiki.com/Category:Lower_Guk,https://wiki.project1999.com/Ruins_of_Old_Guk,Verify timer and placeholder.,Yes,1,,,,,,,Unresolved; direct-build or stronger current evidence required,Quarantine,,,,,,,,,,https://eqlwiki.com/Category:Lower_Guk,,2026-07-28,,,,Yes,Partial / conflicting,Unverified lead,No,D,Meaningful current or historical lead without enough support for active promotion.,Spawn unresolved,,,,Unverified current Wiki / inherited classic evidence,,EQL-LOOT-1.0,research,Quarantined,,B24B-UNDEAD-RES-021,,,No,Yes,Quarantined research record; hidden from default loot results.,,,,,,,,,,,,,,,,,,,Open-world indoor dungeon,,,,,,,,,,,,,,,,,,,,,,,,,,,,,,,,,Open World,Open World,,,,,,,,,,,,,,,,,,,,,,,,,,,,,,,,,,,,,,,,,,,,,,,,,,,,,,,,,,,,,,,,,,,,No,,,,,,,,,,,,,,,,,,,,Available,Lower Guk undead-side content group; live side excluded,,,,Confirmed,Unconfirmed,,,,,,B24B-LGUK-UNDEAD,
86,B24B-UNDEAD-RES-022,24B,Antonica,Lower Guk,Ghoul Cavalier current spawn,,,,,,,,,,,,,,,,,,,,,,,,,,,,,,,,,,,,,,,,,,,,,,Zone subdivision-specific,Supplemental,Low,https://eqlwiki.com/Category:Lower_Guk,https://wiki.project1999.com/Ruins_of_Old_Guk,Verify timer and placeholder.,Yes,1,,,,,,,Unresolved; direct-build or stronger current evidence required,Quarantine,,,,,,,,,,https://eqlwiki.com/Category:Lower_Guk,,2026-07-28,,,,Yes,Partial / conflicting,Unverified lead,No,D,Meaningful current or historical lead without enough support for active promotion.,Spawn unresolved,,,,Unverified current Wiki / inherited classic evidence,,EQL-LOOT-1.0,research,Quarantined,,B24B-UNDEAD-RES-022,,,No,Yes,Quarantined research record; hidden from default loot results.,,,,,,,,,,,,,,,,,,,Open-world indoor dungeon,,,,,,,,,,,,,,,,,,,,,,,,,,,,,,,,,Open World,Open World,,,,,,,,,,,,,,,,,,,,,,,,,,,,,,,,,,,,,,,,,,,,,,,,,,,,,,,,,,,,,,,,,,,,No,,,,,,,,,,,,,,,,,,,,Available,Lower Guk undead-side content group; live side excluded,,,,Confirmed,Unconfirmed,,,,,,B24B-LGUK-UNDEAD,
87,B24B-UNDEAD-RES-023,24B,Antonica,Lower Guk,Ghoul Sage current spawn,,,,,,,,,,,,,,,,,,,,,,,,,,,,,,,,,,,,,,,,,,,,,,Zone subdivision-specific,Supplemental,Low,https://eqlwiki.com/Category:Lower_Guk,https://wiki.project1999.com/Ruins_of_Old_Guk,Verify timer and placeholder.,Yes,1,,,,,,,Unresolved; direct-build or stronger current evidence required,Quarantine,,,,,,,,,,https://eqlwiki.com/Category:Lower_Guk,,2026-07-28,,,,Yes,Partial / conflicting,Unverified lead,No,D,Meaningful current or historical lead without enough support for active promotion.,Spawn unresolved,,,,Unverified current Wiki / inherited classic evidence,,EQL-LOOT-1.0,research,Quarantined,,B24B-UNDEAD-RES-023,,,No,Yes,Quarantined research record; hidden from default loot results.,,,,,,,,,,,,,,,,,,,Open-world indoor dungeon,,,,,,,,,,,,,,,,,,,,,,,,,,,,,,,,,Open World,Open World,,,,,,,,,,,,,,,,,,,,,,,,,,,,,,,,,,,,,,,,,,,,,,,,,,,,,,,,,,,,,,,,,,,,No,,,,,,,,,,,,,,,,,,,,Available,Lower Guk undead-side content group; live side excluded,,,,Confirmed,Unconfirmed,,,,,,B24B-LGUK-UNDEAD,
88,B24B-UNDEAD-RES-024,24B,Antonica,Lower Guk,Ghoul Scribe current spawn,,,,,,,,,,,,,,,,,,,,,,,,,,,,,,,,,,,,,,,,,,,,,,Zone subdivision-specific,Supplemental,Low,https://eqlwiki.com/Category:Lower_Guk,https://wiki.project1999.com/Ruins_of_Old_Guk,Verify timer and placeholder.,Yes,1,,,,,,,Unresolved; direct-build or stronger current evidence required,Quarantine,,,,,,,,,,https://eqlwiki.com/Category:Lower_Guk,,2026-07-28,,,,Yes,Partial / conflicting,Unverified lead,No,D,Meaningful current or historical lead without enough support for active promotion.,Spawn unresolved,,,,Unverified current Wiki / inherited classic evidence,,EQL-LOOT-1.0,research,Quarantined,,B24B-UNDEAD-RES-024,,,No,Yes,Quarantined research record; hidden from default loot results.,,,,,,,,,,,,,,,,,,,Open-world indoor dungeon,,,,,,,,,,,,,,,,,,,,,,,,,,,,,,,,,Open World,Open World,,,,,,,,,,,,,,,,,,,,,,,,,,,,,,,,,,,,,,,,,,,,,,,,,,,,,,,,,,,,,,,,,,,,No,,,,,,,,,,,,,,,,,,,,Available,Lower Guk undead-side content group; live side excluded,,,,Confirmed,Unconfirmed,,,,,,B24B-LGUK-UNDEAD,
89,B24B-UNDEAD-RES-025,24B,Antonica,Lower Guk,Gorgon Feather Quill current fields,,,,,,,,,,,,,,,,,,,,,,,,,,,,,,,,,,,,,,,,,,,,,,Zone subdivision-specific,Supplemental,Low,https://eqlwiki.com/Category:Lower_Guk,https://wiki.project1999.com/Ruins_of_Old_Guk,"Complete current item block, source, and uses.",Yes,1,,,,,,,Unresolved; direct-build or stronger current evidence required,Quarantine,,,,,,,,,,https://eqlwiki.com/Category:Lower_Guk,,2026-07-28,,,,Yes,Partial / conflicting,Unverified lead,No,D,Meaningful current or historical lead without enough support for active promotion.,Incomplete component data,,,,Unverified current Wiki / inherited classic evidence,,EQL-LOOT-1.0,research,Quarantined,,B24B-UNDEAD-RES-025,,,No,Yes,Quarantined research record; hidden from default loot results.,,,,,,,,,,,,,,,,,,,Open-world indoor dungeon,,,,,,,,,,,,,,,,,,,,,,,,,,,,,,,,,Open World,Open World,,,,,,,,,,,,,,,,,,,,,,,,,,,,,,,,,,,,,,,,,,,,,,,,,,,,,,,,,,,,,,,,,,,,No,,,,,,,,,,,,,,,,,,,,Available,Lower Guk undead-side content group; live side excluded,,,,Confirmed,Unconfirmed,,,,,,B24B-LGUK-UNDEAD,
90,B24B-UNDEAD-RES-026,24B,Antonica,Lower Guk,Parchment of Flayed Skin current fields,,,,,,,,,,,,,,,,,,,,,,,,,,,,,,,,,,,,,,,,,,,,,,Zone subdivision-specific,Supplemental,Low,https://eqlwiki.com/Category:Lower_Guk,https://wiki.project1999.com/Ruins_of_Old_Guk,"Complete current item block, source, and uses.",Yes,1,,,,,,,Unresolved; direct-build or stronger current evidence required,Quarantine,,,,,,,,,,https://eqlwiki.com/Category:Lower_Guk,,2026-07-28,,,,Yes,Partial / conflicting,Unverified lead,No,D,Meaningful current or historical lead without enough support for active promotion.,Incomplete component data,,,,Unverified current Wiki / inherited classic evidence,,EQL-LOOT-1.0,research,Quarantined,,B24B-UNDEAD-RES-026,,,No,Yes,Quarantined research record; hidden from default loot results.,,,,,,,,,,,,,,,,,,,Open-world indoor dungeon,,,,,,,,,,,,,,,,,,,,,,,,,,,,,,,,,Open World,Open World,,,,,,,,,,,,,,,,,,,,,,,,,,,,,,,,,,,,,,,,,,,,,,,,,,,,,,,,,,,,,,,,,,,,No,,,,,,,,,,,,,,,,,,,,Available,Lower Guk undead-side content group; live side excluded,,,,Confirmed,Unconfirmed,,,,,,B24B-LGUK-UNDEAD,
91,B24B-UNDEAD-RES-027,24B,Antonica,Lower Guk,Ghoul Executioner current spawn,,,,,,,,,,,,,,,,,,,,,,,,,,,,,,,,,,,,,,,,,,,,,,Zone subdivision-specific,Supplemental,Low,https://eqlwiki.com/Category:Lower_Guk,https://wiki.project1999.com/Ruins_of_Old_Guk,Verify timer and placeholder.,Yes,1,,,,,,,Unresolved; direct-build or stronger current evidence required,Quarantine,,,,,,,,,,https://eqlwiki.com/Category:Lower_Guk,,2026-07-28,,,,Yes,Partial / conflicting,Unverified lead,No,D,Meaningful current or historical lead without enough support for active promotion.,Spawn unresolved,,,,Unverified current Wiki / inherited classic evidence,,EQL-LOOT-1.0,research,Quarantined,,B24B-UNDEAD-RES-027,,,No,Yes,Quarantined research record; hidden from default loot results.,,,,,,,,,,,,,,,,,,,Open-world indoor dungeon,,,,,,,,,,,,,,,,,,,,,,,,,,,,,,,,,Open World,Open World,,,,,,,,,,,,,,,,,,,,,,,,,,,,,,,,,,,,,,,,,,,,,,,,,,,,,,,,,,,,,,,,,,,,No,,,,,,,,,,,,,,,,,,,,Available,Lower Guk undead-side content group; live side excluded,,,,Confirmed,Unconfirmed,,,,,,B24B-LGUK-UNDEAD,
92,B24B-UNDEAD-RES-028,24B,Antonica,Lower Guk,Wizard Rod ground spawn,,,,,,,,,,,,,,,,,,,,,,,,,,,,,,,,,,,,,,,,,,,,,,Zone subdivision-specific,Supplemental,Low,https://eqlwiki.com/Category:Lower_Guk,https://wiki.project1999.com/Ruins_of_Old_Guk,"Verify current item identity, location, and spawn cycle.",Yes,1,,,,,,,Unresolved; direct-build or stronger current evidence required,Quarantine,,,,,,,,,,https://eqlwiki.com/Category:Lower_Guk,,2026-07-28,,,,Yes,Partial / conflicting,Unverified lead,No,D,Meaningful current or historical lead without enough support for active promotion.,Ground spawn unresolved,,,,Unverified current Wiki / inherited classic evidence,,EQL-LOOT-1.0,research,Quarantined,,B24B-UNDEAD-RES-028,,,No,Yes,Quarantined research record; hidden from default loot results.,,,,,,,,,,,,,,,,,,,Open-world indoor dungeon,,,,,,,,,,,,,,,,,,,,,,,,,,,,,,,,,Open World,Open World,,,,,,,,,,,,,,,,,,,,,,,,,,,,,,,,,,,,,,,,,,,,,,,,,,,,,,,,,,,,,,,,,,,,No,,,,,,,,,,,,,,,,,,,,Available,Lower Guk undead-side content group; live side excluded,,,,Confirmed,Unconfirmed,,,,,,B24B-LGUK-UNDEAD,
93,B24B-UNDEAD-RES-029,24B,Antonica,Lower Guk,Scepter versus Scepter of Tears,,,,,,,,,,,,,,,,,,,,,,,,,,,,,,,,,,,,,,,,,,,,,,Zone subdivision-specific,Supplemental,Low,https://eqlwiki.com/Category:Lower_Guk,https://wiki.project1999.com/Ruins_of_Old_Guk,Resolve current item identity and historic ground-spawn relationship.,Yes,1,,,,,,,Unresolved; direct-build or stronger current evidence required,Quarantine,,,,,,,,,,https://eqlwiki.com/Category:Lower_Guk,,2026-07-28,,,,Yes,Partial / conflicting,Unverified lead,No,D,Meaningful current or historical lead without enough support for active promotion.,Identity conflict,,,,Unverified current Wiki / inherited classic evidence,,EQL-LOOT-1.0,research,Quarantined,,B24B-UNDEAD-RES-029,,,No,Yes,Quarantined research record; hidden from default loot results.,,,,,,,,,,,,,,,,,,,Open-world indoor dungeon,,,,,,,,,,,,,,,,,,,,,,,,,,,,,,,,,Open World,Open World,,,,,,,,,,,,,,,,,,,,,,,,,,,,,,,,,,,,,,,,,,,,,,,,,,,,,,,,,,,,,,,,,,,,No,,,,,,,,,,,,,,,,,,,,Available,Lower Guk undead-side content group; live side excluded,,,,Confirmed,Unconfirmed,,,,,,B24B-LGUK-UNDEAD,
94,B24B-UNDEAD-RES-030,24B,Antonica,Lower Guk,Upper Guk transitions and Safe Hall,,,,,,,,,,,,,,,,,,,,,,,,,,,,,,,,,,,,,,,,,,,,,,Zone subdivision-specific,Supplemental,Low,https://eqlwiki.com/Category:Lower_Guk,https://wiki.project1999.com/Ruins_of_Old_Guk,"Verify current zone lines, pathing, and safety.",Yes,1,,,,,,,Unresolved; direct-build or stronger current evidence required,Quarantine,,,,,,,,,,https://eqlwiki.com/Category:Lower_Guk,,2026-07-28,,,,Yes,Partial / conflicting,Unverified lead,No,D,Meaningful current or historical lead without enough support for active promotion.,Layout unresolved,,,,Unverified current Wiki / inherited classic evidence,,EQL-LOOT-1.0,research,Quarantined,,B24B-UNDEAD-RES-030,,,No,Yes,Quarantined research record; hidden from default loot results.,,,,,,,,,,,,,,,,,,,Open-world indoor dungeon,,,,,,,,,,,,,,,,,,,,,,,,,,,,,,,,,Open World,Open World,,,,,,,,,,,,,,,,,,,,,,,,,,,,,,,,,,,,,,,,,,,,,,,,,,,,,,,,,,,,,,,,,,,,No,,,,,,,,,,,,,,,,,,,,Available,Lower Guk undead-side content group; live side excluded,,,,Confirmed,Unconfirmed,,,,,,B24B-LGUK-UNDEAD,
95,B24B-UNDEAD-RES-031,24B,Antonica,Lower Guk,EQL-exclusive undead-side census,,,,,,,,,,,,,,,,,,,,,,,,,,,,,,,,,,,,,,,,,,,,,,Zone subdivision-specific,Supplemental,Low,https://eqlwiki.com/Category:Lower_Guk,https://wiki.project1999.com/Ruins_of_Old_Guk,Find any new NPCs or items absent from the classic dead-side tables.,Yes,1,,,,,,,Unresolved; direct-build or stronger current evidence required,Quarantine,,,,,,,,,,https://eqlwiki.com/Category:Lower_Guk,,2026-07-28,,,,Yes,Partial / conflicting,Unverified lead,No,D,Meaningful current or historical lead without enough support for active promotion.,Incomplete census,,,,Unverified current Wiki / inherited classic evidence,,EQL-LOOT-1.0,research,Quarantined,,B24B-UNDEAD-RES-031,,,No,Yes,Quarantined research record; hidden from default loot results.,,,,,,,,,,,,,,,,,,,Open-world indoor dungeon,,,,,,,,,,,,,,,,,,,,,,,,,,,,,,,,,Open World,Open World,,,,,,,,,,,,,,,,,,,,,,,,,,,,,,,,,,,,,,,,,,,,,,,,,,,,,,,,,,,,,,,,,,,,No,,,,,,,,,,,,,,,,,,,,Available,Lower Guk undead-side content group; live side excluded,,,,Confirmed,Unconfirmed,,,,,,B24B-LGUK-UNDEAD,
